2026-04-09 13:00:37,design_studio,72:7f:f0:12:cf:83:-70,30:8b:b2:61:de:0f:-70,30:8b:b2:61:de:0a:-71,30:8b:b2:61:de:0b:-71,30:8b:b2:61:de:0e:-71
2026-04-09 13:02:16,design_studio,6c:31:0e:56:e1:25:-44,72:7f:f0:12:cf:83:-55,72:7f:f0:12:cf:80:-55,30:8b:b2:61:de:0a:-55,30:8b:b2:61:de:0b:-55
2026-04-09 13:02:22,design_studio,6c:31:0e:56:e1:25:-40,f8:0b:cb:f3:88:00:-53,6c:31:0e:56:e1:2b:-54,6c:31:0e:56:e1:2a:-54,6c:31:0e:56:e1:2d:-54
2026-04-09 13:02:25,design_studio,6c:31:0e:56:e1:25:-40,f8:0b:cb:f3:88:00:-53,6c:31:0e:56:e1:2b:-54,6c:31:0e:56:e1:2a:-54,6c:31:0e:56:e1:2d:-54
2026-04-09 13:02:27,design_studio,6c:31:0e:56:e1:21:-41,6c:31:0e:56:e1:20:-42,6c:31:0e:56:e1:25:-45,6c:31:0e:56:e1:2b:-54,6c:31:0e:56:e1:2a:-54
2026-04-09 13:02:31,design_studio,6c:31:0e:56:e1:21:-41,6c:31:0e:56:e1:20:-42,6c:31:0e:56:e1:25:-45,6c:31:0e:56:e1:2b:-54,6c:31:0e:56:e1:2a:-54
2026-04-09 13:02:35,design_studio,6c:31:0e:56:e1:25:-47,30:8b:b2:61:de:0a:-53,30:8b:b2:61:de:0b:-53,30:8b:b2:61:de:0e:-53,30:8b:b2:61:de:0f:-53
2026-04-09 13:02:37,design_studio,6c:31:0e:56:e1:25:-47,30:8b:b2:61:de:0a:-53,30:8b:b2:61:de:0b:-53,30:8b:b2:61:de:0e:-53,30:8b:b2:61:de:0f:-53
2026-04-09 13:02:40,design_studio,6c:31:0e:56:e1:25:-47,30:8b:b2:61:de:0a:-53,30:8b:b2:61:de:0b:-53,30:8b:b2:61:de:0e:-53,30:8b:b2:61:de:0f:-53
2026-04-09 13:02:44,design_studio,6c:31:0e:56:e1:20:-43,6c:31:0e:56:e1:25:-44,f8:0b:cb:f3:88:04:-45,f8:0b:cb:f3:88:05:-46,40:01:7a:53:96:85:-55
2026-04-09 13:02:47,design_studio,6c:31:0e:56:e1:20:-43,6c:31:0e:56:e1:25:-44,f8:0b:cb:f3:88:04:-45,f8:0b:cb:f3:88:05:-46,40:01:7a:53:96:85:-55
2026-04-09 13:02:49,design_studio,6c:31:0e:56:e1:22:-48,6c:31:0e:56:e1:23:-48,6c:31:0e:56:e1:20:-49,6c:31:0e:56:e1:21:-49,30:8b:b2:61:de:0a:-49
2026-04-09 13:02:51,design_studio,6c:31:0e:56:e1:22:-48,6c:31:0e:56:e1:23:-48,6c:31:0e:56:e1:20:-49,6c:31:0e:56:e1:21:-49,30:8b:b2:61:de:0a:-49
2026-04-09 13:02:53,design_studio,6c:31:0e:56:e1:22:-48,6c:31:0e:56:e1:23:-48,6c:31:0e:56:e1:20:-49,6c:31:0e:56:e1:21:-49,30:8b:b2:61:de:0a:-49
2026-04-09 13:02:56,design_studio,6c:31:0e:56:e1:25:-43,6c:31:0e:56:e1:24:-51,72:7f:f0:12:cf:83:-55,72:7f:f0:12:cf:80:-57,30:8b:b2:61:de:0a:-62
2026-04-09 13:02:58,design_studio,6c:31:0e:56:e1:25:-43,6c:31:0e:56:e1:24:-51,72:7f:f0:12:cf:83:-55,72:7f:f0:12:cf:80:-57,30:8b:b2:61:de:0a:-62
2026-04-09 13:03:00,design_studio,6c:31:0e:56:e1:25:-43,6c:31:0e:56:e1:24:-51,72:7f:f0:12:cf:83:-55,72:7f:f0:12:cf:80:-57,30:8b:b2:61:de:0a:-62
2026-04-09 13:03:03,design_studio,6c:31:0e:56:e1:25:-44,6c:31:0e:56:e1:24:-45,f8:0b:cb:f3:88:00:-47,f8:0b:cb:f3:88:01:-47,40:01:7a:53:96:80:-56
2026-04-09 13:03:05,design_studio,6c:31:0e:56:e1:25:-44,6c:31:0e:56:e1:24:-45,f8:0b:cb:f3:88:00:-47,f8:0b:cb:f3:88:01:-47,40:01:7a:53:96:80:-56
2026-04-09 13:03:07,design_studio,6c:31:0e:56:e1:25:-44,6c:31:0e:56:e1:24:-45,f8:0b:cb:f3:88:00:-47,f8:0b:cb:f3:88:01:-47,40:01:7a:53:96:80:-56
2026-04-09 13:03:09,design_studio,6c:31:0e:56:e1:25:-44,6c:31:0e:56:e1:24:-45,f8:0b:cb:f3:88:00:-47,f8:0b:cb:f3:88:01:-47,40:01:7a:53:96:80:-56
2026-04-09 13:03:12,design_studio,6c:31:0e:56:e1:25:-48,30:8b:b2:61:de:0b:-52,30:8b:b2:61:de:0f:-52,30:8b:b2:61:de:0c:-52,30:8b:b2:61:de:0a:-53
2026-04-09 13:03:14,design_studio,6c:31:0e:56:e1:25:-48,30:8b:b2:61:de:0b:-52,30:8b:b2:61:de:0f:-52,30:8b:b2:61:de:0c:-52,30:8b:b2:61:de:0a:-53
2026-04-09 13:03:17,design_studio,6c:31:0e:56:e1:25:-42,72:7f:f0:12:cf:83:-55,30:8b:b2:61:de:0a:-56,30:8b:b2:61:de:0b:-56,30:8b:b2:61:de:0e:-56
2026-04-09 13:03:19,design_studio,6c:31:0e:56:e1:25:-42,72:7f:f0:12:cf:83:-55,30:8b:b2:61:de:0a:-56,30:8b:b2:61:de:0b:-56,30:8b:b2:61:de:0e:-56
2026-04-09 13:03:22,design_studio,6c:31:0e:56:e1:25:-42,72:7f:f0:12:cf:83:-55,30:8b:b2:61:de:0a:-56,30:8b:b2:61:de:0b:-56,30:8b:b2:61:de:0e:-56
2026-04-09 13:03:25,design_studio,6c:31:0e:56:e1:21:-39,6c:31:0e:56:e1:22:-40,6c:31:0e:56:e1:20:-42,6c:31:0e:56:e1:25:-43,6c:31:0e:56:e1:2b:-56
2026-04-09 13:03:27,design_studio,6c:31:0e:56:e1:21:-39,6c:31:0e:56:e1:22:-40,6c:31:0e:56:e1:20:-42,6c:31:0e:56:e1:25:-43,6c:31:0e:56:e1:2b:-56
2026-04-09 13:03:30,design_studio,6c:31:0e:56:e1:25:-49,f8:0b:cb:f3:88:00:-54,f8:0b:cb:f3:88:01:-54,6c:31:0e:56:e1:2a:-59,72:7f:f0:12:cf:80:-60
2026-04-09 13:03:32,design_studio,6c:31:0e:56:e1:25:-49,f8:0b:cb:f3:88:00:-54,f8:0b:cb:f3:88:01:-54,6c:31:0e:56:e1:2a:-59,72:7f:f0:12:cf:80:-60
2026-04-09 13:03:35,design_studio,6c:31:0e:56:e1:25:-49,f8:0b:cb:f3:88:00:-54,f8:0b:cb:f3:88:01:-54,6c:31:0e:56:e1:2a:-59,72:7f:f0:12:cf:80:-60
2026-04-09 13:03:38,design_studio,6c:31:0e:56:e1:25:-48,72:7f:f0:12:cf:84:-53,30:8b:b2:61:de:0a:-54,30:8b:b2:61:de:0b:-54,30:8b:b2:61:de:0e:-54
2026-04-09 13:03:39,design_studio,6c:31:0e:56:e1:25:-48,72:7f:f0:12:cf:84:-53,30:8b:b2:61:de:0a:-54,30:8b:b2:61:de:0b:-54,30:8b:b2:61:de:0e:-54
2026-04-09 13:03:42,design_studio,6c:31:0e:56:e1:25:-48,72:7f:f0:12:cf:84:-53,30:8b:b2:61:de:0a:-54,30:8b:b2:61:de:0b:-54,30:8b:b2:61:de:0e:-54
2026-04-09 13:03:46,design_studio,6c:31:0e:56:e1:25:-44,30:8b:b2:61:de:0a:-49,30:8b:b2:61:de:0b:-49,30:8b:b2:61:de:0e:-49,30:8b:b2:61:de:0f:-49
2026-04-09 13:03:50,design_studio,6c:31:0e:56:e1:25:-44,30:8b:b2:61:de:0a:-49,30:8b:b2:61:de:0b:-49,30:8b:b2:61:de:0e:-49,30:8b:b2:61:de:0f:-49
2026-04-09 13:03:53,design_studio,f8:0b:cb:f3:88:00:-46,f8:0b:cb:f3:88:01:-46,6c:31:0e:56:e1:25:-48,40:01:7a:53:96:81:-56,40:01:7a:53:96:80:-56
2026-04-09 13:03:57,design_studio,f8:0b:cb:f3:88:00:-46,f8:0b:cb:f3:88:01:-46,6c:31:0e:56:e1:25:-48,40:01:7a:53:96:81:-56,40:01:7a:53:96:80:-56
2026-04-09 13:04:00,design_studio,6c:31:0e:56:e1:22:-41,6c:31:0e:56:e1:20:-42,6c:31:0e:56:e1:23:-43,6c:31:0e:56:e1:25:-46,6c:31:0e:56:e1:2b:-51
2026-04-09 13:04:02,design_studio,6c:31:0e:56:e1:22:-41,6c:31:0e:56:e1:20:-42,6c:31:0e:56:e1:23:-43,6c:31:0e:56:e1:25:-46,6c:31:0e:56:e1:2b:-51
2026-04-09 13:04:04,design_studio,6c:31:0e:56:e1:22:-41,6c:31:0e:56:e1:20:-42,6c:31:0e:56:e1:23:-43,6c:31:0e:56:e1:25:-46,6c:31:0e:56:e1:2b:-51
2026-04-09 13:05:23,aid_lab,6c:31:0e:56:e1:20:-32,6c:31:0e:56:e1:25:-42,40:01:7a:53:97:24:-54,40:01:7a:53:97:23:-54,40:01:7a:53:97:21:-54
2026-04-09 13:05:28,aid_lab,6c:31:0e:56:e1:25:-33,6c:31:0e:56:e1:2f:-49,f8:0b:cb:f3:88:00:-50,f8:0b:cb:f3:88:01:-50,6c:31:0e:56:e1:2b:-50
2026-04-09 13:05:33,aid_lab,6c:31:0e:56:e1:25:-31,6c:31:0e:56:e1:24:-37,6c:31:0e:56:e1:2f:-46,f8:0b:cb:f3:88:01:-47,6c:31:0e:56:e1:2b:-48
2026-04-09 13:05:38,aid_lab,6c:31:0e:56:e1:25:-31,6c:31:0e:56:e1:24:-37,6c:31:0e:56:e1:2f:-46,f8:0b:cb:f3:88:01:-47,6c:31:0e:56:e1:2b:-48
2026-04-09 13:05:41,aid_lab,6c:31:0e:56:e1:25:-31,6c:31:0e:56:e1:24:-37,6c:31:0e:56:e1:2f:-46,f8:0b:cb:f3:88:01:-47,6c:31:0e:56:e1:2b:-48
2026-04-09 13:05:44,aid_lab,6c:31:0e:56:e1:24:-31,6c:31:0e:56:e1:22:-32,6c:31:0e:56:e1:21:-32,6c:31:0e:56:e1:23:-32,6c:31:0e:56:e1:20:-33
2026-04-09 13:05:47,aid_lab,6c:31:0e:56:e1:24:-31,6c:31:0e:56:e1:22:-32,6c:31:0e:56:e1:21:-32,6c:31:0e:56:e1:23:-32,6c:31:0e:56:e1:20:-33
2026-04-09 13:05:51,aid_lab,6c:31:0e:56:e1:24:-31,6c:31:0e:56:e1:22:-32,6c:31:0e:56:e1:21:-32,6c:31:0e:56:e1:23:-32,6c:31:0e:56:e1:20:-33
2026-04-09 13:05:54,aid_lab,6c:31:0e:56:e1:25:-32,6c:31:0e:56:e1:2a:-43,6c:31:0e:56:e1:2d:-43,6c:31:0e:56:e1:2c:-43,6c:31:0e:56:e1:2f:-43
2026-04-09 13:06:00,aid_lab,6c:31:0e:56:e1:25:-30,6c:31:0e:56:e1:2e:-41,6c:31:0e:56:e1:2b:-42,6c:31:0e:56:e1:2a:-42,6c:31:0e:56:e1:2d:-42
2026-04-09 13:06:05,aid_lab,6c:31:0e:56:e1:25:-30,6c:31:0e:56:e1:2e:-41,6c:31:0e:56:e1:2b:-42,6c:31:0e:56:e1:2a:-42,6c:31:0e:56:e1:2d:-42
2026-04-09 13:06:13,aid_lab,6c:31:0e:56:e1:20:-29,6c:31:0e:56:e1:22:-29,6c:31:0e:56:e1:21:-29,6c:31:0e:56:e1:24:-29,6c:31:0e:56:e1:23:-29
2026-04-09 13:06:16,aid_lab,6c:31:0e:56:e1:20:-29,6c:31:0e:56:e1:22:-29,6c:31:0e:56:e1:21:-29,6c:31:0e:56:e1:24:-29,6c:31:0e:56:e1:23:-29
2026-04-09 13:06:19,aid_lab,6c:31:0e:56:e1:20:-29,6c:31:0e:56:e1:22:-29,6c:31:0e:56:e1:21:-29,6c:31:0e:56:e1:24:-29,6c:31:0e:56:e1:25:-32
2026-04-09 13:06:24,aid_lab,6c:31:0e:56:e1:25:-34,6c:31:0e:56:e1:2b:-38,6c:31:0e:56:e1:2a:-38,6c:31:0e:56:e1:2d:-38,6c:31:0e:56:e1:2f:-38
2026-04-09 13:06:26,aid_lab,6c:31:0e:56:e1:25:-34,6c:31:0e:56:e1:2b:-38,6c:31:0e:56:e1:2a:-38,6c:31:0e:56:e1:2d:-38,6c:31:0e:56:e1:2f:-38
2026-04-09 13:06:31,aid_lab,6c:31:0e:56:e1:25:-34,6c:31:0e:56:e1:2b:-38,6c:31:0e:56:e1:2a:-38,6c:31:0e:56:e1:2d:-38,6c:31:0e:56:e1:2f:-38
2026-04-09 13:06:35,aid_lab,6c:31:0e:56:e1:22:-28,6c:31:0e:56:e1:21:-28,6c:31:0e:56:e1:24:-28,6c:31:0e:56:e1:23:-28,6c:31:0e:56:e1:25:-30
2026-04-09 13:06:37,aid_lab,6c:31:0e:56:e1:22:-28,6c:31:0e:56:e1:21:-28,6c:31:0e:56:e1:24:-28,6c:31:0e:56:e1:23:-28,6c:31:0e:56:e1:25:-30
2026-04-09 13:06:40,aid_lab,6c:31:0e:56:e1:22:-28,6c:31:0e:56:e1:21:-28,6c:31:0e:56:e1:24:-28,6c:31:0e:56:e1:23:-28,6c:31:0e:56:e1:25:-30
2026-04-09 13:06:42,aid_lab,6c:31:0e:56:e1:22:-30,6c:31:0e:56:e1:21:-30,6c:31:0e:56:e1:24:-30,6c:31:0e:56:e1:23:-30,6c:31:0e:56:e1:25:-30
2026-04-09 13:06:44,aid_lab,6c:31:0e:56:e1:22:-30,6c:31:0e:56:e1:21:-30,6c:31:0e:56:e1:24:-30,6c:31:0e:56:e1:23:-30,6c:31:0e:56:e1:25:-30
2026-04-09 13:06:47,aid_lab,6c:31:0e:56:e1:25:-33,6c:31:0e:56:e1:2b:-35,6c:31:0e:56:e1:2a:-35,6c:31:0e:56:e1:2d:-35,6c:31:0e:56:e1:2c:-35
2026-04-09 13:06:51,aid_lab,6c:31:0e:56:e1:25:-33,6c:31:0e:56:e1:2b:-35,6c:31:0e:56:e1:2a:-35,6c:31:0e:56:e1:2d:-35,6c:31:0e:56:e1:2c:-35
2026-04-09 13:06:54,aid_lab,6c:31:0e:56:e1:25:-33,6c:31:0e:56:e1:2b:-35,6c:31:0e:56:e1:2a:-35,6c:31:0e:56:e1:2d:-35,6c:31:0e:56:e1:2c:-35
2026-04-09 13:06:56,aid_lab,6c:31:0e:56:e1:23:-32,6c:31:0e:56:e1:24:-33,6c:31:0e:56:e1:25:-36,6c:31:0e:56:e1:2a:-38,6c:31:0e:56:e1:2d:-38
2026-04-09 13:06:58,aid_lab,6c:31:0e:56:e1:23:-32,6c:31:0e:56:e1:24:-33,6c:31:0e:56:e1:25:-36,6c:31:0e:56:e1:2a:-38,6c:31:0e:56:e1:2d:-38
2026-04-09 13:07:04,aid_lab,6c:31:0e:56:e1:25:-39,40:01:7a:53:96:85:-44,f8:0b:cb:f3:88:04:-49,2e:98:11:8b:1f:9e:-50,6c:31:0e:56:e1:2a:-50
2026-04-09 13:07:06,aid_lab,6c:31:0e:56:e1:25:-39,40:01:7a:53:96:85:-44,f8:0b:cb:f3:88:04:-49,2e:98:11:8b:1f:9e:-50,6c:31:0e:56:e1:2a:-50
2026-04-09 13:07:10,aid_lab,6c:31:0e:56:e1:20:-39,6c:31:0e:56:e1:25:-45,6c:31:0e:56:e1:2b:-52,6c:31:0e:56:e1:2c:-53,6c:31:0e:56:e1:2a:-54
2026-04-09 13:07:12,aid_lab,6c:31:0e:56:e1:20:-39,6c:31:0e:56:e1:25:-45,6c:31:0e:56:e1:2b:-52,6c:31:0e:56:e1:2c:-53,6c:31:0e:56:e1:2a:-54
2026-04-09 13:07:16,aid_lab,6c:31:0e:56:e1:25:-44,6c:31:0e:56:e1:20:-45,6c:31:0e:56:e1:22:-45,6c:31:0e:56:e1:21:-45,6c:31:0e:56:e1:23:-45
2026-04-09 13:07:18,aid_lab,6c:31:0e:56:e1:25:-44,6c:31:0e:56:e1:20:-45,6c:31:0e:56:e1:22:-45,6c:31:0e:56:e1:21:-45,6c:31:0e:56:e1:23:-45
2026-04-09 13:07:21,aid_lab,6c:31:0e:56:e1:25:-44,6c:31:0e:56:e1:20:-45,6c:31:0e:56:e1:22:-45,6c:31:0e:56:e1:21:-45,6c:31:0e:56:e1:23:-45
2026-04-09 13:07:24,aid_lab,6c:31:0e:56:e1:20:-45,6c:31:0e:56:e1:22:-45,6c:31:0e:56:e1:21:-46,40:01:7a:53:96:8a:-46,40:01:7a:53:96:8c:-46
2026-04-09 13:07:26,aid_lab,6c:31:0e:56:e1:20:-45,6c:31:0e:56:e1:22:-45,6c:31:0e:56:e1:21:-46,40:01:7a:53:96:8a:-46,40:01:7a:53:96:8c:-46
2026-04-09 13:07:29,aid_lab,6c:31:0e:56:e1:20:-45,6c:31:0e:56:e1:22:-45,6c:31:0e:56:e1:21:-46,40:01:7a:53:96:8a:-46,40:01:7a:53:96:8c:-46
2026-04-09 13:07:33,aid_lab,6c:31:0e:56:e1:25:-49,6c:31:0e:56:e1:20:-54,6c:31:0e:56:e1:21:-54,00:df:1d:62:f9:45:-56,00:df:1d:62:f9:44:-56
2026-04-09 13:07:36,aid_lab,6c:31:0e:56:e1:25:-49,6c:31:0e:56:e1:20:-54,6c:31:0e:56:e1:21:-54,00:df:1d:62:f9:45:-56,00:df:1d:62:f9:44:-56
2026-04-09 13:07:42,aid_lab,6c:31:0e:56:e1:25:-45,2e:98:11:8b:1f:9e:-54,40:01:7a:53:96:8a:-55,40:01:7a:53:96:8e:-55,40:01:7a:53:96:8d:-55
2026-04-09 13:31:05,ci_lab,5c:60:ba:2c:29:05:-44,2e:98:11:8b:1f:9e:-50,6c:31:0e:56:e1:20:-51,6c:31:0e:56:e1:23:-51,6c:31:0e:56:e1:22:-52
2026-04-09 13:31:13,ci_lab,40:01:7a:53:96:84:-38,f8:0b:cb:f3:88:03:-40,f8:0b:cb:f3:88:04:-40,f8:0b:cb:f3:88:05:-40,40:01:7a:53:96:8d:-46
2026-04-09 13:31:17,ci_lab,40:01:7a:53:96:84:-38,f8:0b:cb:f3:88:03:-40,f8:0b:cb:f3:88:04:-40,f8:0b:cb:f3:88:05:-40,40:01:7a:53:96:8d:-46
2026-04-09 13:31:20,ci_lab,40:01:7a:53:96:80:-35,40:01:7a:53:96:8e:-45,40:01:7a:53:96:8d:-45,40:01:7a:53:96:8c:-45,40:01:7a:53:96:8b:-45
2026-04-09 13:31:22,ci_lab,40:01:7a:53:96:80:-35,40:01:7a:53:96:8e:-45,40:01:7a:53:96:8d:-45,40:01:7a:53:96:8c:-45,40:01:7a:53:96:8b:-45
2026-04-09 13:31:25,ci_lab,40:01:7a:53:96:80:-35,40:01:7a:53:96:8e:-45,40:01:7a:53:96:8d:-45,40:01:7a:53:96:8c:-45,40:01:7a:53:96:8b:-45
2026-04-09 13:31:27,ci_lab,6c:31:0e:56:e1:25:-45,40:01:7a:53:96:8a:-46,40:01:7a:53:96:8e:-48,40:01:7a:53:96:8d:-48,40:01:7a:53:96:8c:-48
2026-04-09 13:31:30,ci_lab,6c:31:0e:56:e1:25:-45,40:01:7a:53:96:8a:-46,40:01:7a:53:96:8e:-48,40:01:7a:53:96:8d:-48,40:01:7a:53:96:8c:-48
2026-04-09 13:31:32,ci_lab,6c:31:0e:56:e1:25:-45,40:01:7a:53:96:8a:-46,40:01:7a:53:96:8e:-48,40:01:7a:53:96:8d:-48,40:01:7a:53:96:8c:-48
2026-04-09 13:31:35,ci_lab,40:01:7a:53:96:8d:-38,40:01:7a:53:96:8e:-39,40:01:7a:53:96:8c:-39,40:01:7a:53:96:8b:-39,40:01:7a:53:96:8f:-39
2026-04-09 13:31:38,ci_lab,40:01:7a:53:96:8d:-38,40:01:7a:53:96:8e:-39,40:01:7a:53:96:8c:-39,40:01:7a:53:96:8b:-39,40:01:7a:53:96:8f:-39
2026-04-09 13:31:40,ci_lab,6c:31:0e:56:e1:24:-41,6c:31:0e:56:e1:23:-41,6c:31:0e:56:e1:22:-42,6c:31:0e:56:e1:21:-42,f8:0b:cb:f3:88:01:-43
2026-04-09 13:31:44,ci_lab,6c:31:0e:56:e1:24:-41,6c:31:0e:56:e1:23:-41,6c:31:0e:56:e1:22:-42,6c:31:0e:56:e1:21:-42,f8:0b:cb:f3:88:01:-43
2026-04-09 13:31:48,ci_lab,6c:31:0e:56:e1:24:-41,6c:31:0e:56:e1:23:-41,6c:31:0e:56:e1:22:-42,6c:31:0e:56:e1:21:-42,f8:0b:cb:f3:88:01:-43
2026-04-09 13:31:52,ci_lab,6c:31:0e:56:e1:25:-42,f8:0b:cb:f3:88:05:-43,40:01:7a:53:96:8d:-45,40:01:7a:53:96:8b:-46,40:01:7a:53:96:8a:-46
2026-04-09 13:31:55,ci_lab,6c:31:0e:56:e1:25:-42,f8:0b:cb:f3:88:05:-43,40:01:7a:53:96:8d:-45,40:01:7a:53:96:8b:-46,40:01:7a:53:96:8a:-46
2026-04-09 13:31:58,ci_lab,40:01:7a:53:96:8e:-38,40:01:7a:53:96:8f:-38,40:01:7a:53:96:8d:-39,40:01:7a:53:96:8c:-39,40:01:7a:53:96:8b:-39
2026-04-09 13:32:00,ci_lab,40:01:7a:53:96:8e:-38,40:01:7a:53:96:8f:-38,40:01:7a:53:96:8d:-39,40:01:7a:53:96:8c:-39,40:01:7a:53:96:8b:-39
2026-04-09 13:32:04,ci_lab,40:01:7a:53:96:8e:-46,40:01:7a:53:96:8b:-46,6c:31:0e:56:e1:25:-47,40:01:7a:53:96:8d:-47,40:01:7a:53:96:8c:-47
2026-04-09 13:32:06,ci_lab,40:01:7a:53:96:8e:-46,40:01:7a:53:96:8b:-46,6c:31:0e:56:e1:25:-47,40:01:7a:53:96:8d:-47,40:01:7a:53:96:8c:-47
2026-04-09 13:32:10,ci_lab,40:01:7a:53:96:8e:-46,40:01:7a:53:96:8b:-46,6c:31:0e:56:e1:25:-47,40:01:7a:53:96:8d:-47,40:01:7a:53:96:8c:-47
2026-04-09 13:32:13,ci_lab,40:01:7a:53:96:84:-33,40:01:7a:53:96:85:-35,6c:31:0e:56:e1:25:-42,40:01:7a:53:96:8e:-43,40:01:7a:53:96:8d:-43
2026-04-09 13:32:14,ci_lab,40:01:7a:53:96:84:-33,40:01:7a:53:96:85:-35,6c:31:0e:56:e1:25:-42,40:01:7a:53:96:8e:-43,40:01:7a:53:96:8d:-43
2026-04-09 13:32:20,ci_lab,6c:31:0e:56:e1:25:-38,00:df:1d:62:f9:45:-52,00:df:1d:62:f9:44:-52,00:df:1d:62:f9:43:-52,00:df:1d:62:f9:42:-52
2026-04-09 13:32:21,ci_lab,6c:31:0e:56:e1:25:-38,00:df:1d:62:f9:45:-52,00:df:1d:62:f9:44:-52,00:df:1d:62:f9:43:-52,00:df:1d:62:f9:42:-52
2026-04-09 13:32:26,ci_lab,40:01:7a:53:96:81:-35,6c:31:0e:56:e1:25:-44,5c:60:ba:2c:29:05:-47,f8:0b:cb:f3:88:00:-47,2e:98:11:8b:1f:9e:-54
2026-04-09 13:32:27,ci_lab,40:01:7a:53:96:81:-35,6c:31:0e:56:e1:25:-44,5c:60:ba:2c:29:05:-47,f8:0b:cb:f3:88:00:-47,2e:98:11:8b:1f:9e:-54
2026-04-09 13:32:30,ci_lab,40:01:7a:53:96:81:-35,6c:31:0e:56:e1:25:-44,5c:60:ba:2c:29:05:-47,f8:0b:cb:f3:88:00:-47,2e:98:11:8b:1f:9e:-54
2026-04-09 13:32:33,ci_lab,40:01:7a:53:96:80:-35,6c:31:0e:56:e1:24:-43,6c:31:0e:56:e1:25:-43,40:01:7a:53:96:8e:-45,40:01:7a:53:96:8d:-45
2026-04-09 13:32:34,ci_lab,40:01:7a:53:96:80:-35,6c:31:0e:56:e1:24:-43,6c:31:0e:56:e1:25:-43,40:01:7a:53:96:8e:-45,40:01:7a:53:96:8d:-45
2026-04-09 13:32:36,ci_lab,40:01:7a:53:96:80:-35,6c:31:0e:56:e1:24:-43,6c:31:0e:56:e1:25:-43,40:01:7a:53:96:8e:-45,40:01:7a:53:96:8d:-45
2026-04-09 13:32:39,ci_lab,40:01:7a:53:96:80:-35,6c:31:0e:56:e1:24:-43,6c:31:0e:56:e1:25:-43,40:01:7a:53:96:8e:-45,40:01:7a:53:96:8d:-45
2026-04-09 13:32:42,ci_lab,6c:31:0e:56:e1:25:-42,6c:31:0e:56:e1:20:-43,40:01:7a:53:96:8e:-43,40:01:7a:53:96:8d:-43,40:01:7a:53:96:8c:-43
2026-04-09 13:32:44,ci_lab,6c:31:0e:56:e1:25:-42,6c:31:0e:56:e1:20:-43,40:01:7a:53:96:8e:-43,40:01:7a:53:96:8d:-43,40:01:7a:53:96:8c:-43
2026-04-09 13:32:48,ci_lab,6c:31:0e:56:e1:25:-42,40:01:7a:53:96:80:-42,f8:0b:cb:f3:88:01:-49,f8:0b:cb:f3:88:00:-50,5c:60:ba:2c:29:05:-54
2026-04-09 13:32:50,ci_lab,6c:31:0e:56:e1:25:-42,40:01:7a:53:96:80:-42,f8:0b:cb:f3:88:01:-49,f8:0b:cb:f3:88:00:-50,5c:60:ba:2c:29:05:-54
2026-04-09 13:32:53,ci_lab,6c:31:0e:56:e1:25:-37,40:01:7a:53:96:8d:-49,f8:0b:cb:f3:88:04:-49,40:01:7a:53:96:8e:-50,2e:98:11:8b:1f:9e:-50
2026-04-09 13:32:55,ci_lab,6c:31:0e:56:e1:25:-37,40:01:7a:53:96:8d:-49,f8:0b:cb:f3:88:04:-49,40:01:7a:53:96:8e:-50,2e:98:11:8b:1f:9e:-50
2026-04-09 13:32:58,ci_lab,6c:31:0e:56:e1:25:-37,40:01:7a:53:96:8d:-49,f8:0b:cb:f3:88:04:-49,40:01:7a:53:96:8e:-50,2e:98:11:8b:1f:9e:-50
2026-04-09 13:33:01,ci_lab,6c:31:0e:56:e1:25:-41,6c:31:0e:56:e1:2d:-50,6c:31:0e:56:e1:2b:-51,6c:31:0e:56:e1:2a:-51,6c:31:0e:56:e1:2c:-51
2026-04-09 13:33:03,ci_lab,6c:31:0e:56:e1:25:-41,6c:31:0e:56:e1:2d:-50,6c:31:0e:56:e1:2b:-51,6c:31:0e:56:e1:2a:-51,6c:31:0e:56:e1:2c:-51
2026-04-09 13:33:25,midas_lab,f8:0b:cb:f3:88:01:-37,40:01:7a:53:97:24:-48,40:01:7a:53:97:23:-48,40:01:7a:53:97:22:-48,40:01:7a:53:97:21:-48
2026-04-09 13:33:38,midas_lab,f8:0b:cb:f3:88:00:-40,40:01:7a:53:96:80:-49,40:01:7a:53:96:8e:-59,40:01:7a:53:96:8d:-59,40:01:7a:53:96:8c:-59
2026-04-09 13:33:47,midas_lab,f8:0b:cb:f3:88:00:-35,f8:0b:cb:f3:88:01:-35,f8:0b:cb:f3:88:0e:-43,f8:0b:cb:f3:88:0a:-44,f8:0b:cb:f3:88:0b:-44
2026-04-09 13:33:55,midas_lab,f8:0b:cb:f3:88:05:-24,f8:0b:cb:f3:88:04:-27,40:01:7a:53:96:85:-44,f8:0b:cb:f3:88:0a:-47,f8:0b:cb:f3:88:0b:-48
2026-04-09 13:34:00,midas_lab,f8:0b:cb:f3:88:00:-25,f8:0b:cb:f3:88:0b:-38,f8:0b:cb:f3:88:0d:-38,f8:0b:cb:f3:88:0e:-38,f8:0b:cb:f3:88:0f:-38
2026-04-09 13:34:03,midas_lab,f8:0b:cb:f3:88:00:-25,f8:0b:cb:f3:88:0b:-38,f8:0b:cb:f3:88:0d:-38,f8:0b:cb:f3:88:0e:-38,f8:0b:cb:f3:88:0f:-38
2026-04-09 13:34:07,midas_lab,f8:0b:cb:f3:88:00:-26,f8:0b:cb:f3:88:0a:-40,f8:0b:cb:f3:88:0b:-40,f8:0b:cb:f3:88:0c:-40,f8:0b:cb:f3:88:0e:-40
2026-04-09 13:34:15,midas_lab,f8:0b:cb:f3:88:00:-31,f8:0b:cb:f3:88:01:-31,6c:31:0e:56:e1:25:-52,f8:0b:cb:f3:88:0e:-58,f8:0b:cb:f3:88:0f:-58
2026-04-09 13:34:23,midas_lab,40:01:7a:53:97:24:-46,40:01:7a:53:97:21:-46,40:01:7a:53:97:25:-46,40:01:7a:53:97:20:-47,40:01:7a:53:97:23:-47
2026-04-09 13:34:27,midas_lab,f8:0b:cb:f3:88:00:-33,f8:0b:cb:f3:88:01:-33,f8:0b:cb:f3:88:0a:-48,f8:0b:cb:f3:88:0d:-48,f8:0b:cb:f3:88:0e:-48
2026-04-09 13:34:32,midas_lab,f8:0b:cb:f3:88:00:-33,f8:0b:cb:f3:88:01:-33,f8:0b:cb:f3:88:0a:-48,f8:0b:cb:f3:88:0d:-48,f8:0b:cb:f3:88:0e:-48
2026-04-09 13:34:35,midas_lab,40:01:7a:53:97:23:-45,40:01:7a:53:97:22:-45,40:01:7a:53:97:20:-46,40:01:7a:53:97:24:-46,40:01:7a:53:97:21:-46
2026-04-09 13:34:39,midas_lab,40:01:7a:53:97:23:-45,40:01:7a:53:97:22:-45,40:01:7a:53:97:20:-46,40:01:7a:53:97:24:-46,40:01:7a:53:97:21:-46
2026-04-09 13:34:43,midas_lab,f8:0b:cb:f3:88:00:-44,40:01:7a:53:96:80:-47,f8:0b:cb:f3:88:0b:-48,f8:0b:cb:f3:88:0c:-48,f8:0b:cb:f3:88:0d:-48
2026-04-09 13:34:47,midas_lab,f8:0b:cb:f3:88:00:-44,40:01:7a:53:96:80:-47,f8:0b:cb:f3:88:0b:-48,f8:0b:cb:f3:88:0c:-48,f8:0b:cb:f3:88:0d:-48
2026-04-09 13:34:51,midas_lab,f8:0b:cb:f3:88:00:-30,f8:0b:cb:f3:88:0a:-50,f8:0b:cb:f3:88:0e:-50,f8:0b:cb:f3:88:0f:-50,6c:31:0e:56:e1:25:-50
2026-04-09 13:34:55,midas_lab,f8:0b:cb:f3:88:01:-27,f8:0b:cb:f3:88:0a:-45,f8:0b:cb:f3:88:0b:-45,f8:0b:cb:f3:88:0c:-45,f8:0b:cb:f3:88:0d:-45
2026-04-09 13:34:59,midas_lab,f8:0b:cb:f3:88:01:-27,f8:0b:cb:f3:88:0a:-45,f8:0b:cb:f3:88:0b:-45,f8:0b:cb:f3:88:0c:-45,f8:0b:cb:f3:88:0d:-45
2026-04-09 13:35:07,midas_lab,f8:0b:cb:f3:88:00:-33,f8:0b:cb:f3:88:01:-33,f8:0b:cb:f3:88:0b:-39,f8:0b:cb:f3:88:0c:-39,f8:0b:cb:f3:88:0d:-39
2026-04-09 13:35:15,midas_lab,f8:0b:cb:f3:88:00:-28,f8:0b:cb:f3:88:01:-28,f8:0b:cb:f3:88:0d:-48,6c:31:0e:56:e1:25:-48,f8:0b:cb:f3:88:0a:-49
2026-04-09 13:35:24,midas_lab,f8:0b:cb:f3:88:0d:-45,f8:0b:cb:f3:88:0e:-45,f8:0b:cb:f3:88:0f:-45,f8:0b:cb:f3:88:0a:-46,f8:0b:cb:f3:88:0b:-46
2026-04-09 13:35:32,midas_lab,f8:0b:cb:f3:88:00:-30,f8:0b:cb:f3:88:0a:-47,f8:0b:cb:f3:88:0b:-48,f8:0b:cb:f3:88:0c:-48,f8:0b:cb:f3:88:0d:-48
2026-04-09 13:35:37,midas_lab,f8:0b:cb:f3:88:00:-37,f8:0b:cb:f3:88:01:-37,f8:0b:cb:f3:88:0a:-45,f8:0b:cb:f3:88:0b:-45,f8:0b:cb:f3:88:0c:-45
2026-04-09 13:36:04,hmi_lab,40:01:7a:53:97:25:-41,f8:0b:cb:f3:88:0a:-55,f8:0b:cb:f3:88:0b:-55,f8:0b:cb:f3:88:0c:-55,f8:0b:cb:f3:88:0d:-55
2026-04-09 13:36:11,hmi_lab,40:01:7a:53:97:2d:-44,40:01:7a:53:97:2c:-44,40:01:7a:53:97:2b:-44,40:01:7a:53:97:2a:-44,40:01:7a:53:97:2f:-44
2026-04-09 13:36:20,hmi_lab,f8:0b:cb:f3:88:05:-37,40:01:7a:53:97:23:-39,40:01:7a:53:97:22:-39,40:01:7a:53:97:21:-39,40:01:7a:53:97:25:-39
2026-04-09 13:36:38,hmi_lab,40:01:7a:53:97:20:-37,40:01:7a:53:97:24:-37,40:01:7a:53:97:22:-37,40:01:7a:53:97:25:-37,40:01:7a:53:97:23:-39
2026-04-09 13:36:41,hmi_lab,40:01:7a:53:97:20:-36,40:01:7a:53:97:24:-36,40:01:7a:53:97:23:-36,40:01:7a:53:97:22:-36,40:01:7a:53:97:21:-37
2026-04-09 13:36:49,hmi_lab,40:01:7a:53:97:20:-36,40:01:7a:53:97:22:-36,40:01:7a:53:97:21:-36,40:01:7a:53:97:2a:-39,40:01:7a:53:97:2d:-40
2026-04-09 13:36:56,hmi_lab,40:01:7a:53:97:24:-35,40:01:7a:53:97:25:-35,40:01:7a:53:97:2d:-43,40:01:7a:53:97:2c:-43,40:01:7a:53:97:2b:-43
2026-04-09 13:36:57,hmi_lab,40:01:7a:53:97:24:-35,40:01:7a:53:97:25:-35,40:01:7a:53:97:2d:-43,40:01:7a:53:97:2c:-43,40:01:7a:53:97:2b:-43
2026-04-09 13:36:58,hmi_lab,40:01:7a:53:97:24:-35,40:01:7a:53:97:25:-35,40:01:7a:53:97:2d:-43,40:01:7a:53:97:2c:-43,40:01:7a:53:97:2b:-43
2026-04-09 13:36:59,hmi_lab,40:01:7a:53:97:24:-35,40:01:7a:53:97:25:-35,40:01:7a:53:97:2d:-43,40:01:7a:53:97:2c:-43,40:01:7a:53:97:2b:-43
2026-04-09 13:37:02,hmi_lab,40:01:7a:53:97:2d:-39,40:01:7a:53:97:2b:-39,40:01:7a:53:97:2a:-39,40:01:7a:53:97:2f:-39,40:01:7a:53:97:2e:-39
2026-04-09 13:37:08,hmi_lab,40:01:7a:53:97:24:-33,40:01:7a:53:97:25:-33,40:01:7a:53:97:2d:-47,40:01:7a:53:97:2b:-47,40:01:7a:53:97:2a:-47
2026-04-09 13:37:11,hmi_lab,40:01:7a:53:97:24:-33,40:01:7a:53:97:25:-33,40:01:7a:53:97:2d:-47,40:01:7a:53:97:2b:-47,40:01:7a:53:97:2a:-47
2026-04-09 13:37:16,hmi_lab,40:01:7a:53:97:23:-23,40:01:7a:53:97:20:-25,40:01:7a:53:97:22:-25,40:01:7a:53:97:21:-25,40:01:7a:53:97:24:-26
2026-04-09 13:37:20,hmi_lab,40:01:7a:53:97:23:-23,40:01:7a:53:97:20:-25,40:01:7a:53:97:22:-25,40:01:7a:53:97:21:-25,40:01:7a:53:97:24:-26
2026-04-09 13:37:24,hmi_lab,40:01:7a:53:97:2f:-43,40:01:7a:53:97:2e:-44,40:01:7a:53:97:2d:-45,40:01:7a:53:97:2c:-45,40:01:7a:53:97:2b:-45
2026-04-09 13:37:28,hmi_lab,40:01:7a:53:97:2f:-43,40:01:7a:53:97:2e:-44,40:01:7a:53:97:2d:-45,40:01:7a:53:97:2c:-45,40:01:7a:53:97:2b:-45
2026-04-09 13:37:32,hmi_lab,40:01:7a:53:97:2d:-43,40:01:7a:53:97:2c:-43,40:01:7a:53:97:2b:-43,40:01:7a:53:97:2a:-43,40:01:7a:53:97:2f:-43
2026-04-09 13:37:39,hmi_lab,f8:0b:cb:f3:88:00:-49,f8:0b:cb:f3:88:01:-49,40:01:7a:53:97:2b:-57,40:01:7a:53:97:2a:-57,40:01:7a:53:97:2d:-58
2026-04-09 13:37:41,hmi_lab,f8:0b:cb:f3:88:00:-49,f8:0b:cb:f3:88:01:-49,40:01:7a:53:97:2b:-57,40:01:7a:53:97:2a:-57,40:01:7a:53:97:2d:-58
2026-04-09 13:37:48,hmi_lab,40:01:7a:53:97:25:-37,32:13:8b:51:cc:00:-56,6c:31:0e:56:e1:25:-57,40:01:7a:53:97:2d:-58,40:01:7a:53:97:2c:-58
2026-04-09 14:01:57,open-area,ba:9d:95:b6:1c:26:-39,30:8b:b2:61:de:0b:-51,30:8b:b2:61:de:0e:-51,30:8b:b2:61:de:0f:-51,30:8b:b2:61:de:0c:-51
2026-04-09 14:02:06,open-area,30:8b:b2:61:de:0a:-55,30:8b:b2:61:de:0e:-55,72:7f:f0:12:cf:83:-56,30:8b:b2:61:de:0b:-56,30:8b:b2:61:de:0f:-56
2026-04-09 14:02:07,open-area,30:8b:b2:61:de:0a:-55,30:8b:b2:61:de:0e:-55,72:7f:f0:12:cf:83:-56,30:8b:b2:61:de:0b:-56,30:8b:b2:61:de:0f:-56
2026-04-09 14:02:08,open-area,30:8b:b2:61:de:0a:-55,30:8b:b2:61:de:0e:-55,72:7f:f0:12:cf:83:-56,30:8b:b2:61:de:0b:-56,30:8b:b2:61:de:0f:-56
2026-04-09 14:02:12,open-area,30:8b:b2:61:de:0a:-47,72:7f:f0:12:cf:80:-49,72:7f:f0:12:cf:83:-50,30:8b:b2:61:de:0b:-54,30:8b:b2:61:de:0e:-54
2026-04-09 14:02:16,open-area,30:8b:b2:61:de:0a:-47,72:7f:f0:12:cf:80:-49,72:7f:f0:12:cf:83:-50,30:8b:b2:61:de:0b:-54,30:8b:b2:61:de:0e:-54
2026-04-09 14:02:17,open-area,ba:9d:95:b6:1c:26:-42,30:8b:b2:61:de:0a:-53,72:7f:f0:12:cf:83:-55,72:7f:f0:12:cf:80:-56,30:8b:b2:61:de:0b:-58
2026-04-09 14:02:19,open-area,ba:9d:95:b6:1c:26:-42,30:8b:b2:61:de:0a:-53,72:7f:f0:12:cf:83:-55,72:7f:f0:12:cf:80:-56,30:8b:b2:61:de:0b:-58
2026-04-09 14:02:20,open-area,ba:9d:95:b6:1c:26:-42,30:8b:b2:61:de:0a:-53,72:7f:f0:12:cf:83:-55,72:7f:f0:12:cf:80:-56,30:8b:b2:61:de:0b:-58
2026-04-09 14:02:23,open-area,ba:9d:95:b6:1c:26:-42,72:7f:f0:12:cf:83:-52,30:8b:b2:61:de:0a:-54,30:8b:b2:61:de:0b:-57,30:8b:b2:61:de:0e:-57
2026-04-09 14:02:25,open-area,ba:9d:95:b6:1c:26:-42,72:7f:f0:12:cf:83:-52,30:8b:b2:61:de:0a:-54,30:8b:b2:61:de:0b:-57,30:8b:b2:61:de:0e:-57
2026-04-09 14:02:28,open-area,ba:9d:95:b6:1c:26:-42,72:7f:f0:12:cf:83:-52,30:8b:b2:61:de:0a:-54,30:8b:b2:61:de:0b:-57,30:8b:b2:61:de:0e:-57
2026-04-09 14:02:30,open-area,ba:9d:95:b6:1c:26:-48,72:7f:f0:12:cf:80:-51,72:7f:f0:12:cf:83:-52,30:8b:b2:61:de:0b:-52,30:8b:b2:61:de:0e:-52
2026-04-09 14:02:32,open-area,ba:9d:95:b6:1c:26:-48,72:7f:f0:12:cf:80:-51,72:7f:f0:12:cf:83:-52,30:8b:b2:61:de:0b:-52,30:8b:b2:61:de:0e:-52
2026-04-09 14:02:34,open-area,ba:9d:95:b6:1c:26:-48,72:7f:f0:12:cf:80:-51,72:7f:f0:12:cf:83:-52,30:8b:b2:61:de:0b:-52,30:8b:b2:61:de:0e:-52
2026-04-09 14:02:37,open-area,30:8b:b2:61:de:0b:-54,30:8b:b2:61:de:0c:-54,30:8b:b2:61:de:0d:-54,30:8b:b2:61:de:0e:-55,30:8b:b2:61:de:0f:-55
2026-04-09 14:02:41,open-area,76:7f:f0:12:cf:81:-57,76:7f:f0:12:cf:84:-57,76:7f:f0:12:cf:85:-57,30:8b:b2:61:de:0b:-61,30:8b:b2:61:de:0e:-61
2026-04-09 14:02:44,open-area,76:7f:f0:12:cf:81:-57,76:7f:f0:12:cf:84:-57,76:7f:f0:12:cf:85:-57,30:8b:b2:61:de:0b:-61,30:8b:b2:61:de:0e:-61
2026-04-09 14:02:45,open-area,76:7f:f0:12:cf:81:-57,76:7f:f0:12:cf:84:-57,76:7f:f0:12:cf:85:-57,30:8b:b2:61:de:0b:-61,30:8b:b2:61:de:0e:-61
2026-04-09 14:02:48,open-area,ba:9d:95:b6:1c:26:-54,30:8b:b2:61:de:0a:-58,30:8b:b2:61:de:0b:-59,76:7f:f0:12:cf:81:-59,30:8b:b2:61:de:0e:-59
2026-04-09 14:02:49,open-area,ba:9d:95:b6:1c:26:-54,30:8b:b2:61:de:0a:-58,30:8b:b2:61:de:0b:-59,76:7f:f0:12:cf:81:-59,30:8b:b2:61:de:0e:-59
2026-04-09 14:02:52,open-area,ba:9d:95:b6:1c:26:-54,30:8b:b2:61:de:0a:-58,30:8b:b2:61:de:0b:-59,76:7f:f0:12:cf:81:-59,30:8b:b2:61:de:0e:-59
2026-04-09 14:02:54,open-area,30:8b:b2:61:de:0a:-52,72:7f:f0:12:cf:83:-58,30:8b:b2:61:de:0f:-58,30:8b:b2:61:de:0c:-58,30:8b:b2:61:de:0b:-59
2026-04-09 14:02:57,open-area,30:8b:b2:61:de:0a:-52,72:7f:f0:12:cf:83:-58,30:8b:b2:61:de:0f:-58,30:8b:b2:61:de:0c:-58,30:8b:b2:61:de:0b:-59
2026-04-09 14:03:01,open-area,ba:9d:95:b6:1c:26:-54,76:7f:f0:12:cf:81:-57,76:7f:f0:12:cf:84:-57,76:7f:f0:12:cf:85:-57,30:8b:b2:61:de:0a:-58
2026-04-09 14:03:06,open-area,30:8b:b2:61:de:0f:-46,30:8b:b2:61:de:0d:-46,30:8b:b2:61:de:0b:-47,30:8b:b2:61:de:0e:-47,30:8b:b2:61:de:0c:-47
2026-04-09 14:03:13,open-area,30:8b:b2:61:de:0a:-48,30:8b:b2:61:de:0e:-50,30:8b:b2:61:de:0f:-51,30:8b:b2:61:de:0d:-51,30:8b:b2:61:de:0b:-52
2026-04-09 14:03:16,open-area,30:8b:b2:61:de:0a:-48,30:8b:b2:61:de:0e:-50,30:8b:b2:61:de:0f:-51,30:8b:b2:61:de:0d:-51,30:8b:b2:61:de:0b:-52
2026-04-09 14:03:18,open-area,30:8b:b2:61:de:0a:-48,30:8b:b2:61:de:0e:-50,30:8b:b2:61:de:0f:-51,30:8b:b2:61:de:0d:-51,30:8b:b2:61:de:0b:-52
2026-04-09 14:03:19,open-area,ba:9d:95:b6:1c:26:-54,30:8b:b2:61:de:0e:-55,30:8b:b2:61:de:0b:-56,30:8b:b2:61:de:0f:-56,30:8b:b2:61:de:0c:-56
2026-04-09 14:03:21,open-area,ba:9d:95:b6:1c:26:-54,30:8b:b2:61:de:0e:-55,30:8b:b2:61:de:0b:-56,30:8b:b2:61:de:0f:-56,30:8b:b2:61:de:0c:-56
2026-04-09 14:03:23,open-area,ba:9d:95:b6:1c:26:-54,30:8b:b2:61:de:0e:-55,30:8b:b2:61:de:0b:-56,30:8b:b2:61:de:0f:-56,30:8b:b2:61:de:0c:-56
2026-04-09 14:03:30,open-area,72:7f:f0:12:cf:80:-49,30:8b:b2:61:de:0b:-51,30:8b:b2:61:de:0e:-51,30:8b:b2:61:de:0f:-51,30:8b:b2:61:de:0a:-52
2026-04-09 14:04:45,open-area,ba:9d:95:b6:1c:26:-49,72:7f:f0:12:cf:83:-61,72:7f:f0:12:cf:80:-62,30:8b:b2:61:de:0b:-63,30:8b:b2:61:de:0e:-63
2026-04-09 14:05:33,design-studio,40:01:7a:53:96:85:-56,40:01:7a:53:96:84:-56,40:01:7a:53:96:83:-56,40:01:7a:53:96:82:-56,30:8b:b2:61:de:0a:-60
2026-04-09 14:05:36,design-studio,40:01:7a:53:96:85:-56,40:01:7a:53:96:84:-56,40:01:7a:53:96:83:-56,40:01:7a:53:96:82:-56,30:8b:b2:61:de:0a:-60
2026-04-09 14:05:40,design-studio,30:8b:b2:61:de:0a:-54,72:7f:f0:12:cf:80:-56,f8:0b:cb:f3:88:00:-58,30:8b:b2:61:de:0f:-60,30:8b:b2:61:de:0e:-61
2026-04-09 14:05:42,design-studio,30:8b:b2:61:de:0a:-54,72:7f:f0:12:cf:80:-56,f8:0b:cb:f3:88:00:-58,30:8b:b2:61:de:0f:-60,30:8b:b2:61:de:0e:-61
2026-04-09 14:05:46,design-studio,30:8b:b2:61:de:0f:-53,30:8b:b2:61:de:0b:-54,30:8b:b2:61:de:0e:-54,30:8b:b2:61:de:0c:-54,30:8b:b2:61:de:0d:-54
2026-04-09 14:05:48,design-studio,30:8b:b2:61:de:0f:-53,30:8b:b2:61:de:0b:-54,30:8b:b2:61:de:0e:-54,30:8b:b2:61:de:0c:-54,30:8b:b2:61:de:0d:-54
2026-04-09 14:05:52,design-studio,30:8b:b2:61:de:0a:-48,30:8b:b2:61:de:0e:-62,30:8b:b2:61:de:0d:-62,30:8b:b2:61:de:0b:-63,30:8b:b2:61:de:0f:-63
2026-04-09 14:05:58,design-studio,30:8b:b2:61:de:0a:-53,30:8b:b2:61:de:0b:-53,30:8b:b2:61:de:0e:-53,30:8b:b2:61:de:0f:-53,30:8b:b2:61:de:0c:-53
2026-04-09 14:06:01,design-studio,30:8b:b2:61:de:0a:-53,30:8b:b2:61:de:0b:-53,30:8b:b2:61:de:0e:-53,30:8b:b2:61:de:0f:-53,30:8b:b2:61:de:0c:-53
2026-04-09 14:06:03,design-studio,30:8b:b2:61:de:0f:-46,30:8b:b2:61:de:0b:-48,30:8b:b2:61:de:0e:-48,30:8b:b2:61:de:0c:-48,30:8b:b2:61:de:0d:-49
2026-04-09 14:06:06,design-studio,30:8b:b2:61:de:0f:-46,30:8b:b2:61:de:0b:-48,30:8b:b2:61:de:0e:-48,30:8b:b2:61:de:0c:-48,30:8b:b2:61:de:0d:-49
2026-04-09 14:06:10,design-studio,6c:31:0e:56:e1:2f:-52,6c:31:0e:56:e1:2e:-53,40:01:7a:53:96:85:-58,40:01:7a:53:96:84:-58,40:01:7a:53:96:82:-58
2026-04-09 14:06:12,design-studio,6c:31:0e:56:e1:2f:-52,6c:31:0e:56:e1:2e:-53,40:01:7a:53:96:85:-58,40:01:7a:53:96:84:-58,40:01:7a:53:96:82:-58
2026-04-09 14:06:15,design-studio,6c:31:0e:56:e1:2b:-55,6c:31:0e:56:e1:2a:-55,6c:31:0e:56:e1:2d:-55,6c:31:0e:56:e1:2c:-55,6c:31:0e:56:e1:2f:-55
2026-04-09 14:06:16,design-studio,6c:31:0e:56:e1:2b:-55,6c:31:0e:56:e1:2a:-55,6c:31:0e:56:e1:2d:-55,6c:31:0e:56:e1:2c:-55,6c:31:0e:56:e1:2f:-55
2026-04-09 14:06:19,design-studio,6c:31:0e:56:e1:2b:-55,6c:31:0e:56:e1:2a:-55,6c:31:0e:56:e1:2d:-55,6c:31:0e:56:e1:2c:-55,6c:31:0e:56:e1:2f:-55
2026-04-09 14:06:20,design-studio,6c:31:0e:56:e1:2b:-55,6c:31:0e:56:e1:2a:-55,6c:31:0e:56:e1:2d:-55,6c:31:0e:56:e1:2c:-55,6c:31:0e:56:e1:2f:-55
2026-04-17 00:45:56,A401,6c:31:0e:56:e1:2b:-34,6c:31:0e:56:e1:2a:-34,6c:31:0e:56:e1:2d:-34,6c:31:0e:56:e1:2c:-34,6c:31:0e:56:e1:2f:-34
2026-04-17 00:46:01,A401,6c:31:0e:56:e1:2b:-34,6c:31:0e:56:e1:2a:-34,6c:31:0e:56:e1:2d:-34,6c:31:0e:56:e1:2c:-34,6c:31:0e:56:e1:2f:-34
2026-04-17 00:46:05,A401,6c:31:0e:56:e1:2b:-34,6c:31:0e:56:e1:2a:-34,6c:31:0e:56:e1:2d:-34,6c:31:0e:56:e1:2c:-34,6c:31:0e:56:e1:2f:-34
2026-04-17 00:46:08,A401,6c:31:0e:56:e1:2b:-34,6c:31:0e:56:e1:2a:-34,6c:31:0e:56:e1:2d:-34,6c:31:0e:56:e1:2c:-34,6c:31:0e:56:e1:2f:-34
2026-04-17 00:46:11,A401,6c:31:0e:56:e1:2a:-33,6c:31:0e:56:e1:2d:-33,6c:31:0e:56:e1:2c:-33,6c:31:0e:56:e1:2f:-33,6c:31:0e:56:e1:2e:-33
2026-04-17 00:46:13,A401,6c:31:0e:56:e1:2a:-33,6c:31:0e:56:e1:2d:-33,6c:31:0e:56:e1:2c:-33,6c:31:0e:56:e1:2f:-33,6c:31:0e:56:e1:2e:-33
2026-04-17 00:46:18,A401,6c:31:0e:56:e1:2b:-33,6c:31:0e:56:e1:2a:-33,6c:31:0e:56:e1:2d:-33,6c:31:0e:56:e1:2c:-33,6c:31:0e:56:e1:2f:-33
2026-04-17 00:46:20,A401,6c:31:0e:56:e1:2b:-33,6c:31:0e:56:e1:2a:-33,6c:31:0e:56:e1:2d:-33,6c:31:0e:56:e1:2c:-33,6c:31:0e:56:e1:2f:-33
2026-04-17 00:46:23,A401,6c:31:0e:56:e1:20:-27,6c:31:0e:56:e1:21:-27,6c:31:0e:56:e1:2b:-33,6c:31:0e:56:e1:2c:-33,6c:31:0e:56:e1:2f:-33
2026-04-17 00:46:25,A401,6c:31:0e:56:e1:20:-27,6c:31:0e:56:e1:21:-27,6c:31:0e:56:e1:2b:-33,6c:31:0e:56:e1:2c:-33,6c:31:0e:56:e1:2f:-33
2026-04-17 00:46:27,A401,6c:31:0e:56:e1:20:-27,6c:31:0e:56:e1:21:-27,6c:31:0e:56:e1:2b:-33,6c:31:0e:56:e1:2c:-33,6c:31:0e:56:e1:2f:-33
2026-04-17 00:46:29,A401,6c:31:0e:56:e1:20:-27,6c:31:0e:56:e1:21:-27,6c:31:0e:56:e1:2b:-32,6c:31:0e:56:e1:2a:-32,6c:31:0e:56:e1:2d:-32
2026-04-17 00:46:31,A401,6c:31:0e:56:e1:20:-27,6c:31:0e:56:e1:21:-27,6c:31:0e:56:e1:2b:-32,6c:31:0e:56:e1:2a:-32,6c:31:0e:56:e1:2d:-32
2026-04-17 00:46:32,A401,6c:31:0e:56:e1:20:-27,6c:31:0e:56:e1:21:-27,6c:31:0e:56:e1:2b:-32,6c:31:0e:56:e1:2a:-32,6c:31:0e:56:e1:2d:-32
2026-04-17 00:46:34,A401,6c:31:0e:56:e1:2b:-35,6c:31:0e:56:e1:2a:-35,6c:31:0e:56:e1:2d:-35,6c:31:0e:56:e1:2c:-35,6c:31:0e:56:e1:2f:-35
2026-04-17 00:46:36,A401,6c:31:0e:56:e1:2b:-35,6c:31:0e:56:e1:2a:-35,6c:31:0e:56:e1:2d:-35,6c:31:0e:56:e1:2c:-35,6c:31:0e:56:e1:2f:-35
2026-04-17 00:46:38,A401,6c:31:0e:56:e1:2b:-35,6c:31:0e:56:e1:2a:-35,6c:31:0e:56:e1:2d:-35,6c:31:0e:56:e1:2c:-35,6c:31:0e:56:e1:2f:-35
2026-04-17 00:46:40,A401,6c:31:0e:56:e1:2b:-33,6c:31:0e:56:e1:2a:-33,6c:31:0e:56:e1:2d:-33,6c:31:0e:56:e1:2c:-33,6c:31:0e:56:e1:2f:-33
2026-04-17 00:46:43,A401,6c:31:0e:56:e1:2b:-33,6c:31:0e:56:e1:2a:-33,6c:31:0e:56:e1:2d:-33,6c:31:0e:56:e1:2c:-33,6c:31:0e:56:e1:2f:-33
2026-04-17 00:46:45,A401,6c:31:0e:56:e1:2b:-33,6c:31:0e:56:e1:2a:-33,6c:31:0e:56:e1:2d:-33,6c:31:0e:56:e1:2c:-33,6c:31:0e:56:e1:2f:-33
2026-04-17 00:46:47,A401,6c:31:0e:56:e1:2d:-39,6c:31:0e:56:e1:2c:-39,6c:31:0e:56:e1:2f:-39,6c:31:0e:56:e1:2e:-39,6c:31:0e:56:e1:2b:-41
2026-04-17 00:46:49,A401,6c:31:0e:56:e1:2d:-39,6c:31:0e:56:e1:2c:-39,6c:31:0e:56:e1:2f:-39,6c:31:0e:56:e1:2e:-39,6c:31:0e:56:e1:2b:-41
2026-04-17 00:46:52,A401,6c:31:0e:56:e1:2d:-39,6c:31:0e:56:e1:2c:-39,6c:31:0e:56:e1:2f:-39,6c:31:0e:56:e1:2e:-39,6c:31:0e:56:e1:2b:-41
2026-04-17 00:46:54,A401,6c:31:0e:56:e1:2a:-39,6c:31:0e:56:e1:2d:-39,6c:31:0e:56:e1:2c:-39,6c:31:0e:56:e1:2f:-39,6c:31:0e:56:e1:2e:-39
2026-04-17 00:46:57,A401,6c:31:0e:56:e1:2a:-39,6c:31:0e:56:e1:2d:-39,6c:31:0e:56:e1:2c:-39,6c:31:0e:56:e1:2f:-39,6c:31:0e:56:e1:2e:-39
2026-04-17 00:46:59,A401,6c:31:0e:56:e1:2b:-36,6c:31:0e:56:e1:2a:-36,6c:31:0e:56:e1:2d:-36,6c:31:0e:56:e1:2c:-36,6c:31:0e:56:e1:2f:-36
2026-04-17 00:47:01,A401,6c:31:0e:56:e1:2b:-36,6c:31:0e:56:e1:2a:-36,6c:31:0e:56:e1:2d:-36,6c:31:0e:56:e1:2c:-36,6c:31:0e:56:e1:2f:-36
2026-04-17 00:47:03,A401,6c:31:0e:56:e1:2b:-36,6c:31:0e:56:e1:2a:-36,6c:31:0e:56:e1:2d:-36,6c:31:0e:56:e1:2c:-36,6c:31:0e:56:e1:2f:-36
2026-04-17 00:47:05,A401,6c:31:0e:56:e1:25:-35,6c:31:0e:56:e1:2b:-43,6c:31:0e:56:e1:2a:-43,6c:31:0e:56:e1:2d:-43,6c:31:0e:56:e1:2c:-43
2026-04-17 00:47:07,A401,6c:31:0e:56:e1:25:-35,6c:31:0e:56:e1:2b:-43,6c:31:0e:56:e1:2a:-43,6c:31:0e:56:e1:2d:-43,6c:31:0e:56:e1:2c:-43
2026-04-17 00:47:09,A401,6c:31:0e:56:e1:25:-35,6c:31:0e:56:e1:2b:-43,6c:31:0e:56:e1:2a:-43,6c:31:0e:56:e1:2d:-43,6c:31:0e:56:e1:2c:-43
2026-04-17 00:47:11,A401,6c:31:0e:56:e1:2d:-43,6c:31:0e:56:e1:2b:-44,6c:31:0e:56:e1:2a:-44,6c:31:0e:56:e1:2c:-44,6c:31:0e:56:e1:2f:-44
2026-04-17 00:47:13,A401,6c:31:0e:56:e1:2d:-43,6c:31:0e:56:e1:2b:-44,6c:31:0e:56:e1:2a:-44,6c:31:0e:56:e1:2c:-44,6c:31:0e:56:e1:2f:-44
2026-04-17 00:47:15,A401,6c:31:0e:56:e1:2d:-43,6c:31:0e:56:e1:2b:-44,6c:31:0e:56:e1:2a:-44,6c:31:0e:56:e1:2c:-44,6c:31:0e:56:e1:2f:-44
2026-04-17 00:47:17,A401,6c:31:0e:56:e1:2b:-37,6c:31:0e:56:e1:2a:-37,6c:31:0e:56:e1:2c:-37,6c:31:0e:56:e1:2f:-37,6c:31:0e:56:e1:2e:-37
2026-04-17 00:47:18,A401,6c:31:0e:56:e1:2b:-37,6c:31:0e:56:e1:2a:-37,6c:31:0e:56:e1:2c:-37,6c:31:0e:56:e1:2f:-37,6c:31:0e:56:e1:2e:-37
2026-04-17 00:47:20,A401,6c:31:0e:56:e1:2b:-37,6c:31:0e:56:e1:2a:-37,6c:31:0e:56:e1:2c:-37,6c:31:0e:56:e1:2f:-37,6c:31:0e:56:e1:2e:-37
2026-04-17 00:47:21,A401,6c:31:0e:56:e1:2b:-37,6c:31:0e:56:e1:2a:-37,6c:31:0e:56:e1:2c:-37,6c:31:0e:56:e1:2f:-37,6c:31:0e:56:e1:2e:-37
2026-04-17 00:47:23,A401,6c:31:0e:56:e1:20:-33,6c:31:0e:56:e1:21:-33,6c:31:0e:56:e1:2b:-37,6c:31:0e:56:e1:2a:-37,6c:31:0e:56:e1:2d:-37
2026-04-17 00:47:24,A401,6c:31:0e:56:e1:20:-33,6c:31:0e:56:e1:21:-33,6c:31:0e:56:e1:2b:-37,6c:31:0e:56:e1:2a:-37,6c:31:0e:56:e1:2d:-37
2026-04-17 00:47:25,A401,6c:31:0e:56:e1:20:-33,6c:31:0e:56:e1:21:-33,6c:31:0e:56:e1:2b:-37,6c:31:0e:56:e1:2a:-37,6c:31:0e:56:e1:2d:-37
2026-04-17 00:47:26,A401,6c:31:0e:56:e1:20:-33,6c:31:0e:56:e1:21:-33,6c:31:0e:56:e1:2b:-37,6c:31:0e:56:e1:2a:-37,6c:31:0e:56:e1:2d:-37
2026-04-17 00:47:28,A401,6c:31:0e:56:e1:21:-31,6c:31:0e:56:e1:20:-32,6c:31:0e:56:e1:2b:-46,6c:31:0e:56:e1:2a:-46,6c:31:0e:56:e1:2d:-46
2026-04-17 00:47:31,A401,6c:31:0e:56:e1:21:-31,6c:31:0e:56:e1:20:-32,6c:31:0e:56:e1:2b:-46,6c:31:0e:56:e1:2a:-46,6c:31:0e:56:e1:2d:-46
2026-04-17 00:47:36,A401,6c:31:0e:56:e1:21:-32,6c:31:0e:56:e1:2b:-38,6c:31:0e:56:e1:2a:-38,6c:31:0e:56:e1:2c:-38,6c:31:0e:56:e1:2f:-38
2026-04-17 00:47:41,A401,6c:31:0e:56:e1:2d:-40,6c:31:0e:56:e1:2c:-40,6c:31:0e:56:e1:2b:-42,6c:31:0e:56:e1:2a:-42,6c:31:0e:56:e1:2f:-42
2026-04-17 00:47:44,A401,6c:31:0e:56:e1:2d:-40,6c:31:0e:56:e1:2c:-40,6c:31:0e:56:e1:2b:-42,6c:31:0e:56:e1:2a:-42,6c:31:0e:56:e1:2f:-42
2026-04-17 00:47:48,A401,6c:31:0e:56:e1:2b:-42,6c:31:0e:56:e1:2a:-42,6c:31:0e:56:e1:2d:-42,6c:31:0e:56:e1:2c:-42,6c:31:0e:56:e1:2f:-42
2026-04-17 00:47:50,A401,6c:31:0e:56:e1:2b:-42,6c:31:0e:56:e1:2a:-42,6c:31:0e:56:e1:2d:-42,6c:31:0e:56:e1:2c:-42,6c:31:0e:56:e1:2f:-42
2026-04-17 00:47:52,A401,6c:31:0e:56:e1:20:-34,6c:31:0e:56:e1:21:-34,6c:31:0e:56:e1:2f:-44,6c:31:0e:56:e1:2e:-44,6c:31:0e:56:e1:2b:-45
2026-04-17 00:47:54,A401,6c:31:0e:56:e1:20:-34,6c:31:0e:56:e1:21:-34,6c:31:0e:56:e1:2f:-44,6c:31:0e:56:e1:2e:-44,6c:31:0e:56:e1:2b:-45
2026-04-17 00:47:57,A401,6c:31:0e:56:e1:20:-34,6c:31:0e:56:e1:21:-34,6c:31:0e:56:e1:2f:-44,6c:31:0e:56:e1:2e:-44,6c:31:0e:56:e1:2b:-45
2026-04-17 00:47:59,A401,6c:31:0e:56:e1:2a:-42,6c:31:0e:56:e1:2b:-44,6c:31:0e:56:e1:2d:-44,6c:31:0e:56:e1:2c:-44,6c:31:0e:56:e1:2f:-44
2026-04-17 00:48:00,A401,6c:31:0e:56:e1:2a:-42,6c:31:0e:56:e1:2b:-44,6c:31:0e:56:e1:2d:-44,6c:31:0e:56:e1:2c:-44,6c:31:0e:56:e1:2f:-44
2026-04-17 00:48:03,A401,6c:31:0e:56:e1:2a:-42,6c:31:0e:56:e1:2b:-44,6c:31:0e:56:e1:2d:-44,6c:31:0e:56:e1:2c:-44,6c:31:0e:56:e1:2f:-44
2026-04-17 00:48:06,A401,6c:31:0e:56:e1:2b:-42,6c:31:0e:56:e1:2e:-42,6c:31:0e:56:e1:2d:-43,6c:31:0e:56:e1:2c:-43,6c:31:0e:56:e1:2a:-44
2026-04-17 00:48:09,A401,6c:31:0e:56:e1:2b:-42,6c:31:0e:56:e1:2e:-42,6c:31:0e:56:e1:2d:-43,6c:31:0e:56:e1:2c:-43,6c:31:0e:56:e1:2a:-44
2026-04-17 00:48:13,A401,6c:31:0e:56:e1:2b:-41,6c:31:0e:56:e1:2a:-41,6c:31:0e:56:e1:2d:-41,6c:31:0e:56:e1:2f:-41,6c:31:0e:56:e1:2e:-41
2026-04-17 00:48:17,A401,6c:31:0e:56:e1:2d:-41,6c:31:0e:56:e1:2b:-43,6c:31:0e:56:e1:2a:-43,6c:31:0e:56:e1:2c:-43,6c:31:0e:56:e1:2f:-43
2026-04-17 00:48:21,A401,6c:31:0e:56:e1:2d:-41,6c:31:0e:56:e1:2b:-43,6c:31:0e:56:e1:2a:-43,6c:31:0e:56:e1:2c:-43,6c:31:0e:56:e1:2f:-43
2026-04-17 00:48:23,A401,6c:31:0e:56:e1:2e:-40,6c:31:0e:56:e1:2b:-42,6c:31:0e:56:e1:2a:-42,6c:31:0e:56:e1:2d:-42,6c:31:0e:56:e1:2c:-42
2026-04-17 00:48:27,A401,6c:31:0e:56:e1:2e:-40,6c:31:0e:56:e1:2b:-42,6c:31:0e:56:e1:2a:-42,6c:31:0e:56:e1:2d:-42,6c:31:0e:56:e1:2c:-42
2026-04-17 00:48:29,A401,6c:31:0e:56:e1:2b:-42,6c:31:0e:56:e1:2a:-42,6c:31:0e:56:e1:2d:-42,6c:31:0e:56:e1:2c:-42,6c:31:0e:56:e1:2f:-42
2026-04-17 00:48:31,A401,6c:31:0e:56:e1:2b:-42,6c:31:0e:56:e1:2a:-42,6c:31:0e:56:e1:2d:-42,6c:31:0e:56:e1:2c:-42,6c:31:0e:56:e1:2f:-42
2026-04-17 00:48:34,A401,6c:31:0e:56:e1:2b:-44,6c:31:0e:56:e1:2a:-44,6c:31:0e:56:e1:2d:-44,6c:31:0e:56:e1:2c:-44,6c:31:0e:56:e1:2f:-44
2026-04-17 00:48:36,A401,6c:31:0e:56:e1:2b:-44,6c:31:0e:56:e1:2a:-44,6c:31:0e:56:e1:2d:-44,6c:31:0e:56:e1:2c:-44,6c:31:0e:56:e1:2f:-44
2026-04-17 00:48:39,A401,6c:31:0e:56:e1:20:-32,6c:31:0e:56:e1:21:-32,6c:31:0e:56:e1:2a:-36,6c:31:0e:56:e1:2b:-37,6c:31:0e:56:e1:2d:-37
2026-04-17 00:48:41,A401,6c:31:0e:56:e1:20:-32,6c:31:0e:56:e1:21:-32,6c:31:0e:56:e1:2a:-36,6c:31:0e:56:e1:2b:-37,6c:31:0e:56:e1:2d:-37
2026-04-17 00:48:43,A401,6c:31:0e:56:e1:21:-34,6c:31:0e:56:e1:2b:-41,6c:31:0e:56:e1:2d:-42,6c:31:0e:56:e1:2c:-42,6c:31:0e:56:e1:2f:-42
2026-04-17 00:48:46,A401,6c:31:0e:56:e1:21:-34,6c:31:0e:56:e1:2b:-41,6c:31:0e:56:e1:2d:-42,6c:31:0e:56:e1:2c:-42,6c:31:0e:56:e1:2f:-42
2026-04-17 00:48:50,A401,6c:31:0e:56:e1:24:-34,6c:31:0e:56:e1:25:-34,6c:31:0e:56:e1:2b:-45,6c:31:0e:56:e1:2a:-45,6c:31:0e:56:e1:2d:-45
2026-04-17 00:48:52,A401,6c:31:0e:56:e1:24:-34,6c:31:0e:56:e1:25:-34,6c:31:0e:56:e1:2b:-45,6c:31:0e:56:e1:2a:-45,6c:31:0e:56:e1:2d:-45
2026-04-17 00:48:54,A401,6c:31:0e:56:e1:2b:-45,6c:31:0e:56:e1:2a:-45,6c:31:0e:56:e1:2d:-45,6c:31:0e:56:e1:2c:-45,6c:31:0e:56:e1:2f:-45
2026-04-17 00:48:57,A401,6c:31:0e:56:e1:2b:-45,6c:31:0e:56:e1:2a:-45,6c:31:0e:56:e1:2d:-45,6c:31:0e:56:e1:2c:-45,6c:31:0e:56:e1:2f:-45
2026-04-17 00:48:59,A401,6c:31:0e:56:e1:2b:-45,6c:31:0e:56:e1:2a:-45,6c:31:0e:56:e1:2d:-45,6c:31:0e:56:e1:2c:-45,6c:31:0e:56:e1:2f:-45
2026-04-17 00:49:02,A401,6c:31:0e:56:e1:2d:-50,6c:31:0e:56:e1:2b:-51,6c:31:0e:56:e1:2a:-51,6c:31:0e:56:e1:2c:-51,6c:31:0e:56:e1:2f:-51
2026-04-17 00:49:05,A401,6c:31:0e:56:e1:24:-33,6c:31:0e:56:e1:23:-33,6c:31:0e:56:e1:2c:-44,6c:31:0e:56:e1:2e:-44,6c:31:0e:56:e1:2b:-45
2026-04-17 00:49:08,A401,6c:31:0e:56:e1:24:-33,6c:31:0e:56:e1:23:-33,6c:31:0e:56:e1:2c:-44,6c:31:0e:56:e1:2e:-44,6c:31:0e:56:e1:2b:-45
2026-04-17 00:49:11,A401,6c:31:0e:56:e1:24:-33,6c:31:0e:56:e1:23:-33,6c:31:0e:56:e1:2c:-44,6c:31:0e:56:e1:2e:-44,6c:31:0e:56:e1:2b:-45
2026-04-17 00:49:13,A401,6c:31:0e:56:e1:2b:-43,6c:31:0e:56:e1:2a:-44,6c:31:0e:56:e1:2d:-44,6c:31:0e:56:e1:2c:-44,6c:31:0e:56:e1:2f:-44
2026-04-17 00:49:15,A401,6c:31:0e:56:e1:2b:-43,6c:31:0e:56:e1:2a:-44,6c:31:0e:56:e1:2d:-44,6c:31:0e:56:e1:2c:-44,6c:31:0e:56:e1:2f:-44
2026-04-17 00:49:20,A401,6c:31:0e:56:e1:20:-32,6c:31:0e:56:e1:2d:-44,6c:31:0e:56:e1:2b:-45,6c:31:0e:56:e1:2a:-45,6c:31:0e:56:e1:2c:-45
2026-04-17 00:49:23,A401,6c:31:0e:56:e1:20:-32,6c:31:0e:56:e1:2d:-44,6c:31:0e:56:e1:2b:-45,6c:31:0e:56:e1:2a:-45,6c:31:0e:56:e1:2c:-45
2026-04-17 00:49:26,A401,6c:31:0e:56:e1:2b:-45,6c:31:0e:56:e1:2a:-45,6c:31:0e:56:e1:2d:-45,6c:31:0e:56:e1:2c:-45,6c:31:0e:56:e1:2f:-45
2026-04-17 00:49:28,A401,6c:31:0e:56:e1:2b:-45,6c:31:0e:56:e1:2a:-45,6c:31:0e:56:e1:2d:-45,6c:31:0e:56:e1:2c:-45,6c:31:0e:56:e1:2f:-45
2026-04-17 00:49:32,A401,6c:31:0e:56:e1:24:-32,6c:31:0e:56:e1:23:-32,6c:31:0e:56:e1:25:-32,6c:31:0e:56:e1:2b:-45,6c:31:0e:56:e1:2a:-45
2026-04-17 00:49:34,A401,6c:31:0e:56:e1:24:-32,6c:31:0e:56:e1:23:-32,6c:31:0e:56:e1:25:-32,6c:31:0e:56:e1:2b:-45,6c:31:0e:56:e1:2a:-45
2026-04-17 00:49:37,A401,6c:31:0e:56:e1:2b:-45,6c:31:0e:56:e1:2a:-45,6c:31:0e:56:e1:2d:-45,6c:31:0e:56:e1:2c:-45,6c:31:0e:56:e1:2f:-45
2026-04-17 00:49:40,A401,6c:31:0e:56:e1:2b:-45,6c:31:0e:56:e1:2a:-45,6c:31:0e:56:e1:2d:-45,6c:31:0e:56:e1:2c:-45,6c:31:0e:56:e1:2f:-45
2026-04-17 00:49:44,A401,6c:31:0e:56:e1:2f:-43,6c:31:0e:56:e1:2b:-44,6c:31:0e:56:e1:2d:-44,6c:31:0e:56:e1:2c:-44,6c:31:0e:56:e1:2e:-44
2026-04-17 00:49:46,A401,6c:31:0e:56:e1:2f:-43,6c:31:0e:56:e1:2b:-44,6c:31:0e:56:e1:2d:-44,6c:31:0e:56:e1:2c:-44,6c:31:0e:56:e1:2e:-44
2026-04-17 00:49:48,A401,6c:31:0e:56:e1:2b:-43,6c:31:0e:56:e1:2a:-43,6c:31:0e:56:e1:2d:-43,6c:31:0e:56:e1:2c:-43,6c:31:0e:56:e1:2f:-43
2026-04-17 00:49:50,A401,6c:31:0e:56:e1:2b:-43,6c:31:0e:56:e1:2a:-43,6c:31:0e:56:e1:2d:-43,6c:31:0e:56:e1:2c:-43,6c:31:0e:56:e1:2f:-43
2026-04-17 00:49:52,A401,6c:31:0e:56:e1:2b:-43,6c:31:0e:56:e1:2a:-43,6c:31:0e:56:e1:2d:-43,6c:31:0e:56:e1:2c:-43,6c:31:0e:56:e1:2f:-43
2026-04-17 00:49:55,A401,6c:31:0e:56:e1:20:-33,6c:31:0e:56:e1:21:-33,6c:31:0e:56:e1:2c:-42,6c:31:0e:56:e1:2b:-43,6c:31:0e:56:e1:2d:-43
2026-04-17 00:49:58,A401,6c:31:0e:56:e1:20:-33,6c:31:0e:56:e1:21:-33,6c:31:0e:56:e1:2c:-42,6c:31:0e:56:e1:2b:-43,6c:31:0e:56:e1:2d:-43
2026-04-17 00:50:01,A401,6c:31:0e:56:e1:20:-32,6c:31:0e:56:e1:21:-32,6c:31:0e:56:e1:2f:-41,6c:31:0e:56:e1:2b:-43,6c:31:0e:56:e1:2a:-43
2026-04-17 00:50:04,A401,6c:31:0e:56:e1:20:-32,6c:31:0e:56:e1:21:-32,6c:31:0e:56:e1:2f:-41,6c:31:0e:56:e1:2b:-43,6c:31:0e:56:e1:2a:-43
2026-04-17 00:50:06,A401,6c:31:0e:56:e1:2b:-52,6c:31:0e:56:e1:2a:-52,6c:31:0e:56:e1:2c:-52,6c:31:0e:56:e1:2f:-52,6c:31:0e:56:e1:2e:-52
2026-04-17 00:50:08,A401,6c:31:0e:56:e1:2b:-52,6c:31:0e:56:e1:2a:-52,6c:31:0e:56:e1:2c:-52,6c:31:0e:56:e1:2f:-52,6c:31:0e:56:e1:2e:-52
2026-04-17 00:50:12,A401,6c:31:0e:56:e1:21:-31,6c:31:0e:56:e1:20:-32,6c:31:0e:56:e1:2e:-46,6c:31:0e:56:e1:2b:-47,6c:31:0e:56:e1:2a:-47
2026-04-17 00:50:14,A401,6c:31:0e:56:e1:21:-31,6c:31:0e:56:e1:20:-32,6c:31:0e:56:e1:2e:-46,6c:31:0e:56:e1:2b:-47,6c:31:0e:56:e1:2a:-47
2026-04-17 00:50:16,A401,6c:31:0e:56:e1:2b:-50,6c:31:0e:56:e1:2a:-50,6c:31:0e:56:e1:2c:-50,6c:31:0e:56:e1:2f:-50,6c:31:0e:56:e1:2d:-51
2026-04-17 00:50:18,A401,6c:31:0e:56:e1:2b:-50,6c:31:0e:56:e1:2a:-50,6c:31:0e:56:e1:2c:-50,6c:31:0e:56:e1:2f:-50,6c:31:0e:56:e1:2d:-51
2026-04-17 00:50:20,A401,6c:31:0e:56:e1:2b:-50,6c:31:0e:56:e1:2a:-50,6c:31:0e:56:e1:2c:-50,6c:31:0e:56:e1:2f:-50,6c:31:0e:56:e1:2d:-51
2026-04-17 00:50:23,A401,6c:31:0e:56:e1:21:-32,6c:31:0e:56:e1:20:-33,6c:31:0e:56:e1:2e:-47,6c:31:0e:56:e1:2a:-48,6c:31:0e:56:e1:2c:-48
2026-04-17 00:50:25,A401,6c:31:0e:56:e1:21:-32,6c:31:0e:56:e1:20:-33,6c:31:0e:56:e1:2e:-47,6c:31:0e:56:e1:2a:-48,6c:31:0e:56:e1:2c:-48
2026-04-17 00:50:28,A401,6c:31:0e:56:e1:2b:-45,6c:31:0e:56:e1:2a:-45,6c:31:0e:56:e1:2d:-45,6c:31:0e:56:e1:2c:-45,6c:31:0e:56:e1:2f:-45
2026-04-17 00:50:30,A401,6c:31:0e:56:e1:2b:-45,6c:31:0e:56:e1:2a:-45,6c:31:0e:56:e1:2d:-45,6c:31:0e:56:e1:2c:-45,6c:31:0e:56:e1:2f:-45
2026-04-17 00:50:32,A401,6c:31:0e:56:e1:2b:-45,6c:31:0e:56:e1:2a:-45,6c:31:0e:56:e1:2d:-45,6c:31:0e:56:e1:2c:-45,6c:31:0e:56:e1:2f:-45
2026-04-17 00:50:34,A401,6c:31:0e:56:e1:2b:-33,6c:31:0e:56:e1:2a:-33,6c:31:0e:56:e1:2d:-33,6c:31:0e:56:e1:2c:-33,6c:31:0e:56:e1:2f:-33
2026-04-17 00:50:36,A401,6c:31:0e:56:e1:2b:-33,6c:31:0e:56:e1:2a:-33,6c:31:0e:56:e1:2d:-33,6c:31:0e:56:e1:2c:-33,6c:31:0e:56:e1:2f:-33
2026-04-17 00:50:38,A401,6c:31:0e:56:e1:2b:-33,6c:31:0e:56:e1:2a:-33,6c:31:0e:56:e1:2d:-33,6c:31:0e:56:e1:2c:-33,6c:31:0e:56:e1:2f:-33
2026-04-17 00:50:40,A401,6c:31:0e:56:e1:2b:-33,6c:31:0e:56:e1:2a:-33,6c:31:0e:56:e1:2d:-33,6c:31:0e:56:e1:2c:-33,6c:31:0e:56:e1:2f:-33
2026-04-17 00:50:51,A402,6c:31:0e:56:e1:2b:-34,6c:31:0e:56:e1:2a:-34,6c:31:0e:56:e1:2d:-34,6c:31:0e:56:e1:2c:-34,6c:31:0e:56:e1:2f:-34
2026-04-17 00:50:55,A402,6c:31:0e:56:e1:2b:-34,6c:31:0e:56:e1:2a:-34,6c:31:0e:56:e1:2d:-34,6c:31:0e:56:e1:2c:-34,6c:31:0e:56:e1:2f:-34
2026-04-17 00:50:58,A402,6c:31:0e:56:e1:20:-31,6c:31:0e:56:e1:21:-31,6c:31:0e:56:e1:2a:-42,6c:31:0e:56:e1:2c:-42,6c:31:0e:56:e1:2f:-42
2026-04-17 00:51:00,A402,6c:31:0e:56:e1:20:-31,6c:31:0e:56:e1:21:-31,6c:31:0e:56:e1:2a:-42,6c:31:0e:56:e1:2c:-42,6c:31:0e:56:e1:2f:-42
2026-04-17 00:51:03,A402,6c:31:0e:56:e1:2b:-46,6c:31:0e:56:e1:2a:-46,6c:31:0e:56:e1:2d:-46,6c:31:0e:56:e1:2c:-46,6c:31:0e:56:e1:2f:-46
2026-04-17 00:51:05,A402,6c:31:0e:56:e1:2b:-46,6c:31:0e:56:e1:2a:-46,6c:31:0e:56:e1:2d:-46,6c:31:0e:56:e1:2c:-46,6c:31:0e:56:e1:2f:-46
2026-04-17 00:51:07,A402,6c:31:0e:56:e1:21:-31,6c:31:0e:56:e1:20:-32,40:01:7a:53:96:81:-53,40:01:7a:53:96:80:-53,40:01:7a:53:96:85:-53
2026-04-17 00:51:09,A402,6c:31:0e:56:e1:21:-31,6c:31:0e:56:e1:20:-32,40:01:7a:53:96:81:-53,40:01:7a:53:96:80:-53,40:01:7a:53:96:85:-53
2026-04-17 00:51:12,A402,6c:31:0e:56:e1:21:-31,6c:31:0e:56:e1:20:-32,40:01:7a:53:96:81:-53,40:01:7a:53:96:80:-53,40:01:7a:53:96:85:-53
2026-04-17 00:51:14,A402,6c:31:0e:56:e1:21:-31,6c:31:0e:56:e1:20:-32,40:01:7a:53:96:81:-53,40:01:7a:53:96:80:-53,40:01:7a:53:96:85:-53
2026-04-17 00:51:16,A402,6c:31:0e:56:e1:2b:-42,6c:31:0e:56:e1:2a:-42,6c:31:0e:56:e1:2d:-43,6c:31:0e:56:e1:2c:-43,6c:31:0e:56:e1:2f:-43
2026-04-17 00:51:18,A402,6c:31:0e:56:e1:2b:-42,6c:31:0e:56:e1:2a:-42,6c:31:0e:56:e1:2d:-43,6c:31:0e:56:e1:2c:-43,6c:31:0e:56:e1:2f:-43
2026-04-17 00:51:20,A402,6c:31:0e:56:e1:2b:-42,6c:31:0e:56:e1:2a:-42,6c:31:0e:56:e1:2d:-43,6c:31:0e:56:e1:2c:-43,6c:31:0e:56:e1:2f:-43
2026-04-17 00:51:22,A402,6c:31:0e:56:e1:24:-30,6c:31:0e:56:e1:25:-30,6c:31:0e:56:e1:2a:-35,6c:31:0e:56:e1:2d:-36,6c:31:0e:56:e1:2c:-37
2026-04-17 00:51:24,A402,6c:31:0e:56:e1:24:-30,6c:31:0e:56:e1:25:-30,6c:31:0e:56:e1:2a:-35,6c:31:0e:56:e1:2d:-36,6c:31:0e:56:e1:2c:-37
2026-04-17 00:51:27,A402,6c:31:0e:56:e1:24:-30,6c:31:0e:56:e1:25:-30,6c:31:0e:56:e1:2a:-35,6c:31:0e:56:e1:2d:-36,6c:31:0e:56:e1:2c:-37
2026-04-17 00:51:29,A402,6c:31:0e:56:e1:2e:-34,6c:31:0e:56:e1:2b:-35,6c:31:0e:56:e1:2a:-35,6c:31:0e:56:e1:2f:-35,6c:31:0e:56:e1:2d:-36
2026-04-17 00:51:30,A402,6c:31:0e:56:e1:2e:-34,6c:31:0e:56:e1:2b:-35,6c:31:0e:56:e1:2a:-35,6c:31:0e:56:e1:2f:-35,6c:31:0e:56:e1:2d:-36
2026-04-17 00:51:33,A402,6c:31:0e:56:e1:2e:-34,6c:31:0e:56:e1:2b:-35,6c:31:0e:56:e1:2a:-35,6c:31:0e:56:e1:2f:-35,6c:31:0e:56:e1:2d:-36
2026-04-17 00:51:35,A402,6c:31:0e:56:e1:2b:-36,6c:31:0e:56:e1:2c:-36,6c:31:0e:56:e1:2f:-36,6c:31:0e:56:e1:2e:-36,6c:31:0e:56:e1:22:-37
2026-04-17 00:51:37,A402,6c:31:0e:56:e1:2b:-36,6c:31:0e:56:e1:2c:-36,6c:31:0e:56:e1:2f:-36,6c:31:0e:56:e1:2e:-36,6c:31:0e:56:e1:22:-37
2026-04-17 00:51:39,A402,6c:31:0e:56:e1:2b:-36,6c:31:0e:56:e1:2c:-36,6c:31:0e:56:e1:2f:-36,6c:31:0e:56:e1:2e:-36,6c:31:0e:56:e1:22:-37
2026-04-17 00:51:41,A402,6c:31:0e:56:e1:24:-28,6c:31:0e:56:e1:25:-28,6c:31:0e:56:e1:23:-29,6c:31:0e:56:e1:2b:-37,6c:31:0e:56:e1:2e:-37
2026-04-17 00:51:44,A402,6c:31:0e:56:e1:24:-28,6c:31:0e:56:e1:25:-28,6c:31:0e:56:e1:23:-29,6c:31:0e:56:e1:2b:-37,6c:31:0e:56:e1:2e:-37
2026-04-17 00:51:45,A402,6c:31:0e:56:e1:24:-28,6c:31:0e:56:e1:25:-28,6c:31:0e:56:e1:23:-29,6c:31:0e:56:e1:2b:-37,6c:31:0e:56:e1:2e:-37
2026-04-17 00:51:47,A402,6c:31:0e:56:e1:2b:-40,6c:31:0e:56:e1:2d:-40,6c:31:0e:56:e1:2c:-40,6c:31:0e:56:e1:2e:-40,6c:31:0e:56:e1:2f:-41
2026-04-17 00:51:50,A402,6c:31:0e:56:e1:2b:-40,6c:31:0e:56:e1:2d:-40,6c:31:0e:56:e1:2c:-40,6c:31:0e:56:e1:2e:-40,6c:31:0e:56:e1:2f:-41
2026-04-17 00:51:52,A402,6c:31:0e:56:e1:2b:-40,6c:31:0e:56:e1:2d:-40,6c:31:0e:56:e1:2c:-40,6c:31:0e:56:e1:2e:-40,6c:31:0e:56:e1:2f:-41
2026-04-17 00:51:54,A402,6c:31:0e:56:e1:2b:-44,6c:31:0e:56:e1:2d:-44,6c:31:0e:56:e1:2c:-44,6c:31:0e:56:e1:2f:-44,6c:31:0e:56:e1:2e:-44
2026-04-17 00:51:56,A402,6c:31:0e:56:e1:2b:-44,6c:31:0e:56:e1:2d:-44,6c:31:0e:56:e1:2c:-44,6c:31:0e:56:e1:2f:-44,6c:31:0e:56:e1:2e:-44
2026-04-17 00:51:58,A402,6c:31:0e:56:e1:2b:-44,6c:31:0e:56:e1:2d:-44,6c:31:0e:56:e1:2c:-44,6c:31:0e:56:e1:2f:-44,6c:31:0e:56:e1:2e:-44
2026-04-17 00:52:01,A402,6c:31:0e:56:e1:2a:-43,6c:31:0e:56:e1:2d:-43,6c:31:0e:56:e1:2c:-43,6c:31:0e:56:e1:2e:-43,6c:31:0e:56:e1:2b:-44
2026-04-17 00:52:03,A402,6c:31:0e:56:e1:2a:-43,6c:31:0e:56:e1:2d:-43,6c:31:0e:56:e1:2c:-43,6c:31:0e:56:e1:2e:-43,6c:31:0e:56:e1:2b:-44
2026-04-17 00:52:04,A402,6c:31:0e:56:e1:2a:-40,6c:31:0e:56:e1:2b:-45,6c:31:0e:56:e1:2d:-45,6c:31:0e:56:e1:2c:-45,6c:31:0e:56:e1:2f:-45
2026-04-17 00:52:06,A402,6c:31:0e:56:e1:2a:-40,6c:31:0e:56:e1:2b:-45,6c:31:0e:56:e1:2d:-45,6c:31:0e:56:e1:2c:-45,6c:31:0e:56:e1:2f:-45
2026-04-17 00:52:08,A402,6c:31:0e:56:e1:2a:-40,6c:31:0e:56:e1:2b:-45,6c:31:0e:56:e1:2d:-45,6c:31:0e:56:e1:2c:-45,6c:31:0e:56:e1:2f:-45
2026-04-17 00:52:10,A402,6c:31:0e:56:e1:2c:-40,6c:31:0e:56:e1:2b:-41,6c:31:0e:56:e1:2d:-41,6c:31:0e:56:e1:2f:-41,6c:31:0e:56:e1:2e:-41
2026-04-17 00:52:12,A402,6c:31:0e:56:e1:2c:-40,6c:31:0e:56:e1:2b:-41,6c:31:0e:56:e1:2d:-41,6c:31:0e:56:e1:2f:-41,6c:31:0e:56:e1:2e:-41
2026-04-17 00:52:16,A402,6c:31:0e:56:e1:2a:-47,6c:31:0e:56:e1:2d:-47,6c:31:0e:56:e1:2c:-47,6c:31:0e:56:e1:2f:-47,6c:31:0e:56:e1:2e:-47
2026-04-17 00:52:18,A402,6c:31:0e:56:e1:2a:-47,6c:31:0e:56:e1:2d:-47,6c:31:0e:56:e1:2c:-47,6c:31:0e:56:e1:2f:-47,6c:31:0e:56:e1:2e:-47
2026-04-17 00:52:21,A402,6c:31:0e:56:e1:2a:-47,6c:31:0e:56:e1:2d:-47,6c:31:0e:56:e1:2c:-47,6c:31:0e:56:e1:2f:-47,6c:31:0e:56:e1:2e:-47
2026-04-17 00:52:23,A402,6c:31:0e:56:e1:2a:-40,6c:31:0e:56:e1:2d:-46,6c:31:0e:56:e1:2f:-46,6c:31:0e:56:e1:2e:-46,6c:31:0e:56:e1:2b:-47
2026-04-17 00:52:25,A402,6c:31:0e:56:e1:2a:-40,6c:31:0e:56:e1:2d:-46,6c:31:0e:56:e1:2f:-46,6c:31:0e:56:e1:2e:-46,6c:31:0e:56:e1:2b:-47
2026-04-17 00:52:27,A402,6c:31:0e:56:e1:2b:-41,6c:31:0e:56:e1:2d:-41,6c:31:0e:56:e1:2c:-41,6c:31:0e:56:e1:2f:-41,6c:31:0e:56:e1:2e:-41
2026-04-17 00:52:30,A402,6c:31:0e:56:e1:2b:-41,6c:31:0e:56:e1:2d:-41,6c:31:0e:56:e1:2c:-41,6c:31:0e:56:e1:2f:-41,6c:31:0e:56:e1:2e:-41
2026-04-17 00:52:32,A402,6c:31:0e:56:e1:2b:-41,6c:31:0e:56:e1:2d:-41,6c:31:0e:56:e1:2c:-41,6c:31:0e:56:e1:2f:-41,6c:31:0e:56:e1:2e:-41
2026-04-17 00:52:33,A402,6c:31:0e:56:e1:2d:-46,6c:31:0e:56:e1:2c:-46,6c:31:0e:56:e1:2f:-46,6c:31:0e:56:e1:2e:-46,6c:31:0e:56:e1:2b:-48
2026-04-17 00:52:35,A402,6c:31:0e:56:e1:2d:-46,6c:31:0e:56:e1:2c:-46,6c:31:0e:56:e1:2f:-46,6c:31:0e:56:e1:2e:-46,6c:31:0e:56:e1:2b:-48
2026-04-17 00:52:37,A402,6c:31:0e:56:e1:2d:-46,6c:31:0e:56:e1:2c:-46,6c:31:0e:56:e1:2f:-46,6c:31:0e:56:e1:2e:-46,6c:31:0e:56:e1:2b:-48
2026-04-17 00:52:40,A402,6c:31:0e:56:e1:2a:-44,6c:31:0e:56:e1:2b:-48,6c:31:0e:56:e1:2e:-48,6c:31:0e:56:e1:2d:-49,6c:31:0e:56:e1:2c:-50
2026-04-17 00:52:41,A402,6c:31:0e:56:e1:2a:-44,6c:31:0e:56:e1:2b:-48,6c:31:0e:56:e1:2e:-48,6c:31:0e:56:e1:2d:-49,6c:31:0e:56:e1:2c:-50
2026-04-17 00:52:48,A402,6c:31:0e:56:e1:2b:-48,6c:31:0e:56:e1:2d:-48,6c:31:0e:56:e1:2c:-48,6c:31:0e:56:e1:2f:-48,6c:31:0e:56:e1:2e:-48
2026-04-17 00:52:52,A402,6c:31:0e:56:e1:2c:-33,6c:31:0e:56:e1:2b:-34,6c:31:0e:56:e1:2a:-34,6c:31:0e:56:e1:2d:-34,6c:31:0e:56:e1:2f:-34
2026-04-17 00:52:54,A402,6c:31:0e:56:e1:2c:-33,6c:31:0e:56:e1:2b:-34,6c:31:0e:56:e1:2a:-34,6c:31:0e:56:e1:2d:-34,6c:31:0e:56:e1:2f:-34
2026-04-17 00:52:57,A402,6c:31:0e:56:e1:2c:-33,6c:31:0e:56:e1:2b:-34,6c:31:0e:56:e1:2a:-34,6c:31:0e:56:e1:2d:-34,6c:31:0e:56:e1:2f:-34
2026-04-17 00:52:59,A402,6c:31:0e:56:e1:20:-32,6c:31:0e:56:e1:22:-32,6c:31:0e:56:e1:21:-32,6c:31:0e:56:e1:24:-32,6c:31:0e:56:e1:23:-32
2026-04-17 00:53:01,A402,6c:31:0e:56:e1:20:-32,6c:31:0e:56:e1:22:-32,6c:31:0e:56:e1:21:-32,6c:31:0e:56:e1:24:-32,6c:31:0e:56:e1:23:-32
2026-04-17 00:53:03,A402,6c:31:0e:56:e1:2a:-33,6c:31:0e:56:e1:2b:-34,6c:31:0e:56:e1:2d:-34,6c:31:0e:56:e1:2c:-34,6c:31:0e:56:e1:2e:-34
2026-04-17 00:53:06,A402,6c:31:0e:56:e1:2a:-33,6c:31:0e:56:e1:2b:-34,6c:31:0e:56:e1:2d:-34,6c:31:0e:56:e1:2c:-34,6c:31:0e:56:e1:2e:-34
2026-04-17 00:53:08,A402,6c:31:0e:56:e1:2a:-33,6c:31:0e:56:e1:2b:-34,6c:31:0e:56:e1:2d:-34,6c:31:0e:56:e1:2c:-34,6c:31:0e:56:e1:2e:-34
2026-04-17 00:53:10,A402,6c:31:0e:56:e1:2e:-35,6c:31:0e:56:e1:2b:-36,6c:31:0e:56:e1:2a:-36,6c:31:0e:56:e1:2f:-36,6c:31:0e:56:e1:2d:-37
2026-04-17 00:53:12,A402,6c:31:0e:56:e1:2e:-35,6c:31:0e:56:e1:2b:-36,6c:31:0e:56:e1:2a:-36,6c:31:0e:56:e1:2f:-36,6c:31:0e:56:e1:2d:-37
2026-04-17 00:53:14,A402,6c:31:0e:56:e1:2e:-35,6c:31:0e:56:e1:2b:-36,6c:31:0e:56:e1:2a:-36,6c:31:0e:56:e1:2f:-36,6c:31:0e:56:e1:2d:-37
2026-04-17 00:53:16,A402,6c:31:0e:56:e1:2a:-36,6c:31:0e:56:e1:2f:-36,6c:31:0e:56:e1:2d:-37,6c:31:0e:56:e1:2c:-37,6c:31:0e:56:e1:2e:-37
2026-04-17 00:53:18,A402,6c:31:0e:56:e1:2a:-36,6c:31:0e:56:e1:2f:-36,6c:31:0e:56:e1:2d:-37,6c:31:0e:56:e1:2c:-37,6c:31:0e:56:e1:2e:-37
2026-04-17 00:53:21,A402,6c:31:0e:56:e1:24:-31,6c:31:0e:56:e1:23:-31,6c:31:0e:56:e1:25:-31,6c:31:0e:56:e1:2b:-35,6c:31:0e:56:e1:2e:-35
2026-04-17 00:53:23,A402,6c:31:0e:56:e1:24:-31,6c:31:0e:56:e1:23:-31,6c:31:0e:56:e1:25:-31,6c:31:0e:56:e1:2b:-35,6c:31:0e:56:e1:2e:-35
2026-04-17 00:53:25,A402,6c:31:0e:56:e1:2b:-35,6c:31:0e:56:e1:2d:-35,6c:31:0e:56:e1:2c:-35,6c:31:0e:56:e1:2a:-36,6c:31:0e:56:e1:2f:-36
2026-04-17 00:53:27,A402,6c:31:0e:56:e1:2b:-35,6c:31:0e:56:e1:2d:-35,6c:31:0e:56:e1:2c:-35,6c:31:0e:56:e1:2a:-36,6c:31:0e:56:e1:2f:-36
2026-04-17 00:53:29,A402,6c:31:0e:56:e1:2b:-35,6c:31:0e:56:e1:2d:-35,6c:31:0e:56:e1:2c:-35,6c:31:0e:56:e1:2a:-36,6c:31:0e:56:e1:2f:-36
2026-04-17 00:53:31,A402,6c:31:0e:56:e1:2b:-35,6c:31:0e:56:e1:2d:-35,6c:31:0e:56:e1:2c:-35,6c:31:0e:56:e1:2a:-36,6c:31:0e:56:e1:2f:-36
2026-04-17 00:53:33,A402,6c:31:0e:56:e1:2b:-35,6c:31:0e:56:e1:2d:-35,6c:31:0e:56:e1:2c:-35,6c:31:0e:56:e1:2a:-36,6c:31:0e:56:e1:2f:-36
2026-04-17 00:53:35,A402,6c:31:0e:56:e1:2b:-35,6c:31:0e:56:e1:2d:-35,6c:31:0e:56:e1:2c:-35,6c:31:0e:56:e1:2a:-36,6c:31:0e:56:e1:2f:-36
2026-04-17 00:53:36,A402,6c:31:0e:56:e1:2d:-34,6c:31:0e:56:e1:2f:-34,6c:31:0e:56:e1:2b:-35,6c:31:0e:56:e1:2a:-35,6c:31:0e:56:e1:2e:-35
2026-04-17 00:53:38,A402,6c:31:0e:56:e1:2d:-34,6c:31:0e:56:e1:2f:-34,6c:31:0e:56:e1:2b:-35,6c:31:0e:56:e1:2a:-35,6c:31:0e:56:e1:2e:-35
2026-04-17 00:53:41,A402,6c:31:0e:56:e1:2d:-34,6c:31:0e:56:e1:2f:-34,6c:31:0e:56:e1:2b:-35,6c:31:0e:56:e1:2a:-35,6c:31:0e:56:e1:2e:-35
2026-04-17 00:53:43,A402,6c:31:0e:56:e1:2f:-37,6c:31:0e:56:e1:2e:-37,6c:31:0e:56:e1:2b:-39,6c:31:0e:56:e1:2d:-40,6c:31:0e:56:e1:2c:-40
2026-04-17 00:53:45,A402,6c:31:0e:56:e1:2f:-37,6c:31:0e:56:e1:2e:-37,6c:31:0e:56:e1:2b:-39,6c:31:0e:56:e1:2d:-40,6c:31:0e:56:e1:2c:-40
2026-04-17 00:53:47,A402,6c:31:0e:56:e1:2f:-37,6c:31:0e:56:e1:2e:-37,6c:31:0e:56:e1:2b:-39,6c:31:0e:56:e1:2d:-40,6c:31:0e:56:e1:2c:-40
2026-04-17 00:53:50,A402,6c:31:0e:56:e1:2f:-34,6c:31:0e:56:e1:2b:-35,6c:31:0e:56:e1:2d:-35,6c:31:0e:56:e1:2c:-35,6c:31:0e:56:e1:2e:-35
2026-04-17 00:53:51,A402,6c:31:0e:56:e1:2f:-34,6c:31:0e:56:e1:2b:-35,6c:31:0e:56:e1:2d:-35,6c:31:0e:56:e1:2c:-35,6c:31:0e:56:e1:2e:-35
2026-04-17 00:53:54,A402,6c:31:0e:56:e1:22:-31,6c:31:0e:56:e1:24:-31,6c:31:0e:56:e1:23:-31,6c:31:0e:56:e1:25:-31,6c:31:0e:56:e1:2d:-33
2026-04-17 00:53:56,A402,6c:31:0e:56:e1:22:-31,6c:31:0e:56:e1:24:-31,6c:31:0e:56:e1:23:-31,6c:31:0e:56:e1:25:-31,6c:31:0e:56:e1:2d:-33
2026-04-17 00:53:58,A402,6c:31:0e:56:e1:22:-31,6c:31:0e:56:e1:24:-31,6c:31:0e:56:e1:23:-31,6c:31:0e:56:e1:25:-31,6c:31:0e:56:e1:2d:-33
2026-04-17 00:54:00,A402,6c:31:0e:56:e1:2a:-37,6c:31:0e:56:e1:2d:-37,6c:31:0e:56:e1:2c:-37,6c:31:0e:56:e1:2f:-37,6c:31:0e:56:e1:2b:-38
2026-04-17 00:54:02,A402,6c:31:0e:56:e1:2a:-37,6c:31:0e:56:e1:2d:-37,6c:31:0e:56:e1:2c:-37,6c:31:0e:56:e1:2f:-37,6c:31:0e:56:e1:2b:-38
2026-04-17 00:54:04,A402,6c:31:0e:56:e1:2a:-37,6c:31:0e:56:e1:2d:-37,6c:31:0e:56:e1:2c:-37,6c:31:0e:56:e1:2f:-37,6c:31:0e:56:e1:2b:-38
2026-04-17 00:54:06,A402,6c:31:0e:56:e1:2c:-34,6c:31:0e:56:e1:2b:-35,6c:31:0e:56:e1:2a:-35,6c:31:0e:56:e1:2d:-35,6c:31:0e:56:e1:2e:-35
2026-04-17 00:54:08,A402,6c:31:0e:56:e1:2c:-34,6c:31:0e:56:e1:2b:-35,6c:31:0e:56:e1:2a:-35,6c:31:0e:56:e1:2d:-35,6c:31:0e:56:e1:2e:-35
2026-04-17 00:54:11,A402,6c:31:0e:56:e1:2c:-34,6c:31:0e:56:e1:2b:-35,6c:31:0e:56:e1:2a:-35,6c:31:0e:56:e1:2d:-35,6c:31:0e:56:e1:2e:-35
2026-04-17 00:54:12,A402,6c:31:0e:56:e1:24:-30,6c:31:0e:56:e1:23:-30,6c:31:0e:56:e1:25:-30,6c:31:0e:56:e1:2a:-35,f8:0b:cb:f3:88:05:-60
2026-04-17 00:54:14,A402,6c:31:0e:56:e1:24:-30,6c:31:0e:56:e1:23:-30,6c:31:0e:56:e1:25:-30,6c:31:0e:56:e1:2a:-35,f8:0b:cb:f3:88:05:-60
2026-04-17 00:54:16,A402,6c:31:0e:56:e1:2b:-32,6c:31:0e:56:e1:2d:-33,6c:31:0e:56:e1:2a:-34,6c:31:0e:56:e1:2c:-34,6c:31:0e:56:e1:2f:-34
2026-04-17 00:54:18,A402,6c:31:0e:56:e1:2b:-32,6c:31:0e:56:e1:2d:-33,6c:31:0e:56:e1:2a:-34,6c:31:0e:56:e1:2c:-34,6c:31:0e:56:e1:2f:-34
2026-04-17 00:54:20,A402,6c:31:0e:56:e1:2b:-32,6c:31:0e:56:e1:2d:-33,6c:31:0e:56:e1:2a:-34,6c:31:0e:56:e1:2c:-34,6c:31:0e:56:e1:2f:-34
2026-04-17 00:54:22,A402,6c:31:0e:56:e1:25:-31,6c:31:0e:56:e1:2b:-34,6c:31:0e:56:e1:2c:-34,6c:31:0e:56:e1:2f:-34,6c:31:0e:56:e1:2d:-35
2026-04-17 00:54:24,A402,6c:31:0e:56:e1:25:-31,6c:31:0e:56:e1:2b:-34,6c:31:0e:56:e1:2c:-34,6c:31:0e:56:e1:2f:-34,6c:31:0e:56:e1:2d:-35
2026-04-17 00:54:27,A402,6c:31:0e:56:e1:25:-31,6c:31:0e:56:e1:2b:-34,6c:31:0e:56:e1:2c:-34,6c:31:0e:56:e1:2f:-34,6c:31:0e:56:e1:2d:-35
2026-04-17 00:54:28,A402,6c:31:0e:56:e1:2a:-34,6c:31:0e:56:e1:2b:-35,6c:31:0e:56:e1:2d:-36,6c:31:0e:56:e1:2f:-36,6c:31:0e:56:e1:2e:-36
2026-04-17 00:54:35,A402,6c:31:0e:56:e1:2c:-38,6c:31:0e:56:e1:2b:-39,6c:31:0e:56:e1:2f:-39,6c:31:0e:56:e1:2a:-40,6c:31:0e:56:e1:2d:-40
2026-04-17 00:54:38,A402,6c:31:0e:56:e1:2c:-38,6c:31:0e:56:e1:2b:-39,6c:31:0e:56:e1:2f:-39,6c:31:0e:56:e1:2a:-40,6c:31:0e:56:e1:2d:-40
2026-04-17 00:54:40,A402,6c:31:0e:56:e1:2d:-36,6c:31:0e:56:e1:2e:-36,6c:31:0e:56:e1:2f:-37,6c:31:0e:56:e1:2b:-38,6c:31:0e:56:e1:2a:-38
2026-04-17 00:54:42,A402,6c:31:0e:56:e1:2d:-36,6c:31:0e:56:e1:2e:-36,6c:31:0e:56:e1:2f:-37,6c:31:0e:56:e1:2b:-38,6c:31:0e:56:e1:2a:-38
2026-04-17 00:54:44,A402,6c:31:0e:56:e1:2b:-36,6c:31:0e:56:e1:2c:-36,6c:31:0e:56:e1:2f:-36,6c:31:0e:56:e1:2a:-37,6c:31:0e:56:e1:2d:-37
2026-04-17 00:54:46,A402,6c:31:0e:56:e1:2b:-36,6c:31:0e:56:e1:2c:-36,6c:31:0e:56:e1:2f:-36,6c:31:0e:56:e1:2a:-37,6c:31:0e:56:e1:2d:-37
2026-04-17 00:54:48,A402,6c:31:0e:56:e1:2b:-36,6c:31:0e:56:e1:2c:-36,6c:31:0e:56:e1:2f:-36,6c:31:0e:56:e1:2a:-37,6c:31:0e:56:e1:2d:-37
2026-04-17 00:54:50,A402,6c:31:0e:56:e1:2c:-35,6c:31:0e:56:e1:2f:-35,6c:31:0e:56:e1:2b:-36,6c:31:0e:56:e1:2a:-36,6c:31:0e:56:e1:2e:-36
2026-04-17 00:54:51,A402,6c:31:0e:56:e1:2c:-35,6c:31:0e:56:e1:2f:-35,6c:31:0e:56:e1:2b:-36,6c:31:0e:56:e1:2a:-36,6c:31:0e:56:e1:2e:-36
2026-04-17 00:54:53,A402,6c:31:0e:56:e1:2c:-35,6c:31:0e:56:e1:2f:-35,6c:31:0e:56:e1:2b:-36,6c:31:0e:56:e1:2a:-36,6c:31:0e:56:e1:2e:-36
2026-04-17 00:54:55,A402,6c:31:0e:56:e1:2c:-35,6c:31:0e:56:e1:2f:-35,6c:31:0e:56:e1:2b:-36,6c:31:0e:56:e1:2a:-36,6c:31:0e:56:e1:2e:-36
2026-04-17 00:54:56,A402,6c:31:0e:56:e1:22:-31,6c:31:0e:56:e1:23:-31,6c:31:0e:56:e1:24:-32,6c:31:0e:56:e1:25:-32,6c:31:0e:56:e1:2f:-34
2026-04-17 00:54:58,A402,6c:31:0e:56:e1:22:-31,6c:31:0e:56:e1:23:-31,6c:31:0e:56:e1:24:-32,6c:31:0e:56:e1:25:-32,6c:31:0e:56:e1:2f:-34
2026-04-17 00:55:00,A402,6c:31:0e:56:e1:2d:-37,6c:31:0e:56:e1:2c:-37,6c:31:0e:56:e1:2f:-37,6c:31:0e:56:e1:2b:-38,6c:31:0e:56:e1:2e:-38
2026-04-17 00:55:02,A402,6c:31:0e:56:e1:2d:-37,6c:31:0e:56:e1:2c:-37,6c:31:0e:56:e1:2f:-37,6c:31:0e:56:e1:2b:-38,6c:31:0e:56:e1:2e:-38
2026-04-17 00:55:04,A402,6c:31:0e:56:e1:2d:-37,6c:31:0e:56:e1:2c:-37,6c:31:0e:56:e1:2f:-37,6c:31:0e:56:e1:2b:-38,6c:31:0e:56:e1:2e:-38
2026-04-17 00:55:06,A402,6c:31:0e:56:e1:2e:-35,6c:31:0e:56:e1:2b:-36,6c:31:0e:56:e1:2d:-36,6c:31:0e:56:e1:2c:-36,6c:31:0e:56:e1:2f:-36
2026-04-17 00:55:07,A402,6c:31:0e:56:e1:2e:-35,6c:31:0e:56:e1:2b:-36,6c:31:0e:56:e1:2d:-36,6c:31:0e:56:e1:2c:-36,6c:31:0e:56:e1:2f:-36
2026-04-17 00:55:09,A402,6c:31:0e:56:e1:2e:-35,6c:31:0e:56:e1:2b:-36,6c:31:0e:56:e1:2d:-36,6c:31:0e:56:e1:2c:-36,6c:31:0e:56:e1:2f:-36
2026-04-17 00:55:12,A402,6c:31:0e:56:e1:2b:-36,6c:31:0e:56:e1:2e:-36,6c:31:0e:56:e1:2d:-37,6c:31:0e:56:e1:2c:-37,6c:31:0e:56:e1:2f:-37
2026-04-17 00:55:15,A402,6c:31:0e:56:e1:2b:-36,6c:31:0e:56:e1:2e:-36,6c:31:0e:56:e1:2d:-37,6c:31:0e:56:e1:2c:-37,6c:31:0e:56:e1:2f:-37
2026-04-17 00:55:16,A402,6c:31:0e:56:e1:24:-32,6c:31:0e:56:e1:25:-33,6c:31:0e:56:e1:2d:-34,6c:31:0e:56:e1:2b:-35,6c:31:0e:56:e1:2a:-35
2026-04-17 00:55:18,A402,6c:31:0e:56:e1:24:-32,6c:31:0e:56:e1:25:-33,6c:31:0e:56:e1:2d:-34,6c:31:0e:56:e1:2b:-35,6c:31:0e:56:e1:2a:-35
2026-04-17 00:55:19,A402,6c:31:0e:56:e1:24:-32,6c:31:0e:56:e1:25:-33,6c:31:0e:56:e1:2d:-34,6c:31:0e:56:e1:2b:-35,6c:31:0e:56:e1:2a:-35
2026-04-17 00:55:22,A402,6c:31:0e:56:e1:22:-35,6c:31:0e:56:e1:24:-35,6c:31:0e:56:e1:25:-35,6c:31:0e:56:e1:21:-36,6c:31:0e:56:e1:23:-36
2026-04-17 00:55:24,A402,6c:31:0e:56:e1:22:-35,6c:31:0e:56:e1:24:-35,6c:31:0e:56:e1:25:-35,6c:31:0e:56:e1:21:-36,6c:31:0e:56:e1:23:-36
2026-04-17 00:56:08,A403,6c:31:0e:56:e1:2b:-41,6c:31:0e:56:e1:2d:-41,6c:31:0e:56:e1:2c:-42,6c:31:0e:56:e1:2f:-42,6c:31:0e:56:e1:2e:-42
2026-04-17 00:56:13,A403,6c:31:0e:56:e1:25:-32,6c:31:0e:56:e1:2b:-42,6c:31:0e:56:e1:2a:-42,6c:31:0e:56:e1:2c:-42,6c:31:0e:56:e1:2f:-42
2026-04-17 00:56:15,A403,6c:31:0e:56:e1:25:-32,6c:31:0e:56:e1:2b:-42,6c:31:0e:56:e1:2a:-42,6c:31:0e:56:e1:2c:-42,6c:31:0e:56:e1:2f:-42
2026-04-17 00:56:17,A403,6c:31:0e:56:e1:22:-35,6c:31:0e:56:e1:24:-35,6c:31:0e:56:e1:25:-35,6c:31:0e:56:e1:23:-36,6c:31:0e:56:e1:2f:-39
2026-04-17 00:56:22,A403,6c:31:0e:56:e1:22:-35,6c:31:0e:56:e1:24:-35,6c:31:0e:56:e1:25:-35,6c:31:0e:56:e1:23:-36,6c:31:0e:56:e1:2f:-39
2026-04-17 00:56:24,A403,6c:31:0e:56:e1:22:-35,6c:31:0e:56:e1:24:-35,6c:31:0e:56:e1:25:-35,6c:31:0e:56:e1:23:-36,6c:31:0e:56:e1:2f:-39
2026-04-17 00:56:27,A403,6c:31:0e:56:e1:2f:-43,6c:31:0e:56:e1:2b:-44,6c:31:0e:56:e1:2a:-44,6c:31:0e:56:e1:2e:-44,6c:31:0e:56:e1:2d:-45
2026-04-17 00:56:29,A403,6c:31:0e:56:e1:2f:-43,6c:31:0e:56:e1:2b:-44,6c:31:0e:56:e1:2a:-44,6c:31:0e:56:e1:2e:-44,6c:31:0e:56:e1:2d:-45
2026-04-17 00:56:31,A403,6c:31:0e:56:e1:2d:-40,6c:31:0e:56:e1:2c:-40,6c:31:0e:56:e1:2e:-40,6c:31:0e:56:e1:2b:-41,6c:31:0e:56:e1:2f:-41
2026-04-17 00:56:33,A403,6c:31:0e:56:e1:2d:-40,6c:31:0e:56:e1:2c:-40,6c:31:0e:56:e1:2e:-40,6c:31:0e:56:e1:2b:-41,6c:31:0e:56:e1:2f:-41
2026-04-17 00:56:35,A403,6c:31:0e:56:e1:2d:-40,6c:31:0e:56:e1:2c:-40,6c:31:0e:56:e1:2e:-40,6c:31:0e:56:e1:2b:-41,6c:31:0e:56:e1:2f:-41
2026-04-17 00:56:37,A403,6c:31:0e:56:e1:22:-32,6c:31:0e:56:e1:24:-32,6c:31:0e:56:e1:25:-32,6c:31:0e:56:e1:2e:-45,6c:31:0e:56:e1:2b:-46
2026-04-17 00:56:39,A403,6c:31:0e:56:e1:22:-32,6c:31:0e:56:e1:24:-32,6c:31:0e:56:e1:25:-32,6c:31:0e:56:e1:2e:-45,6c:31:0e:56:e1:2b:-46
2026-04-17 00:56:41,A403,6c:31:0e:56:e1:22:-32,6c:31:0e:56:e1:24:-32,6c:31:0e:56:e1:25:-32,6c:31:0e:56:e1:2e:-45,6c:31:0e:56:e1:2b:-46
2026-04-17 00:56:43,A403,6c:31:0e:56:e1:2a:-43,6c:31:0e:56:e1:2e:-43,6c:31:0e:56:e1:2b:-44,6c:31:0e:56:e1:2d:-44,6c:31:0e:56:e1:2c:-44
2026-04-17 00:56:45,A403,6c:31:0e:56:e1:2a:-43,6c:31:0e:56:e1:2e:-43,6c:31:0e:56:e1:2b:-44,6c:31:0e:56:e1:2d:-44,6c:31:0e:56:e1:2c:-44
2026-04-17 00:56:47,A403,6c:31:0e:56:e1:2a:-43,6c:31:0e:56:e1:2e:-43,6c:31:0e:56:e1:2b:-44,6c:31:0e:56:e1:2d:-44,6c:31:0e:56:e1:2c:-44
2026-04-17 00:56:50,A403,6c:31:0e:56:e1:2a:-43,6c:31:0e:56:e1:2d:-47,6c:31:0e:56:e1:2c:-47,6c:31:0e:56:e1:2f:-47,6c:31:0e:56:e1:2e:-47
2026-04-17 00:56:52,A403,6c:31:0e:56:e1:2a:-43,6c:31:0e:56:e1:2d:-47,6c:31:0e:56:e1:2c:-47,6c:31:0e:56:e1:2f:-47,6c:31:0e:56:e1:2e:-47
2026-04-17 00:56:54,A403,6c:31:0e:56:e1:2c:-48,6c:31:0e:56:e1:2b:-49,6c:31:0e:56:e1:2d:-49,6c:31:0e:56:e1:2e:-49,6c:31:0e:56:e1:2f:-50
2026-04-17 00:56:56,A403,6c:31:0e:56:e1:2c:-48,6c:31:0e:56:e1:2b:-49,6c:31:0e:56:e1:2d:-49,6c:31:0e:56:e1:2e:-49,6c:31:0e:56:e1:2f:-50
2026-04-17 00:56:58,A403,6c:31:0e:56:e1:2c:-48,6c:31:0e:56:e1:2b:-49,6c:31:0e:56:e1:2d:-49,6c:31:0e:56:e1:2e:-49,6c:31:0e:56:e1:2f:-50
2026-04-17 00:57:00,A403,6c:31:0e:56:e1:25:-32,6c:31:0e:56:e1:2b:-45,6c:31:0e:56:e1:2d:-45,6c:31:0e:56:e1:2c:-45,6c:31:0e:56:e1:2f:-45
2026-04-17 00:57:01,A403,6c:31:0e:56:e1:25:-32,6c:31:0e:56:e1:2b:-45,6c:31:0e:56:e1:2d:-45,6c:31:0e:56:e1:2c:-45,6c:31:0e:56:e1:2f:-45
2026-04-17 00:57:03,A403,6c:31:0e:56:e1:25:-32,6c:31:0e:56:e1:2b:-45,6c:31:0e:56:e1:2d:-45,6c:31:0e:56:e1:2c:-45,6c:31:0e:56:e1:2f:-45
2026-04-17 00:57:05,A403,6c:31:0e:56:e1:25:-32,6c:31:0e:56:e1:2b:-45,6c:31:0e:56:e1:2d:-45,6c:31:0e:56:e1:2c:-45,6c:31:0e:56:e1:2f:-45
2026-04-17 00:57:06,A403,6c:31:0e:56:e1:2b:-48,6c:31:0e:56:e1:2d:-50,6c:31:0e:56:e1:2c:-50,6c:31:0e:56:e1:2f:-50,6c:31:0e:56:e1:2e:-50
2026-04-17 00:57:08,A403,6c:31:0e:56:e1:2b:-48,6c:31:0e:56:e1:2d:-50,6c:31:0e:56:e1:2c:-50,6c:31:0e:56:e1:2f:-50,6c:31:0e:56:e1:2e:-50
2026-04-17 00:57:10,A403,6c:31:0e:56:e1:2d:-49,6c:31:0e:56:e1:2f:-49,6c:31:0e:56:e1:2e:-49,6c:31:0e:56:e1:2b:-50,6c:31:0e:56:e1:2c:-50
2026-04-17 00:57:12,A403,6c:31:0e:56:e1:2d:-49,6c:31:0e:56:e1:2f:-49,6c:31:0e:56:e1:2e:-49,6c:31:0e:56:e1:2b:-50,6c:31:0e:56:e1:2c:-50
2026-04-17 00:57:14,A403,6c:31:0e:56:e1:2d:-49,6c:31:0e:56:e1:2f:-49,6c:31:0e:56:e1:2e:-49,6c:31:0e:56:e1:2b:-50,6c:31:0e:56:e1:2c:-50
2026-04-17 00:57:16,A403,6c:31:0e:56:e1:2a:-47,6c:31:0e:56:e1:2b:-49,6c:31:0e:56:e1:2c:-50,6c:31:0e:56:e1:2f:-50,6c:31:0e:56:e1:2d:-51
2026-04-17 00:57:18,A403,6c:31:0e:56:e1:2a:-47,6c:31:0e:56:e1:2b:-49,6c:31:0e:56:e1:2c:-50,6c:31:0e:56:e1:2f:-50,6c:31:0e:56:e1:2d:-51
2026-04-17 00:57:21,A403,6c:31:0e:56:e1:2a:-47,6c:31:0e:56:e1:2b:-49,6c:31:0e:56:e1:2c:-50,6c:31:0e:56:e1:2f:-50,6c:31:0e:56:e1:2d:-51
2026-04-17 00:57:23,A403,6c:31:0e:56:e1:25:-31,6c:31:0e:56:e1:2a:-45,6c:31:0e:56:e1:2b:-47,6c:31:0e:56:e1:2d:-47,6c:31:0e:56:e1:2c:-47
2026-04-17 00:57:25,A403,6c:31:0e:56:e1:25:-31,6c:31:0e:56:e1:2a:-45,6c:31:0e:56:e1:2b:-47,6c:31:0e:56:e1:2d:-47,6c:31:0e:56:e1:2c:-47
2026-04-17 00:57:27,A403,6c:31:0e:56:e1:2b:-45,6c:31:0e:56:e1:2d:-45,6c:31:0e:56:e1:2a:-46,6c:31:0e:56:e1:2c:-46,6c:31:0e:56:e1:2f:-46
2026-04-17 00:57:29,A403,6c:31:0e:56:e1:2b:-45,6c:31:0e:56:e1:2d:-45,6c:31:0e:56:e1:2a:-46,6c:31:0e:56:e1:2c:-46,6c:31:0e:56:e1:2f:-46
2026-04-17 00:57:31,A403,6c:31:0e:56:e1:2b:-45,6c:31:0e:56:e1:2d:-45,6c:31:0e:56:e1:2a:-46,6c:31:0e:56:e1:2c:-46,6c:31:0e:56:e1:2f:-46
2026-04-17 00:57:33,A403,6c:31:0e:56:e1:2a:-44,6c:31:0e:56:e1:2b:-45,6c:31:0e:56:e1:2d:-45,6c:31:0e:56:e1:2c:-45,6c:31:0e:56:e1:2f:-45
2026-04-17 00:57:35,A403,6c:31:0e:56:e1:2a:-44,6c:31:0e:56:e1:2b:-45,6c:31:0e:56:e1:2d:-45,6c:31:0e:56:e1:2c:-45,6c:31:0e:56:e1:2f:-45
2026-04-17 00:57:37,A403,6c:31:0e:56:e1:2a:-44,6c:31:0e:56:e1:2b:-45,6c:31:0e:56:e1:2d:-45,6c:31:0e:56:e1:2c:-45,6c:31:0e:56:e1:2f:-45
2026-04-17 00:57:39,A403,6c:31:0e:56:e1:2e:-38,6c:31:0e:56:e1:2b:-39,6c:31:0e:56:e1:2d:-39,6c:31:0e:56:e1:2c:-39,6c:31:0e:56:e1:2f:-39
2026-04-17 00:57:41,A403,6c:31:0e:56:e1:2e:-38,6c:31:0e:56:e1:2b:-39,6c:31:0e:56:e1:2d:-39,6c:31:0e:56:e1:2c:-39,6c:31:0e:56:e1:2f:-39
2026-04-17 00:57:43,A403,6c:31:0e:56:e1:2e:-38,6c:31:0e:56:e1:2b:-39,6c:31:0e:56:e1:2d:-39,6c:31:0e:56:e1:2c:-39,6c:31:0e:56:e1:2f:-39
2026-04-17 00:57:45,A403,6c:31:0e:56:e1:22:-34,6c:31:0e:56:e1:24:-34,6c:31:0e:56:e1:23:-34,6c:31:0e:56:e1:25:-34,6c:31:0e:56:e1:2a:-44
2026-04-17 00:57:47,A403,6c:31:0e:56:e1:22:-34,6c:31:0e:56:e1:24:-34,6c:31:0e:56:e1:23:-34,6c:31:0e:56:e1:25:-34,6c:31:0e:56:e1:2a:-44
2026-04-17 00:57:50,A403,6c:31:0e:56:e1:22:-34,6c:31:0e:56:e1:24:-34,6c:31:0e:56:e1:23:-34,6c:31:0e:56:e1:25:-34,6c:31:0e:56:e1:2a:-44
2026-04-17 00:57:51,A403,6c:31:0e:56:e1:2d:-43,6c:31:0e:56:e1:2e:-44,6c:31:0e:56:e1:2c:-45,6c:31:0e:56:e1:2f:-45,6c:31:0e:56:e1:2b:-46
2026-04-17 00:57:53,A403,6c:31:0e:56:e1:2d:-43,6c:31:0e:56:e1:2e:-44,6c:31:0e:56:e1:2c:-45,6c:31:0e:56:e1:2f:-45,6c:31:0e:56:e1:2b:-46
2026-04-17 00:57:56,A403,6c:31:0e:56:e1:2d:-43,6c:31:0e:56:e1:2e:-44,6c:31:0e:56:e1:2c:-45,6c:31:0e:56:e1:2f:-45,6c:31:0e:56:e1:2b:-46
2026-04-17 00:57:58,A403,6c:31:0e:56:e1:22:-33,6c:31:0e:56:e1:23:-34,6c:31:0e:56:e1:25:-34,6c:31:0e:56:e1:24:-35,6c:31:0e:56:e1:2a:-45
2026-04-17 00:58:00,A403,6c:31:0e:56:e1:22:-33,6c:31:0e:56:e1:23:-34,6c:31:0e:56:e1:25:-34,6c:31:0e:56:e1:24:-35,6c:31:0e:56:e1:2a:-45
2026-04-17 00:58:02,A403,6c:31:0e:56:e1:2a:-45,6c:31:0e:56:e1:2c:-46,6c:31:0e:56:e1:2f:-46,6c:31:0e:56:e1:2e:-46,6c:31:0e:56:e1:2b:-47
2026-04-17 00:58:04,A403,6c:31:0e:56:e1:2a:-45,6c:31:0e:56:e1:2c:-46,6c:31:0e:56:e1:2f:-46,6c:31:0e:56:e1:2e:-46,6c:31:0e:56:e1:2b:-47
2026-04-17 00:58:06,A403,6c:31:0e:56:e1:2a:-45,6c:31:0e:56:e1:2c:-46,6c:31:0e:56:e1:2f:-46,6c:31:0e:56:e1:2e:-46,6c:31:0e:56:e1:2b:-47
2026-04-17 00:58:08,A403,6c:31:0e:56:e1:2b:-44,6c:31:0e:56:e1:2d:-44,6c:31:0e:56:e1:2f:-44,6c:31:0e:56:e1:2a:-45,6c:31:0e:56:e1:2c:-45
2026-04-17 00:58:09,A403,6c:31:0e:56:e1:2b:-44,6c:31:0e:56:e1:2d:-44,6c:31:0e:56:e1:2f:-44,6c:31:0e:56:e1:2a:-45,6c:31:0e:56:e1:2c:-45
2026-04-17 00:58:12,A403,6c:31:0e:56:e1:2b:-44,6c:31:0e:56:e1:2d:-44,6c:31:0e:56:e1:2f:-44,6c:31:0e:56:e1:2a:-45,6c:31:0e:56:e1:2c:-45
2026-04-17 00:58:14,A403,6c:31:0e:56:e1:2c:-42,6c:31:0e:56:e1:2f:-42,6c:31:0e:56:e1:2e:-42,6c:31:0e:56:e1:2a:-43,6c:31:0e:56:e1:2d:-43
2026-04-17 00:58:16,A403,6c:31:0e:56:e1:2c:-42,6c:31:0e:56:e1:2f:-42,6c:31:0e:56:e1:2e:-42,6c:31:0e:56:e1:2a:-43,6c:31:0e:56:e1:2d:-43
2026-04-17 00:58:17,A403,6c:31:0e:56:e1:2c:-42,6c:31:0e:56:e1:2f:-42,6c:31:0e:56:e1:2e:-42,6c:31:0e:56:e1:2a:-43,6c:31:0e:56:e1:2d:-43
2026-04-17 00:58:20,A403,6c:31:0e:56:e1:2b:-41,6c:31:0e:56:e1:2c:-41,6c:31:0e:56:e1:2f:-41,6c:31:0e:56:e1:2e:-41,6c:31:0e:56:e1:2d:-42
2026-04-17 00:58:22,A403,6c:31:0e:56:e1:2b:-41,6c:31:0e:56:e1:2c:-41,6c:31:0e:56:e1:2f:-41,6c:31:0e:56:e1:2e:-41,6c:31:0e:56:e1:2d:-42
2026-04-17 00:58:25,A403,6c:31:0e:56:e1:2b:-41,6c:31:0e:56:e1:2c:-41,6c:31:0e:56:e1:2f:-41,6c:31:0e:56:e1:2e:-41,6c:31:0e:56:e1:2d:-42
2026-04-17 00:58:27,A403,6c:31:0e:56:e1:24:-32,6c:31:0e:56:e1:23:-32,6c:31:0e:56:e1:25:-32,6c:31:0e:56:e1:2b:-42,6c:31:0e:56:e1:2d:-42
2026-04-17 00:58:29,A403,6c:31:0e:56:e1:24:-32,6c:31:0e:56:e1:23:-32,6c:31:0e:56:e1:25:-32,6c:31:0e:56:e1:2b:-42,6c:31:0e:56:e1:2d:-42
2026-04-17 00:58:32,A403,6c:31:0e:56:e1:2c:-34,6c:31:0e:56:e1:2a:-35,6c:31:0e:56:e1:2d:-35,6c:31:0e:56:e1:2f:-35,6c:31:0e:56:e1:2e:-35
2026-04-17 00:58:34,A403,6c:31:0e:56:e1:2c:-34,6c:31:0e:56:e1:2a:-35,6c:31:0e:56:e1:2d:-35,6c:31:0e:56:e1:2f:-35,6c:31:0e:56:e1:2e:-35
2026-04-17 00:58:37,A403,6c:31:0e:56:e1:24:-30,6c:31:0e:56:e1:25:-31,6c:31:0e:56:e1:2a:-38,6c:31:0e:56:e1:2e:-40,6c:31:0e:56:e1:2b:-41
2026-04-17 00:58:40,A403,6c:31:0e:56:e1:24:-30,6c:31:0e:56:e1:25:-31,6c:31:0e:56:e1:2a:-38,6c:31:0e:56:e1:2e:-40,6c:31:0e:56:e1:2b:-41
2026-04-17 00:58:41,A403,6c:31:0e:56:e1:24:-30,6c:31:0e:56:e1:25:-31,6c:31:0e:56:e1:2a:-38,6c:31:0e:56:e1:2e:-40,6c:31:0e:56:e1:2b:-41
2026-04-17 00:58:44,A403,6c:31:0e:56:e1:2f:-40,6c:31:0e:56:e1:2b:-41,6c:31:0e:56:e1:2d:-41,6c:31:0e:56:e1:2e:-41,6c:31:0e:56:e1:2c:-42
2026-04-17 00:58:46,A403,6c:31:0e:56:e1:2f:-40,6c:31:0e:56:e1:2b:-41,6c:31:0e:56:e1:2d:-41,6c:31:0e:56:e1:2e:-41,6c:31:0e:56:e1:2c:-42
2026-04-17 00:58:48,A403,6c:31:0e:56:e1:2f:-40,6c:31:0e:56:e1:2b:-41,6c:31:0e:56:e1:2d:-41,6c:31:0e:56:e1:2e:-41,6c:31:0e:56:e1:2c:-42
2026-04-17 00:58:50,A403,6c:31:0e:56:e1:22:-31,6c:31:0e:56:e1:24:-31,6c:31:0e:56:e1:25:-31,6c:31:0e:56:e1:23:-32,6c:31:0e:56:e1:2a:-46
2026-04-17 00:58:52,A403,6c:31:0e:56:e1:22:-31,6c:31:0e:56:e1:24:-31,6c:31:0e:56:e1:25:-31,6c:31:0e:56:e1:23:-32,6c:31:0e:56:e1:2a:-46
2026-04-17 00:58:54,A403,6c:31:0e:56:e1:22:-31,6c:31:0e:56:e1:24:-31,6c:31:0e:56:e1:25:-31,6c:31:0e:56:e1:23:-32,6c:31:0e:56:e1:2a:-46
2026-04-17 00:58:56,A403,6c:31:0e:56:e1:24:-31,6c:31:0e:56:e1:22:-32,6c:31:0e:56:e1:21:-32,6c:31:0e:56:e1:23:-32,6c:31:0e:56:e1:25:-32
2026-04-17 00:58:58,A403,6c:31:0e:56:e1:24:-31,6c:31:0e:56:e1:22:-32,6c:31:0e:56:e1:21:-32,6c:31:0e:56:e1:23:-32,6c:31:0e:56:e1:25:-32
2026-04-17 00:59:00,A403,6c:31:0e:56:e1:2a:-43,6c:31:0e:56:e1:2d:-48,6c:31:0e:56:e1:2b:-49,6c:31:0e:56:e1:2c:-49,6c:31:0e:56:e1:2f:-49
2026-04-17 00:59:02,A403,6c:31:0e:56:e1:2a:-43,6c:31:0e:56:e1:2d:-48,6c:31:0e:56:e1:2b:-49,6c:31:0e:56:e1:2c:-49,6c:31:0e:56:e1:2f:-49
2026-04-17 00:59:04,A403,6c:31:0e:56:e1:2a:-43,6c:31:0e:56:e1:2d:-48,6c:31:0e:56:e1:2b:-49,6c:31:0e:56:e1:2c:-49,6c:31:0e:56:e1:2f:-49
2026-04-17 00:59:07,A403,6c:31:0e:56:e1:2a:-41,6c:31:0e:56:e1:2b:-42,6c:31:0e:56:e1:2d:-42,6c:31:0e:56:e1:2f:-42,6c:31:0e:56:e1:2c:-43
2026-04-17 00:59:09,A403,6c:31:0e:56:e1:2a:-41,6c:31:0e:56:e1:2b:-42,6c:31:0e:56:e1:2d:-42,6c:31:0e:56:e1:2f:-42,6c:31:0e:56:e1:2c:-43
2026-04-17 00:59:11,A403,6c:31:0e:56:e1:2a:-41,6c:31:0e:56:e1:2b:-42,6c:31:0e:56:e1:2d:-42,6c:31:0e:56:e1:2f:-42,6c:31:0e:56:e1:2c:-43
2026-04-17 00:59:12,A403,6c:31:0e:56:e1:22:-33,6c:31:0e:56:e1:24:-33,6c:31:0e:56:e1:23:-33,6c:31:0e:56:e1:25:-33,6c:31:0e:56:e1:2c:-43
2026-04-17 00:59:14,A403,6c:31:0e:56:e1:22:-33,6c:31:0e:56:e1:24:-33,6c:31:0e:56:e1:23:-33,6c:31:0e:56:e1:25:-33,6c:31:0e:56:e1:2c:-43
2026-04-17 00:59:16,A403,6c:31:0e:56:e1:22:-33,6c:31:0e:56:e1:24:-33,6c:31:0e:56:e1:23:-33,6c:31:0e:56:e1:25:-33,6c:31:0e:56:e1:2c:-43
2026-04-17 00:59:18,A403,6c:31:0e:56:e1:22:-33,6c:31:0e:56:e1:24:-33,6c:31:0e:56:e1:25:-33,6c:31:0e:56:e1:23:-34,6c:31:0e:56:e1:2a:-44
2026-04-17 00:59:21,A403,6c:31:0e:56:e1:22:-33,6c:31:0e:56:e1:24:-33,6c:31:0e:56:e1:25:-33,6c:31:0e:56:e1:23:-34,6c:31:0e:56:e1:2a:-44
2026-04-17 00:59:23,A403,6c:31:0e:56:e1:22:-33,6c:31:0e:56:e1:24:-33,6c:31:0e:56:e1:25:-33,6c:31:0e:56:e1:23:-34,6c:31:0e:56:e1:2a:-44
2026-04-17 00:59:25,A403,6c:31:0e:56:e1:2b:-41,6c:31:0e:56:e1:2d:-41,6c:31:0e:56:e1:2c:-41,6c:31:0e:56:e1:2f:-41,6c:31:0e:56:e1:2e:-41
2026-04-17 00:59:27,A403,6c:31:0e:56:e1:2b:-41,6c:31:0e:56:e1:2d:-41,6c:31:0e:56:e1:2c:-41,6c:31:0e:56:e1:2f:-41,6c:31:0e:56:e1:2e:-41
2026-04-17 00:59:29,A403,6c:31:0e:56:e1:2b:-41,6c:31:0e:56:e1:2d:-41,6c:31:0e:56:e1:2c:-41,6c:31:0e:56:e1:2f:-41,6c:31:0e:56:e1:2e:-41
2026-04-17 00:59:31,A403,6c:31:0e:56:e1:2c:-44,6c:31:0e:56:e1:2f:-44,6c:31:0e:56:e1:2b:-45,6c:31:0e:56:e1:2a:-45,6c:31:0e:56:e1:2d:-45
2026-04-17 00:59:33,A403,6c:31:0e:56:e1:2c:-44,6c:31:0e:56:e1:2f:-44,6c:31:0e:56:e1:2b:-45,6c:31:0e:56:e1:2a:-45,6c:31:0e:56:e1:2d:-45
2026-04-17 00:59:36,A403,6c:31:0e:56:e1:2c:-44,6c:31:0e:56:e1:2f:-44,6c:31:0e:56:e1:2b:-45,6c:31:0e:56:e1:2a:-45,6c:31:0e:56:e1:2d:-45
2026-04-17 00:59:38,A403,6c:31:0e:56:e1:2d:-38,6c:31:0e:56:e1:2c:-38,6c:31:0e:56:e1:2b:-39,6c:31:0e:56:e1:2f:-39,6c:31:0e:56:e1:2e:-39
2026-04-17 00:59:41,A403,6c:31:0e:56:e1:2d:-38,6c:31:0e:56:e1:2c:-38,6c:31:0e:56:e1:2b:-39,6c:31:0e:56:e1:2f:-39,6c:31:0e:56:e1:2e:-39
2026-04-17 00:59:43,A403,6c:31:0e:56:e1:2a:-40,6c:31:0e:56:e1:2d:-44,6c:31:0e:56:e1:2c:-44,6c:31:0e:56:e1:2f:-44,6c:31:0e:56:e1:2b:-45
2026-04-17 00:59:45,A403,6c:31:0e:56:e1:2a:-40,6c:31:0e:56:e1:2d:-44,6c:31:0e:56:e1:2c:-44,6c:31:0e:56:e1:2f:-44,6c:31:0e:56:e1:2b:-45
2026-04-17 00:59:47,A403,6c:31:0e:56:e1:24:-30,6c:31:0e:56:e1:23:-30,6c:31:0e:56:e1:25:-30,6c:31:0e:56:e1:2a:-40,6c:31:0e:56:e1:2b:-42
2026-04-17 00:59:49,A403,6c:31:0e:56:e1:24:-30,6c:31:0e:56:e1:23:-30,6c:31:0e:56:e1:25:-30,6c:31:0e:56:e1:2a:-40,6c:31:0e:56:e1:2b:-42
2026-04-17 00:59:51,A403,6c:31:0e:56:e1:24:-30,6c:31:0e:56:e1:23:-30,6c:31:0e:56:e1:25:-30,6c:31:0e:56:e1:2a:-40,6c:31:0e:56:e1:2b:-42
2026-04-17 00:59:53,A403,6c:31:0e:56:e1:24:-36,6c:31:0e:56:e1:23:-36,6c:31:0e:56:e1:25:-36,6c:31:0e:56:e1:2a:-37,6c:31:0e:56:e1:2f:-40
2026-04-17 00:59:55,A403,6c:31:0e:56:e1:24:-36,6c:31:0e:56:e1:23:-36,6c:31:0e:56:e1:25:-36,6c:31:0e:56:e1:2a:-37,6c:31:0e:56:e1:2f:-40
2026-04-17 01:00:49,A404,40:01:7a:53:96:8c:-35,40:01:7a:53:96:8d:-36,40:01:7a:53:96:8f:-36,40:01:7a:53:96:8a:-36,40:01:7a:53:96:8e:-37
2026-04-17 01:00:52,A404,40:01:7a:53:96:8c:-35,40:01:7a:53:96:8d:-36,40:01:7a:53:96:8f:-36,40:01:7a:53:96:8a:-36,40:01:7a:53:96:8e:-37
2026-04-17 01:00:55,A404,40:01:7a:53:96:81:-35,40:01:7a:53:96:80:-35,40:01:7a:53:96:82:-35,40:01:7a:53:96:8c:-36,40:01:7a:53:96:8f:-36
2026-04-17 01:00:58,A404,40:01:7a:53:96:81:-35,40:01:7a:53:96:80:-35,40:01:7a:53:96:82:-35,40:01:7a:53:96:8c:-36,40:01:7a:53:96:8f:-36
2026-04-17 01:01:00,A404,40:01:7a:53:96:82:-39,40:01:7a:53:96:8d:-40,40:01:7a:53:96:81:-40,40:01:7a:53:96:80:-40,40:01:7a:53:96:8e:-41
2026-04-17 01:01:02,A404,40:01:7a:53:96:82:-39,40:01:7a:53:96:8d:-40,40:01:7a:53:96:81:-40,40:01:7a:53:96:80:-40,40:01:7a:53:96:8e:-41
2026-04-17 01:01:04,A404,40:01:7a:53:96:82:-39,40:01:7a:53:96:8d:-40,40:01:7a:53:96:81:-40,40:01:7a:53:96:80:-40,40:01:7a:53:96:8e:-41
2026-04-17 01:01:05,A404,40:01:7a:53:96:80:-34,40:01:7a:53:96:84:-35,40:01:7a:53:96:83:-35,40:01:7a:53:96:82:-35,5c:60:ba:2c:29:05:-44
2026-04-17 01:01:07,A404,40:01:7a:53:96:80:-34,40:01:7a:53:96:84:-35,40:01:7a:53:96:83:-35,40:01:7a:53:96:82:-35,5c:60:ba:2c:29:05:-44
2026-04-17 01:01:10,A404,40:01:7a:53:96:80:-34,40:01:7a:53:96:84:-35,40:01:7a:53:96:83:-35,40:01:7a:53:96:82:-35,5c:60:ba:2c:29:05:-44
2026-04-17 01:01:11,A404,40:01:7a:53:96:81:-32,40:01:7a:53:96:82:-32,40:01:7a:53:96:8b:-33,40:01:7a:53:96:8e:-34,40:01:7a:53:96:8c:-34
2026-04-17 01:01:13,A404,40:01:7a:53:96:81:-32,40:01:7a:53:96:82:-32,40:01:7a:53:96:8b:-33,40:01:7a:53:96:8e:-34,40:01:7a:53:96:8c:-34
2026-04-17 01:01:15,A404,40:01:7a:53:96:81:-32,40:01:7a:53:96:82:-32,40:01:7a:53:96:8b:-33,40:01:7a:53:96:8e:-34,40:01:7a:53:96:8c:-34
2026-04-17 01:01:17,A404,40:01:7a:53:96:81:-31,40:01:7a:53:96:82:-31,40:01:7a:53:96:8d:-32,40:01:7a:53:96:8f:-32,40:01:7a:53:96:80:-32
2026-04-17 01:01:19,A404,40:01:7a:53:96:81:-31,40:01:7a:53:96:82:-31,40:01:7a:53:96:8d:-32,40:01:7a:53:96:8f:-32,40:01:7a:53:96:80:-32
2026-04-17 01:01:21,A404,40:01:7a:53:96:81:-31,40:01:7a:53:96:82:-31,40:01:7a:53:96:8d:-32,40:01:7a:53:96:8f:-32,40:01:7a:53:96:80:-32
2026-04-17 01:01:23,A404,40:01:7a:53:96:82:-32,40:01:7a:53:96:81:-33,40:01:7a:53:96:80:-33,40:01:7a:53:96:83:-34,40:01:7a:53:96:8b:-44
2026-04-17 01:01:25,A404,40:01:7a:53:96:82:-32,40:01:7a:53:96:81:-33,40:01:7a:53:96:80:-33,40:01:7a:53:96:83:-34,40:01:7a:53:96:8b:-44
2026-04-17 01:01:26,A404,40:01:7a:53:96:82:-32,40:01:7a:53:96:81:-33,40:01:7a:53:96:80:-33,40:01:7a:53:96:83:-34,40:01:7a:53:96:8b:-44
2026-04-17 01:01:28,A404,40:01:7a:53:96:8e:-35,40:01:7a:53:96:81:-35,40:01:7a:53:96:82:-35,40:01:7a:53:96:8d:-36,40:01:7a:53:96:8c:-36
2026-04-17 01:01:31,A404,40:01:7a:53:96:8e:-35,40:01:7a:53:96:81:-35,40:01:7a:53:96:82:-35,40:01:7a:53:96:8d:-36,40:01:7a:53:96:8c:-36
2026-04-17 01:01:32,A404,40:01:7a:53:96:8e:-35,40:01:7a:53:96:81:-35,40:01:7a:53:96:82:-35,40:01:7a:53:96:8d:-36,40:01:7a:53:96:8c:-36
2026-04-17 01:01:34,A404,40:01:7a:53:96:8e:-35,40:01:7a:53:96:81:-35,40:01:7a:53:96:82:-35,40:01:7a:53:96:8d:-36,40:01:7a:53:96:8c:-36
2026-04-17 01:01:36,A404,40:01:7a:53:96:80:-32,40:01:7a:53:96:82:-32,40:01:7a:53:96:83:-34,40:01:7a:53:96:8b:-48,40:01:7a:53:96:8d:-49
2026-04-17 01:01:38,A404,40:01:7a:53:96:80:-32,40:01:7a:53:96:82:-32,40:01:7a:53:96:83:-34,40:01:7a:53:96:8b:-48,40:01:7a:53:96:8d:-49
2026-04-17 01:01:40,A404,40:01:7a:53:96:81:-34,40:01:7a:53:96:80:-34,40:01:7a:53:96:83:-34,40:01:7a:53:96:82:-34,40:01:7a:53:96:8b:-38
2026-04-17 01:01:44,A404,40:01:7a:53:96:81:-34,40:01:7a:53:96:80:-34,40:01:7a:53:96:83:-34,40:01:7a:53:96:82:-34,40:01:7a:53:96:8b:-38
2026-04-17 01:01:47,A404,40:01:7a:53:96:81:-34,40:01:7a:53:96:80:-34,40:01:7a:53:96:83:-34,40:01:7a:53:96:82:-34,40:01:7a:53:96:8b:-38
2026-04-17 01:01:49,A404,40:01:7a:53:96:81:-34,40:01:7a:53:96:80:-34,40:01:7a:53:96:82:-34,40:01:7a:53:96:8a:-41,40:01:7a:53:96:8e:-41
2026-04-17 01:01:51,A404,40:01:7a:53:96:81:-34,40:01:7a:53:96:80:-34,40:01:7a:53:96:82:-34,40:01:7a:53:96:8a:-41,40:01:7a:53:96:8e:-41
2026-04-17 01:01:53,A404,40:01:7a:53:96:81:-33,40:01:7a:53:96:80:-33,40:01:7a:53:96:82:-33,40:01:7a:53:96:8a:-38,40:01:7a:53:96:8e:-38
2026-04-17 01:01:54,A404,40:01:7a:53:96:81:-33,40:01:7a:53:96:80:-33,40:01:7a:53:96:82:-33,40:01:7a:53:96:8a:-38,40:01:7a:53:96:8e:-38
2026-04-17 01:01:57,A404,40:01:7a:53:96:81:-33,40:01:7a:53:96:80:-33,40:01:7a:53:96:82:-33,40:01:7a:53:96:8a:-38,40:01:7a:53:96:8e:-38
2026-04-17 01:01:58,A404,40:01:7a:53:96:81:-35,40:01:7a:53:96:80:-35,40:01:7a:53:96:83:-35,40:01:7a:53:96:82:-35,40:01:7a:53:96:8b:-38
2026-04-17 01:02:00,A404,40:01:7a:53:96:81:-35,40:01:7a:53:96:80:-35,40:01:7a:53:96:83:-35,40:01:7a:53:96:82:-35,40:01:7a:53:96:8b:-38
2026-04-17 01:02:02,A404,40:01:7a:53:96:81:-35,40:01:7a:53:96:80:-35,40:01:7a:53:96:83:-35,40:01:7a:53:96:82:-35,40:01:7a:53:96:8b:-38
2026-04-17 01:02:04,A404,40:01:7a:53:96:81:-35,40:01:7a:53:96:80:-35,40:01:7a:53:96:83:-35,40:01:7a:53:96:82:-35,40:01:7a:53:96:8b:-38
2026-04-17 01:02:05,A404,40:01:7a:53:96:80:-35,40:01:7a:53:96:82:-35,40:01:7a:53:96:81:-36,40:01:7a:53:96:83:-37,40:01:7a:53:96:8a:-39
2026-04-17 01:02:07,A404,40:01:7a:53:96:80:-35,40:01:7a:53:96:82:-35,40:01:7a:53:96:81:-36,40:01:7a:53:96:83:-37,40:01:7a:53:96:8a:-39
2026-04-17 01:02:10,A404,40:01:7a:53:96:81:-38,40:01:7a:53:96:80:-38,40:01:7a:53:96:82:-38,40:01:7a:53:96:8e:-41,40:01:7a:53:96:8f:-41
2026-04-17 01:02:11,A404,40:01:7a:53:96:81:-38,40:01:7a:53:96:80:-38,40:01:7a:53:96:82:-38,40:01:7a:53:96:8e:-41,40:01:7a:53:96:8f:-41
2026-04-17 01:02:14,A404,40:01:7a:53:96:81:-38,40:01:7a:53:96:80:-38,40:01:7a:53:96:82:-38,40:01:7a:53:96:8e:-41,40:01:7a:53:96:8f:-41
2026-04-17 01:02:16,A404,40:01:7a:53:96:8c:-45,40:01:7a:53:96:8b:-45,40:01:7a:53:96:8f:-45,40:01:7a:53:96:8e:-46,40:01:7a:53:96:8d:-46
2026-04-17 01:02:17,A404,40:01:7a:53:96:8c:-45,40:01:7a:53:96:8b:-45,40:01:7a:53:96:8f:-45,40:01:7a:53:96:8e:-46,40:01:7a:53:96:8d:-46
2026-04-17 01:02:20,A404,40:01:7a:53:96:8c:-45,40:01:7a:53:96:8b:-45,40:01:7a:53:96:8f:-45,40:01:7a:53:96:8e:-46,40:01:7a:53:96:8d:-46
2026-04-17 01:02:22,A404,40:01:7a:53:96:81:-35,40:01:7a:53:96:80:-35,40:01:7a:53:96:82:-35,40:01:7a:53:96:8a:-47,40:01:7a:53:96:8e:-48
2026-04-17 01:02:24,A404,40:01:7a:53:96:81:-35,40:01:7a:53:96:80:-35,40:01:7a:53:96:82:-35,40:01:7a:53:96:8a:-47,40:01:7a:53:96:8e:-48
2026-04-17 01:02:27,A404,40:01:7a:53:96:80:-37,40:01:7a:53:96:81:-38,40:01:7a:53:96:82:-38,40:01:7a:53:96:8d:-41,40:01:7a:53:96:8c:-41
2026-04-17 01:02:29,A404,40:01:7a:53:96:80:-37,40:01:7a:53:96:81:-38,40:01:7a:53:96:82:-38,40:01:7a:53:96:8d:-41,40:01:7a:53:96:8c:-41
2026-04-17 01:02:31,A404,40:01:7a:53:96:8e:-33,40:01:7a:53:96:8c:-33,40:01:7a:53:96:8f:-33,40:01:7a:53:96:8d:-34,40:01:7a:53:96:8b:-34
2026-04-17 01:02:34,A404,40:01:7a:53:96:8e:-33,40:01:7a:53:96:8c:-33,40:01:7a:53:96:8f:-33,40:01:7a:53:96:8d:-34,40:01:7a:53:96:8b:-34
2026-04-17 01:02:37,A404,40:01:7a:53:96:8e:-33,40:01:7a:53:96:8c:-33,40:01:7a:53:96:8f:-33,40:01:7a:53:96:8d:-34,40:01:7a:53:96:8b:-34
2026-04-17 01:02:39,A404,40:01:7a:53:96:81:-38,40:01:7a:53:96:8d:-40,40:01:7a:53:96:8c:-40,40:01:7a:53:96:80:-40,40:01:7a:53:96:82:-40
2026-04-17 01:02:43,A404,40:01:7a:53:96:81:-38,40:01:7a:53:96:8d:-40,40:01:7a:53:96:8c:-40,40:01:7a:53:96:80:-40,40:01:7a:53:96:82:-40
2026-04-17 01:02:45,A404,40:01:7a:53:96:8e:-35,40:01:7a:53:96:8f:-35,40:01:7a:53:96:8a:-35,40:01:7a:53:96:8c:-36,40:01:7a:53:96:8b:-36
2026-04-17 01:02:47,A404,40:01:7a:53:96:8e:-35,40:01:7a:53:96:8f:-35,40:01:7a:53:96:8a:-35,40:01:7a:53:96:8c:-36,40:01:7a:53:96:8b:-36
2026-04-17 01:02:49,A404,40:01:7a:53:96:8d:-37,40:01:7a:53:96:8e:-38,40:01:7a:53:96:8c:-38,40:01:7a:53:96:8b:-38,40:01:7a:53:96:8f:-38
2026-04-17 01:02:52,A404,40:01:7a:53:96:8d:-37,40:01:7a:53:96:8e:-38,40:01:7a:53:96:8c:-38,40:01:7a:53:96:8b:-38,40:01:7a:53:96:8f:-38
2026-04-17 01:02:54,A404,40:01:7a:53:96:8d:-37,40:01:7a:53:96:8e:-38,40:01:7a:53:96:8c:-38,40:01:7a:53:96:8b:-38,40:01:7a:53:96:8f:-38
2026-04-17 01:02:56,A404,40:01:7a:53:96:8a:-42,40:01:7a:53:96:8b:-42,40:01:7a:53:96:8f:-42,40:01:7a:53:96:8e:-43,40:01:7a:53:96:8d:-43
2026-04-17 01:02:58,A404,40:01:7a:53:96:8a:-42,40:01:7a:53:96:8b:-42,40:01:7a:53:96:8f:-42,40:01:7a:53:96:8e:-43,40:01:7a:53:96:8d:-43
2026-04-17 01:03:02,A404,40:01:7a:53:96:8a:-34,40:01:7a:53:96:8e:-35,40:01:7a:53:96:8c:-35,40:01:7a:53:96:8f:-35,40:01:7a:53:96:8d:-36
2026-04-17 01:03:04,A404,40:01:7a:53:96:8a:-34,40:01:7a:53:96:8e:-35,40:01:7a:53:96:8c:-35,40:01:7a:53:96:8f:-35,40:01:7a:53:96:8d:-36
2026-04-17 01:03:06,A404,40:01:7a:53:96:8a:-34,40:01:7a:53:96:8e:-35,40:01:7a:53:96:8c:-35,40:01:7a:53:96:8f:-35,40:01:7a:53:96:8d:-36
2026-04-17 01:03:08,A404,40:01:7a:53:96:8c:-34,40:01:7a:53:96:8b:-34,40:01:7a:53:96:8f:-34,40:01:7a:53:96:8e:-35,40:01:7a:53:96:8d:-35
2026-04-17 01:03:10,A404,40:01:7a:53:96:8c:-34,40:01:7a:53:96:8b:-34,40:01:7a:53:96:8f:-34,40:01:7a:53:96:8e:-35,40:01:7a:53:96:8d:-35
2026-04-17 01:03:13,A404,40:01:7a:53:96:8c:-34,40:01:7a:53:96:8b:-34,40:01:7a:53:96:8f:-34,40:01:7a:53:96:8e:-35,40:01:7a:53:96:8d:-35
2026-04-17 01:03:15,A404,40:01:7a:53:96:81:-36,40:01:7a:53:96:83:-36,40:01:7a:53:96:82:-36,40:01:7a:53:96:80:-37,40:01:7a:53:96:8b:-40
2026-04-17 01:03:17,A404,40:01:7a:53:96:81:-36,40:01:7a:53:96:83:-36,40:01:7a:53:96:82:-36,40:01:7a:53:96:80:-37,40:01:7a:53:96:8b:-40
2026-04-17 01:03:19,A404,40:01:7a:53:96:8a:-35,40:01:7a:53:96:8f:-36,40:01:7a:53:96:8e:-37,40:01:7a:53:96:8d:-37,40:01:7a:53:96:8c:-37
2026-04-17 01:03:22,A404,40:01:7a:53:96:8a:-35,40:01:7a:53:96:8f:-36,40:01:7a:53:96:8e:-37,40:01:7a:53:96:8d:-37,40:01:7a:53:96:8c:-37
2026-04-17 01:03:24,A404,40:01:7a:53:96:8a:-35,40:01:7a:53:96:8f:-36,40:01:7a:53:96:8e:-37,40:01:7a:53:96:8d:-37,40:01:7a:53:96:8c:-37
2026-04-17 01:03:27,A404,40:01:7a:53:96:82:-35,40:01:7a:53:96:83:-37,40:01:7a:53:96:81:-38,40:01:7a:53:96:80:-38,40:01:7a:53:96:8d:-40
2026-04-17 01:03:29,A404,40:01:7a:53:96:82:-35,40:01:7a:53:96:83:-37,40:01:7a:53:96:81:-38,40:01:7a:53:96:80:-38,40:01:7a:53:96:8d:-40
2026-04-17 01:03:31,A404,40:01:7a:53:96:81:-36,40:01:7a:53:96:82:-36,40:01:7a:53:96:80:-37,40:01:7a:53:96:8e:-45,40:01:7a:53:96:8d:-45
2026-04-17 01:03:33,A404,40:01:7a:53:96:81:-36,40:01:7a:53:96:82:-36,40:01:7a:53:96:80:-37,40:01:7a:53:96:8e:-45,40:01:7a:53:96:8d:-45
2026-04-17 01:03:35,A404,40:01:7a:53:96:81:-36,40:01:7a:53:96:82:-36,40:01:7a:53:96:80:-37,40:01:7a:53:96:8e:-45,40:01:7a:53:96:8d:-45
2026-04-17 01:03:37,A404,40:01:7a:53:96:81:-38,40:01:7a:53:96:80:-38,40:01:7a:53:96:82:-38,40:01:7a:53:96:8d:-39,40:01:7a:53:96:8e:-40
2026-04-17 01:03:39,A404,40:01:7a:53:96:81:-38,40:01:7a:53:96:80:-38,40:01:7a:53:96:82:-38,40:01:7a:53:96:8d:-39,40:01:7a:53:96:8e:-40
2026-04-17 01:03:41,A404,40:01:7a:53:96:81:-38,40:01:7a:53:96:80:-38,40:01:7a:53:96:82:-38,40:01:7a:53:96:8d:-39,40:01:7a:53:96:8e:-40
2026-04-17 01:03:43,A404,40:01:7a:53:96:8d:-36,40:01:7a:53:96:8b:-36,40:01:7a:53:96:8e:-38,40:01:7a:53:96:8c:-38,40:01:7a:53:96:8f:-38
2026-04-17 01:03:45,A404,40:01:7a:53:96:8d:-36,40:01:7a:53:96:8b:-36,40:01:7a:53:96:8e:-38,40:01:7a:53:96:8c:-38,40:01:7a:53:96:8f:-38
2026-04-17 01:03:48,A404,40:01:7a:53:96:8d:-36,40:01:7a:53:96:8b:-36,40:01:7a:53:96:8e:-38,40:01:7a:53:96:8c:-38,40:01:7a:53:96:8f:-38
2026-04-17 01:03:50,A404,40:01:7a:53:96:80:-36,40:01:7a:53:96:81:-38,40:01:7a:53:96:8a:-41,40:01:7a:53:96:8e:-42,40:01:7a:53:96:8b:-42
2026-04-17 01:03:52,A404,40:01:7a:53:96:80:-36,40:01:7a:53:96:81:-38,40:01:7a:53:96:8a:-41,40:01:7a:53:96:8e:-42,40:01:7a:53:96:8b:-42
2026-04-17 01:03:55,A404,40:01:7a:53:96:8e:-36,40:01:7a:53:96:8c:-37,40:01:7a:53:96:8f:-37,40:01:7a:53:96:8d:-38,40:01:7a:53:96:8b:-38
2026-04-17 01:03:57,A404,40:01:7a:53:96:8e:-36,40:01:7a:53:96:8c:-37,40:01:7a:53:96:8f:-37,40:01:7a:53:96:8d:-38,40:01:7a:53:96:8b:-38
2026-04-17 01:03:59,A404,40:01:7a:53:96:81:-37,40:01:7a:53:96:82:-39,40:01:7a:53:96:80:-40,40:01:7a:53:96:8a:-42,40:01:7a:53:96:8e:-43
2026-04-17 01:04:01,A404,40:01:7a:53:96:81:-37,40:01:7a:53:96:82:-39,40:01:7a:53:96:80:-40,40:01:7a:53:96:8a:-42,40:01:7a:53:96:8e:-43
2026-04-17 01:04:04,A404,40:01:7a:53:96:81:-37,40:01:7a:53:96:82:-39,40:01:7a:53:96:80:-40,40:01:7a:53:96:8a:-42,40:01:7a:53:96:8e:-43
2026-04-17 01:04:06,A404,40:01:7a:53:96:8d:-34,40:01:7a:53:96:8c:-34,40:01:7a:53:96:8b:-35,40:01:7a:53:96:8a:-35,40:01:7a:53:96:8e:-36
2026-04-17 01:04:08,A404,40:01:7a:53:96:8d:-34,40:01:7a:53:96:8c:-34,40:01:7a:53:96:8b:-35,40:01:7a:53:96:8a:-35,40:01:7a:53:96:8e:-36
2026-04-17 01:04:10,A404,40:01:7a:53:96:81:-40,40:01:7a:53:96:80:-40,40:01:7a:53:96:82:-41,40:01:7a:53:96:8e:-43,40:01:7a:53:96:8b:-43
2026-04-17 01:04:12,A404,40:01:7a:53:96:81:-40,40:01:7a:53:96:80:-40,40:01:7a:53:96:82:-41,40:01:7a:53:96:8e:-43,40:01:7a:53:96:8b:-43
2026-04-17 01:04:15,A404,40:01:7a:53:96:81:-40,40:01:7a:53:96:80:-40,40:01:7a:53:96:82:-41,40:01:7a:53:96:8e:-43,40:01:7a:53:96:8b:-43
2026-04-17 01:04:17,A404,40:01:7a:53:96:80:-38,40:01:7a:53:96:82:-39,40:01:7a:53:96:8e:-40,40:01:7a:53:96:8d:-40,40:01:7a:53:96:8c:-40
2026-04-17 01:04:19,A404,40:01:7a:53:96:80:-38,40:01:7a:53:96:82:-39,40:01:7a:53:96:8e:-40,40:01:7a:53:96:8d:-40,40:01:7a:53:96:8c:-40
2026-04-17 01:04:20,A404,40:01:7a:53:96:81:-38,40:01:7a:53:96:82:-38,40:01:7a:53:96:8e:-40,40:01:7a:53:96:8d:-40,40:01:7a:53:96:8c:-40
2026-04-17 01:09:52,A405,40:01:7a:53:96:8f:-35,40:01:7a:53:96:8a:-35,40:01:7a:53:96:8e:-36,40:01:7a:53:96:8d:-36,40:01:7a:53:96:8c:-36
2026-04-17 01:10:00,A405,40:01:7a:53:96:81:-28,40:01:7a:53:96:85:-28,40:01:7a:53:96:83:-28,40:01:7a:53:96:82:-28,40:01:7a:53:96:80:-29
2026-04-17 01:10:03,A405,40:01:7a:53:96:81:-28,40:01:7a:53:96:85:-28,40:01:7a:53:96:83:-28,40:01:7a:53:96:82:-28,40:01:7a:53:96:80:-29
2026-04-17 01:10:05,A405,40:01:7a:53:96:81:-31,40:01:7a:53:96:83:-31,40:01:7a:53:96:82:-31,40:01:7a:53:96:85:-32,40:01:7a:53:96:84:-32
2026-04-17 01:10:07,A405,40:01:7a:53:96:81:-31,40:01:7a:53:96:83:-31,40:01:7a:53:96:82:-31,40:01:7a:53:96:85:-32,40:01:7a:53:96:84:-32
2026-04-17 01:10:09,A405,40:01:7a:53:96:81:-32,40:01:7a:53:96:80:-32,40:01:7a:53:96:85:-32,40:01:7a:53:96:84:-32,40:01:7a:53:96:83:-32
2026-04-17 01:10:10,A405,40:01:7a:53:96:81:-32,40:01:7a:53:96:80:-32,40:01:7a:53:96:85:-32,40:01:7a:53:96:84:-32,40:01:7a:53:96:83:-32
2026-04-17 01:10:12,A405,40:01:7a:53:96:81:-32,40:01:7a:53:96:80:-32,40:01:7a:53:96:85:-32,40:01:7a:53:96:84:-32,40:01:7a:53:96:83:-32
2026-04-17 01:10:15,A405,40:01:7a:53:96:84:-31,40:01:7a:53:96:83:-31,40:01:7a:53:96:82:-31,40:01:7a:53:96:81:-32,40:01:7a:53:96:80:-32
2026-04-17 01:10:16,A405,40:01:7a:53:96:84:-31,40:01:7a:53:96:83:-31,40:01:7a:53:96:82:-31,40:01:7a:53:96:81:-32,40:01:7a:53:96:80:-32
2026-04-17 01:10:18,A405,40:01:7a:53:96:84:-31,40:01:7a:53:96:83:-31,40:01:7a:53:96:82:-31,40:01:7a:53:96:81:-32,40:01:7a:53:96:80:-32
2026-04-17 01:10:20,A405,40:01:7a:53:96:80:-29,40:01:7a:53:96:85:-32,40:01:7a:53:96:84:-32,40:01:7a:53:96:83:-32,40:01:7a:53:96:82:-32
2026-04-17 01:10:22,A405,40:01:7a:53:96:80:-29,40:01:7a:53:96:85:-32,40:01:7a:53:96:84:-32,40:01:7a:53:96:83:-32,40:01:7a:53:96:82:-32
2026-04-17 01:10:24,A405,40:01:7a:53:96:80:-29,40:01:7a:53:96:85:-32,40:01:7a:53:96:84:-32,40:01:7a:53:96:83:-32,40:01:7a:53:96:82:-32
2026-04-17 01:10:25,A405,40:01:7a:53:96:80:-29,40:01:7a:53:96:85:-32,40:01:7a:53:96:84:-32,40:01:7a:53:96:83:-32,40:01:7a:53:96:82:-32
2026-04-17 01:10:27,A405,40:01:7a:53:96:81:-32,40:01:7a:53:96:80:-32,40:01:7a:53:96:85:-32,40:01:7a:53:96:82:-32,40:01:7a:53:96:83:-33
2026-04-17 01:10:28,A405,40:01:7a:53:96:81:-32,40:01:7a:53:96:80:-32,40:01:7a:53:96:85:-32,40:01:7a:53:96:82:-32,40:01:7a:53:96:83:-33
2026-04-17 01:10:30,A405,40:01:7a:53:96:81:-32,40:01:7a:53:96:80:-32,40:01:7a:53:96:85:-32,40:01:7a:53:96:82:-32,40:01:7a:53:96:83:-33
2026-04-17 01:10:32,A405,40:01:7a:53:96:81:-32,40:01:7a:53:96:80:-32,40:01:7a:53:96:85:-32,40:01:7a:53:96:84:-32,40:01:7a:53:96:83:-32
2026-04-17 01:10:33,A405,40:01:7a:53:96:81:-32,40:01:7a:53:96:80:-32,40:01:7a:53:96:85:-32,40:01:7a:53:96:84:-32,40:01:7a:53:96:83:-32
2026-04-17 01:10:36,A405,40:01:7a:53:96:81:-32,40:01:7a:53:96:80:-32,40:01:7a:53:96:85:-32,40:01:7a:53:96:84:-32,40:01:7a:53:96:82:-32
2026-04-17 01:10:38,A405,40:01:7a:53:96:81:-32,40:01:7a:53:96:80:-32,40:01:7a:53:96:85:-32,40:01:7a:53:96:84:-32,40:01:7a:53:96:82:-32
2026-04-17 01:11:16,A405,40:01:7a:53:96:81:-27,40:01:7a:53:96:80:-27,40:01:7a:53:96:85:-27,40:01:7a:53:96:84:-27,40:01:7a:53:96:83:-27
2026-04-17 01:11:18,A405,40:01:7a:53:96:81:-27,40:01:7a:53:96:80:-27,40:01:7a:53:96:85:-27,40:01:7a:53:96:84:-27,40:01:7a:53:96:83:-27
2026-04-17 01:11:20,A405,40:01:7a:53:96:81:-30,40:01:7a:53:96:80:-30,40:01:7a:53:96:85:-30,40:01:7a:53:96:83:-30,40:01:7a:53:96:82:-30
2026-04-17 01:11:22,A405,40:01:7a:53:96:81:-30,40:01:7a:53:96:80:-30,40:01:7a:53:96:85:-30,40:01:7a:53:96:83:-30,40:01:7a:53:96:82:-30
2026-04-17 01:11:24,A405,40:01:7a:53:96:81:-30,40:01:7a:53:96:80:-30,40:01:7a:53:96:85:-30,40:01:7a:53:96:83:-30,40:01:7a:53:96:82:-30
2026-04-17 01:11:26,A405,40:01:7a:53:96:81:-31,40:01:7a:53:96:84:-31,40:01:7a:53:96:83:-31,40:01:7a:53:96:82:-31,40:01:7a:53:96:80:-32
2026-04-17 01:11:28,A405,40:01:7a:53:96:81:-31,40:01:7a:53:96:84:-31,40:01:7a:53:96:83:-31,40:01:7a:53:96:82:-31,40:01:7a:53:96:80:-32
2026-04-17 01:11:34,A405,40:01:7a:53:96:81:-32,40:01:7a:53:96:80:-32,40:01:7a:53:96:83:-32,40:01:7a:53:96:82:-32,40:01:7a:53:96:84:-33
2026-04-17 01:11:35,A405,40:01:7a:53:96:81:-32,40:01:7a:53:96:80:-32,40:01:7a:53:96:83:-32,40:01:7a:53:96:82:-32,40:01:7a:53:96:84:-33
2026-04-17 01:11:36,A405,40:01:7a:53:96:81:-32,40:01:7a:53:96:80:-32,40:01:7a:53:96:83:-32,40:01:7a:53:96:82:-32,40:01:7a:53:96:84:-33
2026-04-17 01:11:38,A405,40:01:7a:53:96:8a:-47,40:01:7a:53:96:8e:-47,40:01:7a:53:96:8d:-47,40:01:7a:53:96:8c:-47,40:01:7a:53:96:8b:-47
2026-04-17 01:11:40,A405,40:01:7a:53:96:8a:-47,40:01:7a:53:96:8e:-47,40:01:7a:53:96:8d:-47,40:01:7a:53:96:8c:-47,40:01:7a:53:96:8b:-47
2026-04-17 01:11:42,A405,40:01:7a:53:96:8a:-47,40:01:7a:53:96:8e:-47,40:01:7a:53:96:8d:-47,40:01:7a:53:96:8c:-47,40:01:7a:53:96:8b:-47
2026-04-17 01:11:43,A405,40:01:7a:53:96:8c:-45,40:01:7a:53:96:8d:-46,40:01:7a:53:96:8f:-46,40:01:7a:53:96:8a:-47,40:01:7a:53:96:8e:-47
2026-04-17 01:11:44,A405,40:01:7a:53:96:8c:-45,40:01:7a:53:96:8d:-46,40:01:7a:53:96:8f:-46,40:01:7a:53:96:8a:-47,40:01:7a:53:96:8e:-47
2026-04-17 01:11:46,A405,40:01:7a:53:96:8c:-45,40:01:7a:53:96:8d:-46,40:01:7a:53:96:8f:-46,40:01:7a:53:96:8a:-47,40:01:7a:53:96:8e:-47
2026-04-17 01:11:47,A405,40:01:7a:53:96:85:-29,40:01:7a:53:96:81:-31,40:01:7a:53:96:80:-31,40:01:7a:53:96:84:-31,40:01:7a:53:96:83:-31
2026-04-17 01:11:49,A405,40:01:7a:53:96:85:-29,40:01:7a:53:96:81:-31,40:01:7a:53:96:80:-31,40:01:7a:53:96:84:-31,40:01:7a:53:96:83:-31
2026-04-17 01:11:51,A405,40:01:7a:53:96:85:-29,40:01:7a:53:96:81:-31,40:01:7a:53:96:80:-31,40:01:7a:53:96:84:-31,40:01:7a:53:96:83:-31
2026-04-17 01:11:53,A405,40:01:7a:53:96:81:-33,40:01:7a:53:96:80:-33,40:01:7a:53:96:85:-33,40:01:7a:53:96:84:-33,40:01:7a:53:96:83:-33
2026-04-17 01:11:55,A405,40:01:7a:53:96:81:-33,40:01:7a:53:96:80:-33,40:01:7a:53:96:85:-33,40:01:7a:53:96:84:-33,40:01:7a:53:96:83:-33
2026-04-17 01:11:57,A405,40:01:7a:53:96:81:-33,40:01:7a:53:96:80:-33,40:01:7a:53:96:85:-33,40:01:7a:53:96:84:-33,40:01:7a:53:96:83:-33
2026-04-17 01:11:59,A405,40:01:7a:53:96:8a:-44,40:01:7a:53:96:8e:-44,40:01:7a:53:96:8d:-44,40:01:7a:53:96:8c:-44,40:01:7a:53:96:8b:-44
2026-04-17 01:12:01,A405,40:01:7a:53:96:8a:-44,40:01:7a:53:96:8e:-44,40:01:7a:53:96:8d:-44,40:01:7a:53:96:8c:-44,40:01:7a:53:96:8b:-44
2026-04-17 01:12:03,A405,40:01:7a:53:96:8a:-44,40:01:7a:53:96:8e:-44,40:01:7a:53:96:8d:-44,40:01:7a:53:96:8c:-44,40:01:7a:53:96:8b:-44
2026-04-17 01:12:05,A405,40:01:7a:53:96:8c:-39,40:01:7a:53:96:8f:-39,40:01:7a:53:96:8e:-40,40:01:7a:53:96:8b:-40,40:01:7a:53:96:8a:-40
2026-04-17 01:12:07,A405,40:01:7a:53:96:8c:-39,40:01:7a:53:96:8f:-39,40:01:7a:53:96:8e:-40,40:01:7a:53:96:8b:-40,40:01:7a:53:96:8a:-40
2026-04-17 01:12:08,A405,40:01:7a:53:96:8c:-39,40:01:7a:53:96:8f:-39,40:01:7a:53:96:8e:-40,40:01:7a:53:96:8b:-40,40:01:7a:53:96:8a:-40
2026-04-17 01:12:10,A405,40:01:7a:53:96:84:-31,40:01:7a:53:96:85:-32,40:01:7a:53:96:8a:-41,40:01:7a:53:96:8e:-42,40:01:7a:53:96:8d:-42
2026-04-17 01:12:12,A405,40:01:7a:53:96:84:-31,40:01:7a:53:96:85:-32,40:01:7a:53:96:8a:-41,40:01:7a:53:96:8e:-42,40:01:7a:53:96:8d:-42
2026-04-17 01:12:14,A405,40:01:7a:53:96:84:-31,40:01:7a:53:96:85:-32,40:01:7a:53:96:8a:-41,40:01:7a:53:96:8e:-42,40:01:7a:53:96:8d:-42
2026-04-17 01:12:16,A405,40:01:7a:53:96:80:-31,40:01:7a:53:96:83:-31,40:01:7a:53:96:82:-31,40:01:7a:53:96:81:-32,40:01:7a:53:96:85:-32
2026-04-17 01:12:17,A405,40:01:7a:53:96:80:-31,40:01:7a:53:96:83:-31,40:01:7a:53:96:82:-31,40:01:7a:53:96:81:-32,40:01:7a:53:96:85:-32
2026-04-17 01:12:19,A405,40:01:7a:53:96:80:-31,40:01:7a:53:96:83:-31,40:01:7a:53:96:82:-31,40:01:7a:53:96:81:-32,40:01:7a:53:96:85:-32
2026-04-17 01:12:22,A405,40:01:7a:53:96:84:-31,40:01:7a:53:96:81:-32,40:01:7a:53:96:80:-32,40:01:7a:53:96:85:-32,40:01:7a:53:96:83:-32
2026-04-17 01:12:24,A405,40:01:7a:53:96:84:-31,40:01:7a:53:96:81:-32,40:01:7a:53:96:80:-32,40:01:7a:53:96:85:-32,40:01:7a:53:96:83:-32
2026-04-17 01:12:25,A405,40:01:7a:53:96:84:-31,40:01:7a:53:96:81:-32,40:01:7a:53:96:80:-32,40:01:7a:53:96:85:-32,40:01:7a:53:96:83:-32
2026-04-17 01:12:27,A405,40:01:7a:53:96:8a:-44,40:01:7a:53:96:8e:-46,40:01:7a:53:96:8d:-46,40:01:7a:53:96:8c:-46,40:01:7a:53:96:8b:-46
2026-04-17 01:12:28,A405,40:01:7a:53:96:8a:-44,40:01:7a:53:96:8e:-46,40:01:7a:53:96:8d:-46,40:01:7a:53:96:8c:-46,40:01:7a:53:96:8b:-46
2026-04-17 01:12:29,A405,40:01:7a:53:96:8a:-44,40:01:7a:53:96:8e:-46,40:01:7a:53:96:8d:-46,40:01:7a:53:96:8c:-46,40:01:7a:53:96:8b:-46
2026-04-17 01:12:31,A405,40:01:7a:53:96:8a:-44,40:01:7a:53:96:8e:-46,40:01:7a:53:96:8d:-46,40:01:7a:53:96:8c:-46,40:01:7a:53:96:8b:-46
2026-04-17 01:12:32,A405,40:01:7a:53:96:81:-29,40:01:7a:53:96:80:-29,40:01:7a:53:96:84:-29,40:01:7a:53:96:83:-29,40:01:7a:53:96:82:-29
2026-04-17 01:12:34,A405,40:01:7a:53:96:81:-29,40:01:7a:53:96:80:-29,40:01:7a:53:96:84:-29,40:01:7a:53:96:83:-29,40:01:7a:53:96:82:-29
2026-04-17 01:12:35,A405,40:01:7a:53:96:81:-29,40:01:7a:53:96:80:-29,40:01:7a:53:96:84:-29,40:01:7a:53:96:83:-29,40:01:7a:53:96:82:-29
2026-04-17 01:12:37,A405,f8:0b:cb:f3:88:05:-47,40:01:7a:53:96:8e:-54,40:01:7a:53:96:8d:-54,40:01:7a:53:96:8c:-54,40:01:7a:53:96:8b:-54
2026-04-17 01:12:38,A405,f8:0b:cb:f3:88:05:-47,40:01:7a:53:96:8e:-54,40:01:7a:53:96:8d:-54,40:01:7a:53:96:8c:-54,40:01:7a:53:96:8b:-54
2026-04-17 01:12:40,A405,f8:0b:cb:f3:88:05:-47,40:01:7a:53:96:8e:-54,40:01:7a:53:96:8d:-54,40:01:7a:53:96:8c:-54,40:01:7a:53:96:8b:-54
2026-04-17 01:12:42,A405,f8:0b:cb:f3:88:05:-47,40:01:7a:53:96:8e:-54,40:01:7a:53:96:8d:-54,40:01:7a:53:96:8c:-54,40:01:7a:53:96:8b:-54
2026-04-17 01:12:43,A405,40:01:7a:53:96:81:-30,40:01:7a:53:96:85:-30,40:01:7a:53:96:83:-30,40:01:7a:53:96:82:-30,40:01:7a:53:96:84:-31
2026-04-17 01:12:45,A405,40:01:7a:53:96:81:-30,40:01:7a:53:96:85:-30,40:01:7a:53:96:83:-30,40:01:7a:53:96:82:-30,40:01:7a:53:96:84:-31
2026-04-17 01:12:46,A405,40:01:7a:53:96:81:-30,40:01:7a:53:96:85:-30,40:01:7a:53:96:83:-30,40:01:7a:53:96:82:-30,40:01:7a:53:96:84:-31
2026-04-17 01:12:49,A405,40:01:7a:53:96:8e:-37,40:01:7a:53:96:8d:-37,40:01:7a:53:96:8c:-37,40:01:7a:53:96:8b:-37,40:01:7a:53:96:8f:-37
2026-04-17 01:12:50,A405,40:01:7a:53:96:8e:-37,40:01:7a:53:96:8d:-37,40:01:7a:53:96:8c:-37,40:01:7a:53:96:8b:-37,40:01:7a:53:96:8f:-37
2026-04-17 01:12:51,A405,40:01:7a:53:96:8e:-37,40:01:7a:53:96:8d:-37,40:01:7a:53:96:8c:-37,40:01:7a:53:96:8b:-37,40:01:7a:53:96:8f:-37
2026-04-17 01:12:53,A405,40:01:7a:53:96:81:-32,40:01:7a:53:96:85:-32,40:01:7a:53:96:84:-32,40:01:7a:53:96:83:-32,40:01:7a:53:96:82:-32
2026-04-17 01:12:55,A405,40:01:7a:53:96:81:-32,40:01:7a:53:96:85:-32,40:01:7a:53:96:84:-32,40:01:7a:53:96:83:-32,40:01:7a:53:96:82:-32
2026-04-17 01:12:57,A405,40:01:7a:53:96:81:-27,40:01:7a:53:96:80:-27,40:01:7a:53:96:84:-27,40:01:7a:53:96:83:-27,40:01:7a:53:96:82:-27
2026-04-17 01:12:59,A405,40:01:7a:53:96:81:-27,40:01:7a:53:96:80:-27,40:01:7a:53:96:84:-27,40:01:7a:53:96:83:-27,40:01:7a:53:96:82:-27
2026-04-17 01:13:01,A405,40:01:7a:53:96:81:-27,40:01:7a:53:96:80:-27,40:01:7a:53:96:84:-27,40:01:7a:53:96:83:-27,40:01:7a:53:96:82:-27
2026-04-17 01:13:03,A405,40:01:7a:53:96:81:-26,40:01:7a:53:96:85:-27,40:01:7a:53:96:84:-27,40:01:7a:53:96:83:-27,40:01:7a:53:96:82:-27
2026-04-17 01:13:04,A405,40:01:7a:53:96:81:-26,40:01:7a:53:96:85:-27,40:01:7a:53:96:84:-27,40:01:7a:53:96:83:-27,40:01:7a:53:96:82:-27
2026-04-17 01:13:06,A405,40:01:7a:53:96:81:-26,40:01:7a:53:96:85:-27,40:01:7a:53:96:84:-27,40:01:7a:53:96:83:-27,40:01:7a:53:96:82:-27
2026-04-17 01:13:08,A405,40:01:7a:53:96:81:-26,40:01:7a:53:96:85:-27,40:01:7a:53:96:84:-27,40:01:7a:53:96:83:-27,40:01:7a:53:96:82:-27
2026-04-17 01:13:10,A405,40:01:7a:53:96:81:-30,40:01:7a:53:96:85:-31,40:01:7a:53:96:84:-31,40:01:7a:53:96:83:-31,40:01:7a:53:96:82:-31
2026-04-17 01:13:11,A405,40:01:7a:53:96:81:-30,40:01:7a:53:96:85:-31,40:01:7a:53:96:84:-31,40:01:7a:53:96:83:-31,40:01:7a:53:96:82:-31
2026-04-17 01:13:12,A405,40:01:7a:53:96:81:-30,40:01:7a:53:96:85:-31,40:01:7a:53:96:84:-31,40:01:7a:53:96:83:-31,40:01:7a:53:96:82:-31
2026-04-17 01:13:13,A405,40:01:7a:53:96:81:-30,40:01:7a:53:96:80:-30,40:01:7a:53:96:84:-30,40:01:7a:53:96:83:-30,40:01:7a:53:96:82:-30
2026-04-17 01:13:15,A405,40:01:7a:53:96:81:-30,40:01:7a:53:96:80:-30,40:01:7a:53:96:84:-30,40:01:7a:53:96:83:-30,40:01:7a:53:96:82:-30
2026-04-17 01:13:17,A405,40:01:7a:53:96:81:-30,40:01:7a:53:96:80:-30,40:01:7a:53:96:84:-30,40:01:7a:53:96:83:-30,40:01:7a:53:96:82:-30
2026-04-17 01:13:19,A405,40:01:7a:53:96:80:-30,40:01:7a:53:96:83:-30,40:01:7a:53:96:81:-31,40:01:7a:53:96:85:-31,40:01:7a:53:96:84:-31
2026-04-17 01:13:21,A405,40:01:7a:53:96:80:-30,40:01:7a:53:96:83:-30,40:01:7a:53:96:81:-31,40:01:7a:53:96:85:-31,40:01:7a:53:96:84:-31
2026-04-17 01:13:22,A405,40:01:7a:53:96:80:-30,40:01:7a:53:96:83:-30,40:01:7a:53:96:81:-31,40:01:7a:53:96:85:-31,40:01:7a:53:96:84:-31
2026-04-17 01:13:24,A405,40:01:7a:53:96:80:-30,40:01:7a:53:96:83:-30,40:01:7a:53:96:81:-31,40:01:7a:53:96:85:-31,40:01:7a:53:96:84:-31
2026-04-17 01:13:26,A405,40:01:7a:53:96:85:-32,40:01:7a:53:96:83:-32,40:01:7a:53:96:81:-33,40:01:7a:53:96:80:-33,40:01:7a:53:96:84:-33
2026-04-17 01:13:28,A405,40:01:7a:53:96:85:-32,40:01:7a:53:96:83:-32,40:01:7a:53:96:81:-33,40:01:7a:53:96:80:-33,40:01:7a:53:96:84:-33
2026-04-17 01:13:29,A405,40:01:7a:53:96:8e:-41,40:01:7a:53:96:8c:-41,40:01:7a:53:96:8d:-43,40:01:7a:53:96:8b:-43,40:01:7a:53:96:8f:-43
2026-04-17 01:13:31,A405,40:01:7a:53:96:8e:-41,40:01:7a:53:96:8c:-41,40:01:7a:53:96:8d:-43,40:01:7a:53:96:8b:-43,40:01:7a:53:96:8f:-43
2026-04-17 01:13:33,A405,40:01:7a:53:96:8e:-41,40:01:7a:53:96:8c:-41,40:01:7a:53:96:8d:-43,40:01:7a:53:96:8b:-43,40:01:7a:53:96:8f:-43
2026-04-17 01:13:34,A405,40:01:7a:53:96:8e:-41,40:01:7a:53:96:8c:-41,40:01:7a:53:96:8d:-43,40:01:7a:53:96:8b:-43,40:01:7a:53:96:8f:-43
2026-04-17 01:13:36,A405,40:01:7a:53:96:81:-31,40:01:7a:53:96:80:-31,40:01:7a:53:96:85:-31,40:01:7a:53:96:84:-31,40:01:7a:53:96:83:-31
2026-04-17 01:13:38,A405,40:01:7a:53:96:81:-31,40:01:7a:53:96:80:-31,40:01:7a:53:96:85:-31,40:01:7a:53:96:84:-31,40:01:7a:53:96:83:-31
2026-04-17 01:13:40,A405,40:01:7a:53:96:81:-31,40:01:7a:53:96:80:-31,40:01:7a:53:96:85:-31,40:01:7a:53:96:84:-31,40:01:7a:53:96:83:-31
2026-04-17 01:13:42,A405,40:01:7a:53:96:81:-31,40:01:7a:53:96:80:-31,40:01:7a:53:96:85:-31,40:01:7a:53:96:84:-31,40:01:7a:53:96:83:-31
2026-04-17 01:13:44,A405,40:01:7a:53:96:81:-31,40:01:7a:53:96:80:-31,40:01:7a:53:96:85:-31,40:01:7a:53:96:84:-31,40:01:7a:53:96:83:-31
2026-04-17 01:13:45,A405,40:01:7a:53:96:81:-30,40:01:7a:53:96:83:-30,40:01:7a:53:96:80:-31,40:01:7a:53:96:85:-31,40:01:7a:53:96:84:-31
2026-04-17 01:13:48,A405,40:01:7a:53:96:81:-30,40:01:7a:53:96:83:-30,40:01:7a:53:96:80:-31,40:01:7a:53:96:85:-31,40:01:7a:53:96:84:-31
2026-04-17 01:13:49,A405,40:01:7a:53:96:81:-30,40:01:7a:53:96:83:-30,40:01:7a:53:96:80:-31,40:01:7a:53:96:85:-31,40:01:7a:53:96:84:-31
2026-04-17 01:13:52,A405,40:01:7a:53:96:81:-29,40:01:7a:53:96:85:-29,40:01:7a:53:96:83:-29,40:01:7a:53:96:82:-29,40:01:7a:53:96:80:-30
2026-04-17 01:13:54,A405,40:01:7a:53:96:81:-29,40:01:7a:53:96:85:-29,40:01:7a:53:96:83:-29,40:01:7a:53:96:82:-29,40:01:7a:53:96:80:-30
2026-04-17 01:13:56,A405,40:01:7a:53:96:81:-29,40:01:7a:53:96:85:-29,40:01:7a:53:96:83:-29,40:01:7a:53:96:82:-29,40:01:7a:53:96:80:-30
2026-04-17 01:13:57,A405,40:01:7a:53:96:8b:-42,40:01:7a:53:96:8f:-42,40:01:7a:53:96:8e:-43,40:01:7a:53:96:8d:-43,40:01:7a:53:96:8c:-43
2026-04-17 01:13:59,A405,40:01:7a:53:96:8b:-42,40:01:7a:53:96:8f:-42,40:01:7a:53:96:8e:-43,40:01:7a:53:96:8d:-43,40:01:7a:53:96:8c:-43
2026-04-17 01:14:00,A405,40:01:7a:53:96:8b:-42,40:01:7a:53:96:8f:-42,40:01:7a:53:96:8e:-43,40:01:7a:53:96:8d:-43,40:01:7a:53:96:8c:-43
2026-04-17 01:14:02,A405,40:01:7a:53:96:8b:-42,40:01:7a:53:96:8f:-42,40:01:7a:53:96:8e:-43,40:01:7a:53:96:8d:-43,40:01:7a:53:96:8c:-43
2026-04-17 01:14:03,A405,40:01:7a:53:96:81:-32,40:01:7a:53:96:80:-32,40:01:7a:53:96:84:-32,40:01:7a:53:96:83:-32,40:01:7a:53:96:82:-32
2026-04-17 01:19:05,A407,f8:0b:cb:f3:88:05:-32,40:01:7a:53:96:81:-34,40:01:7a:53:96:80:-34,40:01:7a:53:96:84:-35,40:01:7a:53:96:83:-35
2026-04-17 01:19:08,A407,f8:0b:cb:f3:88:05:-32,40:01:7a:53:96:81:-34,40:01:7a:53:96:80:-34,40:01:7a:53:96:84:-35,40:01:7a:53:96:83:-35
2026-04-17 01:19:11,A407,f8:0b:cb:f3:88:05:-29,40:01:7a:53:96:80:-44,40:01:7a:53:96:85:-44,40:01:7a:53:96:84:-44,40:01:7a:53:96:83:-44
2026-04-17 01:19:13,A407,f8:0b:cb:f3:88:05:-29,40:01:7a:53:96:80:-44,40:01:7a:53:96:85:-44,40:01:7a:53:96:84:-44,40:01:7a:53:96:83:-44
2026-04-17 01:19:14,A407,f8:0b:cb:f3:88:05:-31,40:01:7a:53:96:81:-47,40:01:7a:53:96:80:-47,40:01:7a:53:96:85:-47,40:01:7a:53:96:84:-47
2026-04-17 01:19:16,A407,f8:0b:cb:f3:88:05:-31,40:01:7a:53:96:81:-47,40:01:7a:53:96:80:-47,40:01:7a:53:96:85:-47,40:01:7a:53:96:84:-47
2026-04-17 01:19:18,A407,f8:0b:cb:f3:88:05:-31,40:01:7a:53:96:81:-47,40:01:7a:53:96:80:-47,40:01:7a:53:96:85:-47,40:01:7a:53:96:84:-47
2026-04-17 01:19:20,A407,f8:0b:cb:f3:88:05:-29,40:01:7a:53:96:8e:-48,40:01:7a:53:96:8d:-48,40:01:7a:53:96:8f:-48,40:01:7a:53:96:8a:-49
2026-04-17 01:19:22,A407,f8:0b:cb:f3:88:05:-29,40:01:7a:53:96:8e:-48,40:01:7a:53:96:8d:-48,40:01:7a:53:96:8f:-48,40:01:7a:53:96:8a:-49
2026-04-17 01:19:24,A407,f8:0b:cb:f3:88:05:-29,40:01:7a:53:96:8e:-48,40:01:7a:53:96:8d:-48,40:01:7a:53:96:8f:-48,40:01:7a:53:96:8a:-49
2026-04-17 01:19:26,A407,f8:0b:cb:f3:88:05:-30,f8:0b:cb:f3:88:0a:-45,f8:0b:cb:f3:88:0b:-45,f8:0b:cb:f3:88:0c:-45,f8:0b:cb:f3:88:0d:-45
2026-04-17 01:19:27,A407,f8:0b:cb:f3:88:05:-30,f8:0b:cb:f3:88:0a:-45,f8:0b:cb:f3:88:0b:-45,f8:0b:cb:f3:88:0c:-45,f8:0b:cb:f3:88:0d:-45
2026-04-17 01:19:30,A407,f8:0b:cb:f3:88:05:-30,f8:0b:cb:f3:88:0a:-45,f8:0b:cb:f3:88:0b:-45,f8:0b:cb:f3:88:0c:-45,f8:0b:cb:f3:88:0d:-45
2026-04-17 01:19:31,A407,f8:0b:cb:f3:88:05:-26,f8:0b:cb:f3:88:0a:-45,f8:0b:cb:f3:88:0b:-45,f8:0b:cb:f3:88:0c:-45,f8:0b:cb:f3:88:0d:-45
2026-04-17 01:19:33,A407,f8:0b:cb:f3:88:05:-26,f8:0b:cb:f3:88:0a:-45,f8:0b:cb:f3:88:0b:-45,f8:0b:cb:f3:88:0c:-45,f8:0b:cb:f3:88:0d:-45
2026-04-17 01:19:35,A407,f8:0b:cb:f3:88:05:-26,f8:0b:cb:f3:88:0a:-45,f8:0b:cb:f3:88:0b:-45,f8:0b:cb:f3:88:0c:-45,f8:0b:cb:f3:88:0d:-45
2026-04-17 01:19:37,A407,f8:0b:cb:f3:88:05:-36,f8:0b:cb:f3:88:0a:-48,f8:0b:cb:f3:88:0b:-48,f8:0b:cb:f3:88:0c:-48,f8:0b:cb:f3:88:0d:-48
2026-04-17 01:19:39,A407,f8:0b:cb:f3:88:05:-36,f8:0b:cb:f3:88:0a:-48,f8:0b:cb:f3:88:0b:-48,f8:0b:cb:f3:88:0c:-48,f8:0b:cb:f3:88:0d:-48
2026-04-17 01:19:41,A407,f8:0b:cb:f3:88:05:-36,f8:0b:cb:f3:88:0a:-48,f8:0b:cb:f3:88:0b:-48,f8:0b:cb:f3:88:0c:-48,f8:0b:cb:f3:88:0d:-48
2026-04-17 01:19:43,A407,f8:0b:cb:f3:88:05:-33,f8:0b:cb:f3:88:0d:-47,f8:0b:cb:f3:88:0a:-48,f8:0b:cb:f3:88:0b:-48,f8:0b:cb:f3:88:0c:-48
2026-04-17 01:19:46,A407,f8:0b:cb:f3:88:05:-33,f8:0b:cb:f3:88:0d:-47,f8:0b:cb:f3:88:0a:-48,f8:0b:cb:f3:88:0b:-48,f8:0b:cb:f3:88:0c:-48
2026-04-17 01:19:48,A407,f8:0b:cb:f3:88:05:-33,f8:0b:cb:f3:88:0d:-47,f8:0b:cb:f3:88:0a:-48,f8:0b:cb:f3:88:0b:-48,f8:0b:cb:f3:88:0c:-48
2026-04-17 01:19:49,A407,f8:0b:cb:f3:88:05:-33,f8:0b:cb:f3:88:0d:-47,f8:0b:cb:f3:88:0a:-48,f8:0b:cb:f3:88:0b:-48,f8:0b:cb:f3:88:0c:-48
2026-04-17 01:19:52,A407,f8:0b:cb:f3:88:05:-34,b0:22:7a:a0:93:da:-54,40:01:7a:53:96:81:-55,40:01:7a:53:96:80:-55,40:01:7a:53:96:84:-55
2026-04-17 01:19:54,A407,f8:0b:cb:f3:88:05:-34,b0:22:7a:a0:93:da:-54,40:01:7a:53:96:81:-55,40:01:7a:53:96:80:-55,40:01:7a:53:96:84:-55
2026-04-17 01:19:55,A407,f8:0b:cb:f3:88:05:-35,b0:22:7a:a0:93:da:-51,f8:0b:cb:f3:88:0a:-53,f8:0b:cb:f3:88:0b:-53,f8:0b:cb:f3:88:0c:-53
2026-04-17 01:19:57,A407,f8:0b:cb:f3:88:05:-35,b0:22:7a:a0:93:da:-51,f8:0b:cb:f3:88:0a:-53,f8:0b:cb:f3:88:0b:-53,f8:0b:cb:f3:88:0c:-53
2026-04-17 01:19:59,A407,f8:0b:cb:f3:88:05:-35,b0:22:7a:a0:93:da:-51,f8:0b:cb:f3:88:0a:-53,f8:0b:cb:f3:88:0b:-53,f8:0b:cb:f3:88:0c:-53
2026-04-17 01:20:01,A407,f8:0b:cb:f3:88:05:-34,f8:0b:cb:f3:88:0a:-53,f8:0b:cb:f3:88:0b:-53,f8:0b:cb:f3:88:0c:-53,f8:0b:cb:f3:88:0d:-53
2026-04-17 01:20:03,A407,f8:0b:cb:f3:88:05:-34,f8:0b:cb:f3:88:0a:-53,f8:0b:cb:f3:88:0b:-53,f8:0b:cb:f3:88:0c:-53,f8:0b:cb:f3:88:0d:-53
2026-04-17 01:20:05,A407,f8:0b:cb:f3:88:05:-34,f8:0b:cb:f3:88:0a:-53,f8:0b:cb:f3:88:0b:-53,f8:0b:cb:f3:88:0c:-53,f8:0b:cb:f3:88:0d:-53
2026-04-17 01:20:06,A407,f8:0b:cb:f3:88:05:-34,f8:0b:cb:f3:88:0a:-53,f8:0b:cb:f3:88:0b:-53,f8:0b:cb:f3:88:0c:-53,f8:0b:cb:f3:88:0d:-53
2026-04-17 01:20:08,A407,f8:0b:cb:f3:88:05:-28,f8:0b:cb:f3:88:0a:-46,40:01:7a:53:96:80:-55,40:01:7a:53:96:85:-55,40:01:7a:53:96:84:-55
2026-04-17 01:20:10,A407,f8:0b:cb:f3:88:05:-28,f8:0b:cb:f3:88:0a:-46,40:01:7a:53:96:80:-55,40:01:7a:53:96:85:-55,40:01:7a:53:96:84:-55
2026-04-17 01:20:12,A407,f8:0b:cb:f3:88:05:-29,f8:0b:cb:f3:88:0a:-49,f8:0b:cb:f3:88:0b:-49,f8:0b:cb:f3:88:0c:-49,f8:0b:cb:f3:88:0d:-49
2026-04-17 01:20:14,A407,f8:0b:cb:f3:88:05:-29,f8:0b:cb:f3:88:0a:-49,f8:0b:cb:f3:88:0b:-49,f8:0b:cb:f3:88:0c:-49,f8:0b:cb:f3:88:0d:-49
2026-04-17 01:20:17,A407,f8:0b:cb:f3:88:05:-29,f8:0b:cb:f3:88:0a:-49,f8:0b:cb:f3:88:0b:-49,f8:0b:cb:f3:88:0c:-49,f8:0b:cb:f3:88:0d:-49
2026-04-17 01:20:23,A407,f8:0b:cb:f3:88:05:-28,f8:0b:cb:f3:88:0f:-47,f8:0b:cb:f3:88:0a:-48,f8:0b:cb:f3:88:0b:-48,f8:0b:cb:f3:88:0c:-48
2026-04-17 01:20:26,A407,f8:0b:cb:f3:88:05:-28,f8:0b:cb:f3:88:0f:-47,f8:0b:cb:f3:88:0a:-48,f8:0b:cb:f3:88:0b:-48,f8:0b:cb:f3:88:0c:-48
2026-04-17 01:20:28,A407,f8:0b:cb:f3:88:05:-24,f8:0b:cb:f3:88:0b:-43,f8:0b:cb:f3:88:0a:-44,f8:0b:cb:f3:88:0c:-44,f8:0b:cb:f3:88:0d:-44
2026-04-17 01:20:30,A407,f8:0b:cb:f3:88:05:-24,f8:0b:cb:f3:88:0b:-43,f8:0b:cb:f3:88:0a:-44,f8:0b:cb:f3:88:0c:-44,f8:0b:cb:f3:88:0d:-44
2026-04-17 01:20:31,A407,f8:0b:cb:f3:88:05:-24,f8:0b:cb:f3:88:0b:-43,f8:0b:cb:f3:88:0a:-44,f8:0b:cb:f3:88:0c:-44,f8:0b:cb:f3:88:0d:-44
2026-04-17 01:20:33,A407,f8:0b:cb:f3:88:05:-24,f8:0b:cb:f3:88:0b:-43,f8:0b:cb:f3:88:0a:-44,f8:0b:cb:f3:88:0c:-44,f8:0b:cb:f3:88:0d:-44
2026-04-17 01:20:35,A407,f8:0b:cb:f3:88:05:-28,40:01:7a:53:96:8e:-43,40:01:7a:53:96:8f:-43,40:01:7a:53:96:8d:-44,40:01:7a:53:96:8c:-44
2026-04-17 01:20:36,A407,f8:0b:cb:f3:88:05:-28,40:01:7a:53:96:8e:-43,40:01:7a:53:96:8f:-43,40:01:7a:53:96:8d:-44,40:01:7a:53:96:8c:-44
2026-04-17 01:20:38,A407,f8:0b:cb:f3:88:05:-28,40:01:7a:53:96:8e:-43,40:01:7a:53:96:8f:-43,40:01:7a:53:96:8d:-44,40:01:7a:53:96:8c:-44
2026-04-17 01:20:40,A407,f8:0b:cb:f3:88:05:-24,40:01:7a:53:96:8e:-44,40:01:7a:53:96:8d:-44,40:01:7a:53:96:8c:-44,40:01:7a:53:96:8b:-44
2026-04-17 01:20:41,A407,f8:0b:cb:f3:88:05:-24,40:01:7a:53:96:8e:-44,40:01:7a:53:96:8d:-44,40:01:7a:53:96:8c:-44,40:01:7a:53:96:8b:-44
2026-04-17 01:20:43,A407,f8:0b:cb:f3:88:05:-24,40:01:7a:53:96:8e:-44,40:01:7a:53:96:8d:-44,40:01:7a:53:96:8c:-44,40:01:7a:53:96:8b:-44
2026-04-17 01:20:45,A407,f8:0b:cb:f3:88:05:-27,40:01:7a:53:96:8a:-43,40:01:7a:53:96:8b:-44,40:01:7a:53:96:8e:-45,40:01:7a:53:96:8d:-45
2026-04-17 01:20:46,A407,f8:0b:cb:f3:88:05:-27,40:01:7a:53:96:8a:-43,40:01:7a:53:96:8b:-44,40:01:7a:53:96:8e:-45,40:01:7a:53:96:8d:-45
2026-04-17 01:20:48,A407,f8:0b:cb:f3:88:05:-27,40:01:7a:53:96:8a:-43,40:01:7a:53:96:8b:-44,40:01:7a:53:96:8e:-45,40:01:7a:53:96:8d:-45
2026-04-17 01:20:50,A407,f8:0b:cb:f3:88:05:-28,40:01:7a:53:96:8e:-45,40:01:7a:53:96:8c:-45,40:01:7a:53:96:8d:-46,40:01:7a:53:96:8b:-46
2026-04-17 01:20:51,A407,f8:0b:cb:f3:88:05:-28,40:01:7a:53:96:8e:-45,40:01:7a:53:96:8c:-45,40:01:7a:53:96:8d:-46,40:01:7a:53:96:8b:-46
2026-04-17 01:20:54,A407,f8:0b:cb:f3:88:05:-26,f8:0b:cb:f3:88:0a:-47,f8:0b:cb:f3:88:0b:-48,f8:0b:cb:f3:88:0c:-48,f8:0b:cb:f3:88:0d:-48
2026-04-17 01:20:56,A407,f8:0b:cb:f3:88:05:-26,f8:0b:cb:f3:88:0a:-47,f8:0b:cb:f3:88:0b:-48,f8:0b:cb:f3:88:0c:-48,f8:0b:cb:f3:88:0d:-48
2026-04-17 01:20:58,A407,f8:0b:cb:f3:88:05:-26,f8:0b:cb:f3:88:0a:-47,f8:0b:cb:f3:88:0b:-48,f8:0b:cb:f3:88:0c:-48,f8:0b:cb:f3:88:0d:-48
2026-04-17 01:20:59,A407,f8:0b:cb:f3:88:05:-26,f8:0b:cb:f3:88:0a:-47,f8:0b:cb:f3:88:0b:-48,f8:0b:cb:f3:88:0c:-48,f8:0b:cb:f3:88:0d:-48
2026-04-17 01:21:01,A407,f8:0b:cb:f3:88:05:-23,f8:0b:cb:f3:88:0a:-47,f8:0b:cb:f3:88:0b:-47,f8:0b:cb:f3:88:0c:-47,f8:0b:cb:f3:88:0d:-47
2026-04-17 01:21:02,A407,f8:0b:cb:f3:88:05:-23,f8:0b:cb:f3:88:0a:-47,f8:0b:cb:f3:88:0b:-47,f8:0b:cb:f3:88:0c:-47,f8:0b:cb:f3:88:0d:-47
2026-04-17 01:21:03,A407,f8:0b:cb:f3:88:05:-23,f8:0b:cb:f3:88:0a:-47,f8:0b:cb:f3:88:0b:-47,f8:0b:cb:f3:88:0c:-47,f8:0b:cb:f3:88:0d:-47
2026-04-17 01:21:05,A407,f8:0b:cb:f3:88:05:-28,40:01:7a:53:96:81:-49,40:01:7a:53:96:80:-49,40:01:7a:53:96:85:-49,40:01:7a:53:96:82:-49
2026-04-17 01:21:07,A407,f8:0b:cb:f3:88:05:-28,40:01:7a:53:96:81:-49,40:01:7a:53:96:80:-49,40:01:7a:53:96:85:-49,40:01:7a:53:96:82:-49
2026-04-17 01:21:09,A407,f8:0b:cb:f3:88:05:-28,40:01:7a:53:96:81:-49,40:01:7a:53:96:80:-49,40:01:7a:53:96:85:-49,40:01:7a:53:96:82:-49
2026-04-17 01:21:12,A407,f8:0b:cb:f3:88:05:-27,f8:0b:cb:f3:88:0a:-45,f8:0b:cb:f3:88:0b:-46,f8:0b:cb:f3:88:0c:-46,f8:0b:cb:f3:88:0d:-46
2026-04-17 01:21:14,A407,f8:0b:cb:f3:88:05:-27,f8:0b:cb:f3:88:0a:-45,f8:0b:cb:f3:88:0b:-46,f8:0b:cb:f3:88:0c:-46,f8:0b:cb:f3:88:0d:-46
2026-04-17 01:21:16,A407,f8:0b:cb:f3:88:05:-29,40:01:7a:53:96:81:-48,40:01:7a:53:96:80:-48,40:01:7a:53:96:83:-48,40:01:7a:53:96:82:-48
2026-04-17 01:21:18,A407,f8:0b:cb:f3:88:05:-29,40:01:7a:53:96:81:-48,40:01:7a:53:96:80:-48,40:01:7a:53:96:83:-48,40:01:7a:53:96:82:-48
2026-04-17 01:21:20,A407,f8:0b:cb:f3:88:05:-29,40:01:7a:53:96:81:-48,40:01:7a:53:96:80:-48,40:01:7a:53:96:83:-48,40:01:7a:53:96:82:-48
2026-04-17 01:21:22,A407,f8:0b:cb:f3:88:05:-33,f8:0b:cb:f3:88:0d:-47,f8:0b:cb:f3:88:0a:-48,f8:0b:cb:f3:88:0c:-48,f8:0b:cb:f3:88:0e:-48
2026-04-17 01:21:24,A407,f8:0b:cb:f3:88:05:-33,f8:0b:cb:f3:88:0d:-47,f8:0b:cb:f3:88:0a:-48,f8:0b:cb:f3:88:0c:-48,f8:0b:cb:f3:88:0e:-48
2026-04-17 01:21:26,A407,f8:0b:cb:f3:88:05:-33,f8:0b:cb:f3:88:0d:-47,f8:0b:cb:f3:88:0a:-48,f8:0b:cb:f3:88:0c:-48,f8:0b:cb:f3:88:0e:-48
2026-04-17 01:21:28,A407,f8:0b:cb:f3:88:05:-33,f8:0b:cb:f3:88:0b:-55,f8:0b:cb:f3:88:0d:-55,f8:0b:cb:f3:88:0e:-55,f8:0b:cb:f3:88:0f:-55
2026-04-17 01:21:30,A407,f8:0b:cb:f3:88:05:-33,f8:0b:cb:f3:88:0b:-55,f8:0b:cb:f3:88:0d:-55,f8:0b:cb:f3:88:0e:-55,f8:0b:cb:f3:88:0f:-55
2026-04-17 01:21:34,A407,f8:0b:cb:f3:88:05:-35,f8:0b:cb:f3:88:0a:-52,f8:0b:cb:f3:88:0b:-52,f8:0b:cb:f3:88:0c:-52,f8:0b:cb:f3:88:0d:-52
2026-04-17 01:21:37,A407,f8:0b:cb:f3:88:05:-35,f8:0b:cb:f3:88:0a:-52,f8:0b:cb:f3:88:0b:-52,f8:0b:cb:f3:88:0c:-52,f8:0b:cb:f3:88:0d:-52
2026-04-17 01:21:40,A407,f8:0b:cb:f3:88:05:-35,f8:0b:cb:f3:88:0a:-52,f8:0b:cb:f3:88:0b:-52,f8:0b:cb:f3:88:0c:-52,f8:0b:cb:f3:88:0d:-52
2026-04-17 01:21:42,A407,f8:0b:cb:f3:88:05:-38,f8:0b:cb:f3:88:0a:-47,f8:0b:cb:f3:88:0e:-47,f8:0b:cb:f3:88:0b:-48,f8:0b:cb:f3:88:0c:-48
2026-04-17 01:21:44,A407,f8:0b:cb:f3:88:05:-38,f8:0b:cb:f3:88:0a:-47,f8:0b:cb:f3:88:0e:-47,f8:0b:cb:f3:88:0b:-48,f8:0b:cb:f3:88:0c:-48
2026-04-17 01:21:46,A407,f8:0b:cb:f3:88:05:-40,f8:0b:cb:f3:88:0a:-52,f8:0b:cb:f3:88:0b:-52,f8:0b:cb:f3:88:0c:-52,f8:0b:cb:f3:88:0d:-52
2026-04-17 01:21:48,A407,f8:0b:cb:f3:88:05:-40,f8:0b:cb:f3:88:0a:-52,f8:0b:cb:f3:88:0b:-52,f8:0b:cb:f3:88:0c:-52,f8:0b:cb:f3:88:0d:-52
2026-04-17 01:21:50,A407,f8:0b:cb:f3:88:05:-40,f8:0b:cb:f3:88:0a:-52,f8:0b:cb:f3:88:0b:-52,f8:0b:cb:f3:88:0c:-52,f8:0b:cb:f3:88:0d:-52
2026-04-17 01:21:52,A407,f8:0b:cb:f3:88:05:-29,f8:0b:cb:f3:88:0d:-46,f8:0b:cb:f3:88:0a:-47,f8:0b:cb:f3:88:0b:-47,f8:0b:cb:f3:88:0c:-47
2026-04-17 01:21:54,A407,f8:0b:cb:f3:88:05:-29,f8:0b:cb:f3:88:0d:-46,f8:0b:cb:f3:88:0a:-47,f8:0b:cb:f3:88:0b:-47,f8:0b:cb:f3:88:0c:-47
2026-04-17 01:21:56,A407,f8:0b:cb:f3:88:05:-29,f8:0b:cb:f3:88:0d:-46,f8:0b:cb:f3:88:0a:-47,f8:0b:cb:f3:88:0b:-47,f8:0b:cb:f3:88:0c:-47
2026-04-17 01:21:57,A407,f8:0b:cb:f3:88:05:-34,f8:0b:cb:f3:88:0a:-51,f8:0b:cb:f3:88:0b:-51,f8:0b:cb:f3:88:0c:-51,f8:0b:cb:f3:88:0d:-51
2026-04-17 01:22:00,A407,f8:0b:cb:f3:88:05:-34,f8:0b:cb:f3:88:0a:-51,f8:0b:cb:f3:88:0b:-51,f8:0b:cb:f3:88:0c:-51,f8:0b:cb:f3:88:0d:-51
2026-04-17 01:22:02,A407,f8:0b:cb:f3:88:05:-34,f8:0b:cb:f3:88:0a:-51,f8:0b:cb:f3:88:0b:-51,f8:0b:cb:f3:88:0c:-51,f8:0b:cb:f3:88:0d:-51
2026-04-17 01:22:04,A407,f8:0b:cb:f3:88:05:-29,f8:0b:cb:f3:88:0a:-46,f8:0b:cb:f3:88:0b:-46,f8:0b:cb:f3:88:0c:-46,f8:0b:cb:f3:88:0d:-46
2026-04-17 01:22:06,A407,f8:0b:cb:f3:88:05:-29,f8:0b:cb:f3:88:0a:-46,f8:0b:cb:f3:88:0b:-46,f8:0b:cb:f3:88:0c:-46,f8:0b:cb:f3:88:0d:-46
2026-04-17 01:22:08,A407,f8:0b:cb:f3:88:05:-29,f8:0b:cb:f3:88:0a:-46,f8:0b:cb:f3:88:0b:-46,f8:0b:cb:f3:88:0c:-46,f8:0b:cb:f3:88:0d:-46
2026-04-17 01:22:11,A407,f8:0b:cb:f3:88:05:-29,f8:0b:cb:f3:88:0f:-44,f8:0b:cb:f3:88:0a:-45,f8:0b:cb:f3:88:0b:-45,f8:0b:cb:f3:88:0c:-45
2026-04-17 01:22:13,A407,f8:0b:cb:f3:88:05:-29,f8:0b:cb:f3:88:0f:-44,f8:0b:cb:f3:88:0a:-45,f8:0b:cb:f3:88:0b:-45,f8:0b:cb:f3:88:0c:-45
2026-04-17 01:22:16,A407,f8:0b:cb:f3:88:05:-32,f8:0b:cb:f3:88:0a:-48,f8:0b:cb:f3:88:0b:-48,f8:0b:cb:f3:88:0e:-48,f8:0b:cb:f3:88:0c:-49
2026-04-17 01:22:18,A407,f8:0b:cb:f3:88:05:-32,f8:0b:cb:f3:88:0a:-48,f8:0b:cb:f3:88:0b:-48,f8:0b:cb:f3:88:0e:-48,f8:0b:cb:f3:88:0c:-49
2026-04-17 01:22:21,A407,f8:0b:cb:f3:88:05:-30,40:01:7a:53:96:8e:-51,40:01:7a:53:96:8d:-51,40:01:7a:53:96:8c:-51,40:01:7a:53:96:8b:-51
2026-04-17 01:22:23,A407,f8:0b:cb:f3:88:05:-30,40:01:7a:53:96:8e:-51,40:01:7a:53:96:8d:-51,40:01:7a:53:96:8c:-51,40:01:7a:53:96:8b:-51
2026-04-17 01:22:25,A407,f8:0b:cb:f3:88:05:-29,f8:0b:cb:f3:88:0b:-47,f8:0b:cb:f3:88:0f:-47,f8:0b:cb:f3:88:0a:-48,f8:0b:cb:f3:88:0c:-48
2026-04-17 01:22:27,A407,f8:0b:cb:f3:88:05:-29,f8:0b:cb:f3:88:0b:-47,f8:0b:cb:f3:88:0f:-47,f8:0b:cb:f3:88:0a:-48,f8:0b:cb:f3:88:0c:-48
2026-04-17 01:22:29,A407,f8:0b:cb:f3:88:05:-29,f8:0b:cb:f3:88:0b:-47,f8:0b:cb:f3:88:0f:-47,f8:0b:cb:f3:88:0a:-48,f8:0b:cb:f3:88:0c:-48
2026-04-17 01:22:32,A407,f8:0b:cb:f3:88:05:-31,40:01:7a:53:96:81:-49,40:01:7a:53:96:80:-49,40:01:7a:53:96:84:-49,40:01:7a:53:96:83:-49
2026-04-17 01:22:34,A407,f8:0b:cb:f3:88:05:-31,40:01:7a:53:96:81:-49,40:01:7a:53:96:80:-49,40:01:7a:53:96:84:-49,40:01:7a:53:96:83:-49
2026-04-17 01:22:35,A407,f8:0b:cb:f3:88:05:-29,f8:0b:cb:f3:88:0a:-49,f8:0b:cb:f3:88:0b:-49,f8:0b:cb:f3:88:0d:-49,f8:0b:cb:f3:88:0e:-49
2026-04-17 01:22:37,A407,f8:0b:cb:f3:88:05:-29,f8:0b:cb:f3:88:0a:-49,f8:0b:cb:f3:88:0b:-49,f8:0b:cb:f3:88:0d:-49,f8:0b:cb:f3:88:0e:-49
2026-04-17 01:22:40,A407,f8:0b:cb:f3:88:05:-29,f8:0b:cb:f3:88:0a:-49,f8:0b:cb:f3:88:0b:-49,f8:0b:cb:f3:88:0d:-49,f8:0b:cb:f3:88:0e:-49
2026-04-17 01:22:42,A407,f8:0b:cb:f3:88:05:-32,40:01:7a:53:96:85:-51,40:01:7a:53:96:83:-51,40:01:7a:53:96:8c:-52,40:01:7a:53:96:8b:-52
2026-04-17 01:22:44,A407,f8:0b:cb:f3:88:05:-32,40:01:7a:53:96:85:-51,40:01:7a:53:96:83:-51,40:01:7a:53:96:8c:-52,40:01:7a:53:96:8b:-52
2026-04-17 01:22:47,A407,f8:0b:cb:f3:88:05:-31,f8:0b:cb:f3:88:0b:-45,f8:0b:cb:f3:88:0a:-46,f8:0b:cb:f3:88:0c:-46,f8:0b:cb:f3:88:0d:-46
2026-04-17 01:22:49,A407,f8:0b:cb:f3:88:05:-31,f8:0b:cb:f3:88:0b:-45,f8:0b:cb:f3:88:0a:-46,f8:0b:cb:f3:88:0c:-46,f8:0b:cb:f3:88:0d:-46
2026-04-17 01:22:51,A407,f8:0b:cb:f3:88:05:-31,f8:0b:cb:f3:88:0b:-45,f8:0b:cb:f3:88:0a:-46,f8:0b:cb:f3:88:0c:-46,f8:0b:cb:f3:88:0d:-46
2026-04-17 01:22:53,A407,f8:0b:cb:f3:88:05:-31,f8:0b:cb:f3:88:0a:-47,f8:0b:cb:f3:88:0c:-47,f8:0b:cb:f3:88:0f:-47,f8:0b:cb:f3:88:0b:-48
2026-04-17 01:22:55,A407,f8:0b:cb:f3:88:05:-31,f8:0b:cb:f3:88:0a:-47,f8:0b:cb:f3:88:0c:-47,f8:0b:cb:f3:88:0f:-47,f8:0b:cb:f3:88:0b:-48
2026-04-17 01:22:57,A407,f8:0b:cb:f3:88:05:-31,f8:0b:cb:f3:88:0a:-47,f8:0b:cb:f3:88:0c:-47,f8:0b:cb:f3:88:0f:-47,f8:0b:cb:f3:88:0b:-48
2026-04-17 01:22:58,A407,f8:0b:cb:f3:88:05:-31,f8:0b:cb:f3:88:0a:-47,f8:0b:cb:f3:88:0c:-47,f8:0b:cb:f3:88:0f:-47,f8:0b:cb:f3:88:0b:-48
2026-04-17 01:23:00,A407,f8:0b:cb:f3:88:05:-30,f8:0b:cb:f3:88:0a:-48,f8:0b:cb:f3:88:0b:-48,f8:0b:cb:f3:88:0c:-49,f8:0b:cb:f3:88:0d:-49
2026-04-17 01:23:02,A407,f8:0b:cb:f3:88:05:-30,f8:0b:cb:f3:88:0a:-48,f8:0b:cb:f3:88:0b:-48,f8:0b:cb:f3:88:0c:-49,f8:0b:cb:f3:88:0d:-49
2026-04-17 01:23:04,A407,f8:0b:cb:f3:88:05:-30,f8:0b:cb:f3:88:0a:-44,f8:0b:cb:f3:88:0f:-45,f8:0b:cb:f3:88:0b:-46,f8:0b:cb:f3:88:0c:-46
2026-04-17 01:23:06,A407,f8:0b:cb:f3:88:05:-30,f8:0b:cb:f3:88:0a:-44,f8:0b:cb:f3:88:0f:-45,f8:0b:cb:f3:88:0b:-46,f8:0b:cb:f3:88:0c:-46
2026-04-17 01:23:08,A407,f8:0b:cb:f3:88:05:-30,f8:0b:cb:f3:88:0a:-44,f8:0b:cb:f3:88:0f:-45,f8:0b:cb:f3:88:0b:-46,f8:0b:cb:f3:88:0c:-46
2026-04-17 01:23:10,A407,f8:0b:cb:f3:88:05:-33,40:01:7a:53:96:8b:-48,40:01:7a:53:96:8a:-49,40:01:7a:53:96:8e:-49,40:01:7a:53:96:8d:-49
2026-04-17 01:23:12,A407,f8:0b:cb:f3:88:05:-33,40:01:7a:53:96:8b:-48,40:01:7a:53:96:8a:-49,40:01:7a:53:96:8e:-49,40:01:7a:53:96:8d:-49
2026-04-17 01:23:14,A407,f8:0b:cb:f3:88:05:-33,40:01:7a:53:96:8b:-48,40:01:7a:53:96:8a:-49,40:01:7a:53:96:8e:-49,40:01:7a:53:96:8d:-49
2026-04-17 01:23:16,A407,f8:0b:cb:f3:88:05:-31,f8:0b:cb:f3:88:0b:-46,f8:0b:cb:f3:88:0a:-47,f8:0b:cb:f3:88:0c:-47,f8:0b:cb:f3:88:0d:-47
2026-04-17 01:24:08,A408,f8:0b:cb:f3:88:05:-32,40:01:7a:53:96:81:-44,40:01:7a:53:96:80:-44,40:01:7a:53:96:82:-45,40:01:7a:53:96:85:-48
2026-04-17 01:24:11,A408,f8:0b:cb:f3:88:05:-32,40:01:7a:53:96:81:-44,40:01:7a:53:96:80:-44,40:01:7a:53:96:82:-45,40:01:7a:53:96:85:-48
2026-04-17 01:24:14,A408,f8:0b:cb:f3:88:05:-30,f8:0b:cb:f3:88:0a:-36,f8:0b:cb:f3:88:0b:-36,f8:0b:cb:f3:88:0c:-36,f8:0b:cb:f3:88:0d:-36
2026-04-17 01:24:16,A408,f8:0b:cb:f3:88:05:-30,f8:0b:cb:f3:88:0a:-36,f8:0b:cb:f3:88:0b:-36,f8:0b:cb:f3:88:0c:-36,f8:0b:cb:f3:88:0d:-36
2026-04-17 01:24:18,A408,f8:0b:cb:f3:88:05:-30,f8:0b:cb:f3:88:0a:-41,f8:0b:cb:f3:88:0b:-41,f8:0b:cb:f3:88:0c:-41,f8:0b:cb:f3:88:0d:-41
2026-04-17 01:24:22,A408,f8:0b:cb:f3:88:05:-30,f8:0b:cb:f3:88:0a:-41,f8:0b:cb:f3:88:0b:-41,f8:0b:cb:f3:88:0c:-41,f8:0b:cb:f3:88:0d:-41
2026-04-17 01:24:23,A408,f8:0b:cb:f3:88:05:-27,f8:0b:cb:f3:88:0e:-46,f8:0b:cb:f3:88:0a:-48,f8:0b:cb:f3:88:0b:-48,f8:0b:cb:f3:88:0c:-48
2026-04-17 01:24:24,A408,f8:0b:cb:f3:88:05:-27,f8:0b:cb:f3:88:0e:-46,f8:0b:cb:f3:88:0a:-48,f8:0b:cb:f3:88:0b:-48,f8:0b:cb:f3:88:0c:-48
2026-04-17 01:24:26,A408,f8:0b:cb:f3:88:05:-27,f8:0b:cb:f3:88:0e:-46,f8:0b:cb:f3:88:0a:-48,f8:0b:cb:f3:88:0b:-48,f8:0b:cb:f3:88:0c:-48
2026-04-17 01:24:27,A408,f8:0b:cb:f3:88:05:-26,f8:0b:cb:f3:88:0f:-43,f8:0b:cb:f3:88:0a:-44,f8:0b:cb:f3:88:0b:-44,f8:0b:cb:f3:88:0c:-44
2026-04-17 01:24:30,A408,f8:0b:cb:f3:88:05:-26,f8:0b:cb:f3:88:0f:-43,f8:0b:cb:f3:88:0a:-44,f8:0b:cb:f3:88:0b:-44,f8:0b:cb:f3:88:0c:-44
2026-04-17 01:24:32,A408,f8:0b:cb:f3:88:05:-26,f8:0b:cb:f3:88:0f:-43,f8:0b:cb:f3:88:0a:-44,f8:0b:cb:f3:88:0b:-44,f8:0b:cb:f3:88:0c:-44
2026-04-17 01:24:34,A408,f8:0b:cb:f3:88:05:-26,f8:0b:cb:f3:88:0f:-43,f8:0b:cb:f3:88:0a:-44,f8:0b:cb:f3:88:0b:-44,f8:0b:cb:f3:88:0c:-44
2026-04-17 01:24:37,A408,f8:0b:cb:f3:88:05:-26,f8:0b:cb:f3:88:0d:-44,f8:0b:cb:f3:88:0b:-45,f8:0b:cb:f3:88:0f:-45,f8:0b:cb:f3:88:0a:-46
2026-04-17 01:24:39,A408,f8:0b:cb:f3:88:05:-26,f8:0b:cb:f3:88:0d:-44,f8:0b:cb:f3:88:0b:-45,f8:0b:cb:f3:88:0f:-45,f8:0b:cb:f3:88:0a:-46
2026-04-17 01:24:40,A408,f8:0b:cb:f3:88:05:-26,f8:0b:cb:f3:88:0d:-44,f8:0b:cb:f3:88:0b:-45,f8:0b:cb:f3:88:0f:-45,f8:0b:cb:f3:88:0a:-46
2026-04-17 01:24:43,A408,f8:0b:cb:f3:88:05:-25,f8:0b:cb:f3:88:0b:-45,f8:0b:cb:f3:88:0c:-45,f8:0b:cb:f3:88:0d:-45,f8:0b:cb:f3:88:0e:-45
2026-04-17 01:24:45,A408,f8:0b:cb:f3:88:05:-25,f8:0b:cb:f3:88:0b:-45,f8:0b:cb:f3:88:0c:-45,f8:0b:cb:f3:88:0d:-45,f8:0b:cb:f3:88:0e:-45
2026-04-17 01:24:48,A408,f8:0b:cb:f3:88:05:-28,f8:0b:cb:f3:88:0a:-42,f8:0b:cb:f3:88:0c:-42,f8:0b:cb:f3:88:0d:-42,f8:0b:cb:f3:88:0e:-42
2026-04-17 01:24:50,A408,f8:0b:cb:f3:88:05:-28,f8:0b:cb:f3:88:0a:-42,f8:0b:cb:f3:88:0c:-42,f8:0b:cb:f3:88:0d:-42,f8:0b:cb:f3:88:0e:-42
2026-04-17 01:24:52,A408,f8:0b:cb:f3:88:05:-28,f8:0b:cb:f3:88:0b:-49,f8:0b:cb:f3:88:0a:-50,f8:0b:cb:f3:88:0d:-50,40:01:7a:53:96:85:-50
2026-04-17 01:24:54,A408,f8:0b:cb:f3:88:05:-28,f8:0b:cb:f3:88:0b:-49,f8:0b:cb:f3:88:0a:-50,f8:0b:cb:f3:88:0d:-50,40:01:7a:53:96:85:-50
2026-04-17 01:24:57,A408,f8:0b:cb:f3:88:05:-29,f8:0b:cb:f3:88:0c:-50,f8:0b:cb:f3:88:0d:-50,f8:0b:cb:f3:88:0e:-50,f8:0b:cb:f3:88:0f:-50
2026-04-17 01:24:59,A408,f8:0b:cb:f3:88:05:-29,f8:0b:cb:f3:88:0c:-50,f8:0b:cb:f3:88:0d:-50,f8:0b:cb:f3:88:0e:-50,f8:0b:cb:f3:88:0f:-50
2026-04-17 01:25:02,A408,f8:0b:cb:f3:88:05:-24,f8:0b:cb:f3:88:0a:-45,f8:0b:cb:f3:88:0b:-45,f8:0b:cb:f3:88:0c:-45,f8:0b:cb:f3:88:0d:-45
2026-04-17 01:25:04,A408,f8:0b:cb:f3:88:05:-24,f8:0b:cb:f3:88:0a:-45,f8:0b:cb:f3:88:0b:-45,f8:0b:cb:f3:88:0c:-45,f8:0b:cb:f3:88:0d:-45
2026-04-17 01:25:07,A408,f8:0b:cb:f3:88:05:-29,f8:0b:cb:f3:88:0a:-36,f8:0b:cb:f3:88:0b:-36,f8:0b:cb:f3:88:0d:-36,f8:0b:cb:f3:88:0e:-36
2026-04-17 01:25:12,A408,f8:0b:cb:f3:88:05:-30,f8:0b:cb:f3:88:0e:-45,f8:0b:cb:f3:88:0a:-46,f8:0b:cb:f3:88:0b:-46,f8:0b:cb:f3:88:0c:-46
2026-04-17 01:25:14,A408,f8:0b:cb:f3:88:05:-30,f8:0b:cb:f3:88:0e:-45,f8:0b:cb:f3:88:0a:-46,f8:0b:cb:f3:88:0b:-46,f8:0b:cb:f3:88:0c:-46
2026-04-17 01:25:17,A408,f8:0b:cb:f3:88:05:-30,f8:0b:cb:f3:88:0d:-36,f8:0b:cb:f3:88:0e:-36,f8:0b:cb:f3:88:0f:-36,f8:0b:cb:f3:88:0b:-37
2026-04-17 01:25:19,A408,f8:0b:cb:f3:88:05:-30,f8:0b:cb:f3:88:0d:-36,f8:0b:cb:f3:88:0e:-36,f8:0b:cb:f3:88:0f:-36,f8:0b:cb:f3:88:0b:-37
2026-04-17 01:25:20,A408,f8:0b:cb:f3:88:05:-30,f8:0b:cb:f3:88:0d:-36,f8:0b:cb:f3:88:0e:-36,f8:0b:cb:f3:88:0f:-36,f8:0b:cb:f3:88:0b:-37
2026-04-17 01:25:22,A408,f8:0b:cb:f3:88:05:-28,f8:0b:cb:f3:88:00:-31,f8:0b:cb:f3:88:01:-31,f8:0b:cb:f3:88:03:-31,f8:0b:cb:f3:88:04:-31
2026-04-17 01:25:23,A408,f8:0b:cb:f3:88:05:-28,f8:0b:cb:f3:88:00:-31,f8:0b:cb:f3:88:01:-31,f8:0b:cb:f3:88:03:-31,f8:0b:cb:f3:88:04:-31
2026-04-17 01:25:25,A408,f8:0b:cb:f3:88:05:-28,f8:0b:cb:f3:88:00:-31,f8:0b:cb:f3:88:01:-31,f8:0b:cb:f3:88:03:-31,f8:0b:cb:f3:88:04:-31
2026-04-17 01:25:27,A408,f8:0b:cb:f3:88:05:-28,f8:0b:cb:f3:88:0e:-42,f8:0b:cb:f3:88:0a:-43,f8:0b:cb:f3:88:0b:-43,f8:0b:cb:f3:88:0c:-43
2026-04-17 01:25:29,A408,f8:0b:cb:f3:88:05:-28,f8:0b:cb:f3:88:0e:-42,f8:0b:cb:f3:88:0a:-43,f8:0b:cb:f3:88:0b:-43,f8:0b:cb:f3:88:0c:-43
2026-04-17 01:25:31,A408,f8:0b:cb:f3:88:05:-26,f8:0b:cb:f3:88:0e:-41,f8:0b:cb:f3:88:0a:-42,f8:0b:cb:f3:88:0b:-42,f8:0b:cb:f3:88:0c:-42
2026-04-17 01:25:32,A408,f8:0b:cb:f3:88:05:-26,f8:0b:cb:f3:88:0e:-41,f8:0b:cb:f3:88:0a:-42,f8:0b:cb:f3:88:0b:-42,f8:0b:cb:f3:88:0c:-42
2026-04-17 01:25:34,A408,f8:0b:cb:f3:88:05:-26,f8:0b:cb:f3:88:0e:-41,f8:0b:cb:f3:88:0a:-42,f8:0b:cb:f3:88:0b:-42,f8:0b:cb:f3:88:0c:-42
2026-04-17 01:25:35,A408,f8:0b:cb:f3:88:05:-26,f8:0b:cb:f3:88:0e:-41,f8:0b:cb:f3:88:0a:-42,f8:0b:cb:f3:88:0b:-42,f8:0b:cb:f3:88:0c:-42
2026-04-17 01:25:37,A408,f8:0b:cb:f3:88:05:-28,f8:0b:cb:f3:88:0d:-43,f8:0b:cb:f3:88:0f:-44,f8:0b:cb:f3:88:0a:-45,f8:0b:cb:f3:88:0b:-45
2026-04-17 01:25:39,A408,f8:0b:cb:f3:88:05:-28,f8:0b:cb:f3:88:0d:-43,f8:0b:cb:f3:88:0f:-44,f8:0b:cb:f3:88:0a:-45,f8:0b:cb:f3:88:0b:-45
2026-04-17 01:25:40,A408,f8:0b:cb:f3:88:05:-28,f8:0b:cb:f3:88:0d:-43,f8:0b:cb:f3:88:0f:-44,f8:0b:cb:f3:88:0a:-45,f8:0b:cb:f3:88:0b:-45
2026-04-17 01:25:42,A408,f8:0b:cb:f3:88:05:-26,f8:0b:cb:f3:88:0b:-46,f8:0b:cb:f3:88:0f:-46,f8:0b:cb:f3:88:0a:-47,f8:0b:cb:f3:88:0c:-47
2026-04-17 01:25:43,A408,f8:0b:cb:f3:88:05:-26,f8:0b:cb:f3:88:0b:-46,f8:0b:cb:f3:88:0f:-46,f8:0b:cb:f3:88:0a:-47,f8:0b:cb:f3:88:0c:-47
2026-04-17 01:25:45,A408,f8:0b:cb:f3:88:05:-26,f8:0b:cb:f3:88:0b:-46,f8:0b:cb:f3:88:0f:-46,f8:0b:cb:f3:88:0a:-47,f8:0b:cb:f3:88:0c:-47
2026-04-17 01:25:46,A408,f8:0b:cb:f3:88:05:-26,f8:0b:cb:f3:88:0c:-39,f8:0b:cb:f3:88:0d:-39,f8:0b:cb:f3:88:0e:-39,f8:0b:cb:f3:88:0f:-39
2026-04-17 01:25:48,A408,f8:0b:cb:f3:88:05:-26,f8:0b:cb:f3:88:0c:-39,f8:0b:cb:f3:88:0d:-39,f8:0b:cb:f3:88:0e:-39,f8:0b:cb:f3:88:0f:-39
2026-04-17 01:25:50,A408,f8:0b:cb:f3:88:05:-26,f8:0b:cb:f3:88:0d:-42,f8:0b:cb:f3:88:0a:-43,f8:0b:cb:f3:88:0b:-43,f8:0b:cb:f3:88:0c:-43
2026-04-17 01:25:52,A408,f8:0b:cb:f3:88:05:-26,f8:0b:cb:f3:88:0d:-42,f8:0b:cb:f3:88:0a:-43,f8:0b:cb:f3:88:0b:-43,f8:0b:cb:f3:88:0c:-43
2026-04-17 01:25:54,A408,f8:0b:cb:f3:88:05:-26,f8:0b:cb:f3:88:0d:-42,f8:0b:cb:f3:88:0a:-43,f8:0b:cb:f3:88:0b:-43,f8:0b:cb:f3:88:0c:-43
2026-04-17 01:25:56,A408,f8:0b:cb:f3:88:05:-31,f8:0b:cb:f3:88:0f:-38,f8:0b:cb:f3:88:0a:-39,f8:0b:cb:f3:88:0b:-39,f8:0b:cb:f3:88:0c:-39
2026-04-17 01:25:58,A408,f8:0b:cb:f3:88:05:-31,f8:0b:cb:f3:88:0f:-38,f8:0b:cb:f3:88:0a:-39,f8:0b:cb:f3:88:0b:-39,f8:0b:cb:f3:88:0c:-39
2026-04-17 01:26:00,A408,f8:0b:cb:f3:88:05:-31,f8:0b:cb:f3:88:0f:-38,f8:0b:cb:f3:88:0a:-39,f8:0b:cb:f3:88:0b:-39,f8:0b:cb:f3:88:0c:-39
2026-04-17 01:26:02,A408,f8:0b:cb:f3:88:05:-32,f8:0b:cb:f3:88:0a:-41,f8:0b:cb:f3:88:0b:-41,f8:0b:cb:f3:88:0c:-41,f8:0b:cb:f3:88:0d:-41
2026-04-17 01:26:03,A408,f8:0b:cb:f3:88:05:-32,f8:0b:cb:f3:88:0a:-41,f8:0b:cb:f3:88:0b:-41,f8:0b:cb:f3:88:0c:-41,f8:0b:cb:f3:88:0d:-41
2026-04-17 01:26:06,A408,f8:0b:cb:f3:88:05:-32,f8:0b:cb:f3:88:0a:-41,f8:0b:cb:f3:88:0b:-41,f8:0b:cb:f3:88:0c:-41,f8:0b:cb:f3:88:0d:-41
2026-04-17 01:26:08,A408,f8:0b:cb:f3:88:05:-26,40:01:7a:53:96:8e:-55,40:01:7a:53:96:8f:-55,40:01:7a:53:96:8a:-56,40:01:7a:53:96:8d:-56
2026-04-17 01:26:09,A408,f8:0b:cb:f3:88:05:-26,40:01:7a:53:96:8e:-55,40:01:7a:53:96:8f:-55,40:01:7a:53:96:8a:-56,40:01:7a:53:96:8d:-56
2026-04-17 01:26:12,A408,f8:0b:cb:f3:88:05:-26,40:01:7a:53:96:8e:-55,40:01:7a:53:96:8f:-55,40:01:7a:53:96:8a:-56,40:01:7a:53:96:8d:-56
2026-04-17 01:26:14,A408,f8:0b:cb:f3:88:05:-33,f8:0b:cb:f3:88:0e:-44,f8:0b:cb:f3:88:0a:-45,f8:0b:cb:f3:88:0b:-45,f8:0b:cb:f3:88:0c:-45
2026-04-17 01:26:15,A408,f8:0b:cb:f3:88:05:-33,f8:0b:cb:f3:88:0e:-44,f8:0b:cb:f3:88:0a:-45,f8:0b:cb:f3:88:0b:-45,f8:0b:cb:f3:88:0c:-45
2026-04-17 01:26:17,A408,f8:0b:cb:f3:88:05:-33,f8:0b:cb:f3:88:0e:-44,f8:0b:cb:f3:88:0a:-45,f8:0b:cb:f3:88:0b:-45,f8:0b:cb:f3:88:0c:-45
2026-04-17 01:26:20,A408,f8:0b:cb:f3:88:05:-28,40:01:7a:53:96:8b:-43,40:01:7a:53:96:8f:-45,40:01:7a:53:96:8a:-45,40:01:7a:53:96:8e:-46
2026-04-17 01:26:22,A408,f8:0b:cb:f3:88:05:-28,40:01:7a:53:96:8b:-43,40:01:7a:53:96:8f:-45,40:01:7a:53:96:8a:-45,40:01:7a:53:96:8e:-46
2026-04-17 01:26:24,A408,f8:0b:cb:f3:88:05:-28,f8:0b:cb:f3:88:0a:-47,f8:0b:cb:f3:88:0c:-47,40:01:7a:53:96:8f:-47,f8:0b:cb:f3:88:0b:-48
2026-04-17 01:26:26,A408,f8:0b:cb:f3:88:05:-28,f8:0b:cb:f3:88:0a:-47,f8:0b:cb:f3:88:0c:-47,40:01:7a:53:96:8f:-47,f8:0b:cb:f3:88:0b:-48
2026-04-17 01:26:29,A408,f8:0b:cb:f3:88:05:-28,f8:0b:cb:f3:88:0a:-47,f8:0b:cb:f3:88:0c:-47,40:01:7a:53:96:8f:-47,f8:0b:cb:f3:88:0b:-48
2026-04-17 01:26:31,A408,f8:0b:cb:f3:88:00:-27,f8:0b:cb:f3:88:05:-30,f8:0b:cb:f3:88:0a:-35,f8:0b:cb:f3:88:0b:-35,f8:0b:cb:f3:88:0c:-35
2026-04-17 01:26:33,A408,f8:0b:cb:f3:88:00:-27,f8:0b:cb:f3:88:05:-30,f8:0b:cb:f3:88:0a:-35,f8:0b:cb:f3:88:0b:-35,f8:0b:cb:f3:88:0c:-35
2026-04-17 01:26:36,A408,f8:0b:cb:f3:88:05:-26,f8:0b:cb:f3:88:0b:-36,f8:0b:cb:f3:88:0c:-36,f8:0b:cb:f3:88:0d:-36,f8:0b:cb:f3:88:0e:-36
2026-04-17 01:26:38,A408,f8:0b:cb:f3:88:05:-26,f8:0b:cb:f3:88:0b:-36,f8:0b:cb:f3:88:0c:-36,f8:0b:cb:f3:88:0d:-36,f8:0b:cb:f3:88:0e:-36
2026-04-17 01:26:41,A408,f8:0b:cb:f3:88:05:-32,f8:0b:cb:f3:88:0a:-42,f8:0b:cb:f3:88:0b:-43,f8:0b:cb:f3:88:0c:-43,f8:0b:cb:f3:88:0d:-43
2026-04-17 01:26:43,A408,f8:0b:cb:f3:88:05:-32,f8:0b:cb:f3:88:0a:-42,f8:0b:cb:f3:88:0b:-43,f8:0b:cb:f3:88:0c:-43,f8:0b:cb:f3:88:0d:-43
2026-04-17 01:26:46,A408,f8:0b:cb:f3:88:05:-22,f8:0b:cb:f3:88:0f:-32,f8:0b:cb:f3:88:0a:-33,f8:0b:cb:f3:88:0b:-33,f8:0b:cb:f3:88:0c:-33
2026-04-17 01:26:48,A408,f8:0b:cb:f3:88:05:-22,f8:0b:cb:f3:88:0f:-32,f8:0b:cb:f3:88:0a:-33,f8:0b:cb:f3:88:0b:-33,f8:0b:cb:f3:88:0c:-33
2026-04-17 01:26:52,A408,f8:0b:cb:f3:88:05:-28,f8:0b:cb:f3:88:0a:-36,f8:0b:cb:f3:88:0c:-36,f8:0b:cb:f3:88:0d:-36,f8:0b:cb:f3:88:0f:-36
2026-04-17 01:26:54,A408,f8:0b:cb:f3:88:05:-28,f8:0b:cb:f3:88:0a:-36,f8:0b:cb:f3:88:0c:-36,f8:0b:cb:f3:88:0d:-36,f8:0b:cb:f3:88:0f:-36
2026-04-17 01:26:56,A408,f8:0b:cb:f3:88:05:-27,f8:0b:cb:f3:88:0a:-37,f8:0b:cb:f3:88:0b:-37,f8:0b:cb:f3:88:0c:-37,f8:0b:cb:f3:88:0d:-37
2026-04-17 01:26:58,A408,f8:0b:cb:f3:88:05:-27,f8:0b:cb:f3:88:0a:-37,f8:0b:cb:f3:88:0b:-37,f8:0b:cb:f3:88:0c:-37,f8:0b:cb:f3:88:0d:-37
2026-04-17 01:27:00,A408,f8:0b:cb:f3:88:05:-27,f8:0b:cb:f3:88:0a:-37,f8:0b:cb:f3:88:0b:-37,f8:0b:cb:f3:88:0c:-37,f8:0b:cb:f3:88:0d:-37
2026-04-17 01:27:03,A408,f8:0b:cb:f3:88:05:-24,f8:0b:cb:f3:88:0a:-37,40:01:7a:53:96:8a:-51,40:01:7a:53:96:8e:-51,40:01:7a:53:96:8d:-51
2026-04-17 01:27:04,A408,f8:0b:cb:f3:88:05:-24,f8:0b:cb:f3:88:0a:-37,40:01:7a:53:96:8a:-51,40:01:7a:53:96:8e:-51,40:01:7a:53:96:8d:-51
2026-04-17 01:27:05,A408,f8:0b:cb:f3:88:05:-24,f8:0b:cb:f3:88:0a:-37,40:01:7a:53:96:8a:-51,40:01:7a:53:96:8e:-51,40:01:7a:53:96:8d:-51
2026-04-17 01:27:07,A408,f8:0b:cb:f3:88:05:-30,f8:0b:cb:f3:88:0a:-46,f8:0b:cb:f3:88:0b:-46,f8:0b:cb:f3:88:0c:-46,f8:0b:cb:f3:88:0d:-46
2026-04-17 01:27:09,A408,f8:0b:cb:f3:88:05:-30,f8:0b:cb:f3:88:0a:-46,f8:0b:cb:f3:88:0b:-46,f8:0b:cb:f3:88:0c:-46,f8:0b:cb:f3:88:0d:-46
2026-04-17 01:27:11,A408,f8:0b:cb:f3:88:05:-28,f8:0b:cb:f3:88:0a:-42,f8:0b:cb:f3:88:0b:-42,f8:0b:cb:f3:88:0c:-42,f8:0b:cb:f3:88:0d:-42
2026-04-17 01:27:13,A408,f8:0b:cb:f3:88:05:-28,f8:0b:cb:f3:88:0a:-42,f8:0b:cb:f3:88:0b:-42,f8:0b:cb:f3:88:0c:-42,f8:0b:cb:f3:88:0d:-42
2026-04-17 01:27:16,A408,f8:0b:cb:f3:88:05:-28,f8:0b:cb:f3:88:0a:-42,f8:0b:cb:f3:88:0b:-42,f8:0b:cb:f3:88:0c:-42,f8:0b:cb:f3:88:0d:-42
2026-04-17 01:27:18,A408,f8:0b:cb:f3:88:05:-27,f8:0b:cb:f3:88:0a:-36,f8:0b:cb:f3:88:0b:-36,f8:0b:cb:f3:88:0d:-36,f8:0b:cb:f3:88:0e:-36
2026-04-17 01:27:21,A408,f8:0b:cb:f3:88:05:-27,f8:0b:cb:f3:88:0a:-36,f8:0b:cb:f3:88:0b:-36,f8:0b:cb:f3:88:0d:-36,f8:0b:cb:f3:88:0e:-36
2026-04-17 01:27:23,A408,f8:0b:cb:f3:88:05:-29,f8:0b:cb:f3:88:0b:-36,f8:0b:cb:f3:88:0d:-36,f8:0b:cb:f3:88:0e:-36,f8:0b:cb:f3:88:0a:-37
2026-04-17 01:27:25,A408,f8:0b:cb:f3:88:05:-29,f8:0b:cb:f3:88:0b:-36,f8:0b:cb:f3:88:0d:-36,f8:0b:cb:f3:88:0e:-36,f8:0b:cb:f3:88:0a:-37
2026-04-17 01:27:28,A408,f8:0b:cb:f3:88:05:-29,f8:0b:cb:f3:88:0b:-36,f8:0b:cb:f3:88:0d:-36,f8:0b:cb:f3:88:0e:-36,f8:0b:cb:f3:88:0a:-37
2026-04-17 01:27:30,A408,f8:0b:cb:f3:88:05:-27,f8:0b:cb:f3:88:0a:-38,f8:0b:cb:f3:88:0b:-38,f8:0b:cb:f3:88:0c:-38,f8:0b:cb:f3:88:0d:-38
2026-04-17 01:27:32,A408,f8:0b:cb:f3:88:05:-27,f8:0b:cb:f3:88:0a:-38,f8:0b:cb:f3:88:0b:-38,f8:0b:cb:f3:88:0c:-38,f8:0b:cb:f3:88:0d:-38
2026-04-17 01:27:34,A408,f8:0b:cb:f3:88:05:-27,f8:0b:cb:f3:88:0a:-38,f8:0b:cb:f3:88:0b:-38,f8:0b:cb:f3:88:0c:-38,f8:0b:cb:f3:88:0d:-38
2026-04-17 01:27:36,A408,f8:0b:cb:f3:88:05:-29,f8:0b:cb:f3:88:0a:-42,f8:0b:cb:f3:88:0b:-43,f8:0b:cb:f3:88:0c:-43,f8:0b:cb:f3:88:0d:-43
2026-04-17 01:27:41,A409,f8:0b:cb:f3:88:05:-29,f8:0b:cb:f3:88:0a:-42,f8:0b:cb:f3:88:0b:-43,f8:0b:cb:f3:88:0c:-43,f8:0b:cb:f3:88:0d:-43
2026-04-17 01:27:44,A409,f8:0b:cb:f3:88:05:-29,f8:0b:cb:f3:88:0a:-42,f8:0b:cb:f3:88:0b:-43,f8:0b:cb:f3:88:0c:-43,f8:0b:cb:f3:88:0d:-43
2026-04-17 01:27:48,A409,f8:0b:cb:f3:88:05:-30,f8:0b:cb:f3:88:0a:-39,f8:0b:cb:f3:88:0b:-39,f8:0b:cb:f3:88:0c:-39,f8:0b:cb:f3:88:0d:-39
2026-04-17 01:27:50,A409,f8:0b:cb:f3:88:05:-30,f8:0b:cb:f3:88:0a:-39,f8:0b:cb:f3:88:0b:-39,f8:0b:cb:f3:88:0c:-39,f8:0b:cb:f3:88:0d:-39
2026-04-17 01:27:53,A409,f8:0b:cb:f3:88:05:-28,f8:0b:cb:f3:88:0e:-41,f8:0b:cb:f3:88:0a:-42,f8:0b:cb:f3:88:0b:-42,f8:0b:cb:f3:88:0c:-42
2026-04-17 01:27:55,A409,f8:0b:cb:f3:88:05:-28,f8:0b:cb:f3:88:0e:-41,f8:0b:cb:f3:88:0a:-42,f8:0b:cb:f3:88:0b:-42,f8:0b:cb:f3:88:0c:-42
2026-04-17 01:27:57,A409,f8:0b:cb:f3:88:05:-27,f8:0b:cb:f3:88:0e:-45,f8:0b:cb:f3:88:0a:-46,f8:0b:cb:f3:88:0b:-46,f8:0b:cb:f3:88:0c:-46
2026-04-17 01:28:00,A409,f8:0b:cb:f3:88:05:-27,f8:0b:cb:f3:88:0e:-45,f8:0b:cb:f3:88:0a:-46,f8:0b:cb:f3:88:0b:-46,f8:0b:cb:f3:88:0c:-46
2026-04-17 01:28:02,A409,f8:0b:cb:f3:88:05:-27,f8:0b:cb:f3:88:0e:-45,f8:0b:cb:f3:88:0a:-46,f8:0b:cb:f3:88:0b:-46,f8:0b:cb:f3:88:0c:-46
2026-04-17 01:28:05,A409,f8:0b:cb:f3:88:05:-29,f8:0b:cb:f3:88:0b:-39,f8:0b:cb:f3:88:0e:-39,f8:0b:cb:f3:88:0a:-40,f8:0b:cb:f3:88:0c:-40
2026-04-17 01:28:07,A409,f8:0b:cb:f3:88:05:-29,f8:0b:cb:f3:88:0b:-39,f8:0b:cb:f3:88:0e:-39,f8:0b:cb:f3:88:0a:-40,f8:0b:cb:f3:88:0c:-40
2026-04-17 01:28:09,A409,f8:0b:cb:f3:88:05:-29,f8:0b:cb:f3:88:0b:-39,f8:0b:cb:f3:88:0e:-39,f8:0b:cb:f3:88:0a:-40,f8:0b:cb:f3:88:0c:-40
2026-04-17 01:28:11,A409,f8:0b:cb:f3:88:05:-29,40:01:7a:53:96:85:-51,40:01:7a:53:96:84:-51,40:01:7a:53:96:83:-51,40:01:7a:53:96:82:-51
2026-04-17 01:28:13,A409,f8:0b:cb:f3:88:05:-29,40:01:7a:53:96:85:-51,40:01:7a:53:96:84:-51,40:01:7a:53:96:83:-51,40:01:7a:53:96:82:-51
2026-04-17 01:28:15,A409,f8:0b:cb:f3:88:05:-33,f8:0b:cb:f3:88:0d:-41,f8:0b:cb:f3:88:0a:-43,f8:0b:cb:f3:88:0b:-43,f8:0b:cb:f3:88:0c:-43
2026-04-17 01:28:17,A409,f8:0b:cb:f3:88:05:-33,f8:0b:cb:f3:88:0d:-41,f8:0b:cb:f3:88:0a:-43,f8:0b:cb:f3:88:0b:-43,f8:0b:cb:f3:88:0c:-43
2026-04-17 01:28:18,A409,f8:0b:cb:f3:88:05:-33,f8:0b:cb:f3:88:0d:-41,f8:0b:cb:f3:88:0a:-43,f8:0b:cb:f3:88:0b:-43,f8:0b:cb:f3:88:0c:-43
2026-04-17 01:28:19,A409,f8:0b:cb:f3:88:05:-33,f8:0b:cb:f3:88:0d:-41,f8:0b:cb:f3:88:0a:-43,f8:0b:cb:f3:88:0b:-43,f8:0b:cb:f3:88:0c:-43
2026-04-17 01:28:21,A409,f8:0b:cb:f3:88:05:-27,f8:0b:cb:f3:88:0c:-45,f8:0b:cb:f3:88:0a:-46,f8:0b:cb:f3:88:0b:-46,f8:0b:cb:f3:88:0d:-46
2026-04-17 01:28:22,A409,f8:0b:cb:f3:88:05:-27,f8:0b:cb:f3:88:0c:-45,f8:0b:cb:f3:88:0a:-46,f8:0b:cb:f3:88:0b:-46,f8:0b:cb:f3:88:0d:-46
2026-04-17 01:28:24,A409,f8:0b:cb:f3:88:05:-27,f8:0b:cb:f3:88:0c:-45,f8:0b:cb:f3:88:0a:-46,f8:0b:cb:f3:88:0b:-46,f8:0b:cb:f3:88:0d:-46
2026-04-17 01:28:25,A409,f8:0b:cb:f3:88:05:-27,f8:0b:cb:f3:88:0c:-45,f8:0b:cb:f3:88:0a:-46,f8:0b:cb:f3:88:0b:-46,f8:0b:cb:f3:88:0d:-46
2026-04-17 01:28:27,A409,f8:0b:cb:f3:88:05:-33,f8:0b:cb:f3:88:0a:-55,f8:0b:cb:f3:88:0b:-55,f8:0b:cb:f3:88:0c:-55,f8:0b:cb:f3:88:0d:-55
2026-04-17 01:28:28,A409,f8:0b:cb:f3:88:05:-33,f8:0b:cb:f3:88:0a:-55,f8:0b:cb:f3:88:0b:-55,f8:0b:cb:f3:88:0c:-55,f8:0b:cb:f3:88:0d:-55
2026-04-17 01:28:30,A409,f8:0b:cb:f3:88:05:-33,f8:0b:cb:f3:88:0a:-55,f8:0b:cb:f3:88:0b:-55,f8:0b:cb:f3:88:0c:-55,f8:0b:cb:f3:88:0d:-55
2026-04-17 01:28:32,A409,f8:0b:cb:f3:88:05:-33,f8:0b:cb:f3:88:0a:-55,f8:0b:cb:f3:88:0b:-55,f8:0b:cb:f3:88:0c:-55,f8:0b:cb:f3:88:0d:-55
2026-04-17 01:28:36,A409,f8:0b:cb:f3:88:05:-30,40:01:7a:53:97:2d:-48,40:01:7a:53:97:2c:-48,40:01:7a:53:97:2b:-48,40:01:7a:53:97:2a:-48
2026-04-17 01:28:39,A409,f8:0b:cb:f3:88:05:-30,40:01:7a:53:97:2d:-48,40:01:7a:53:97:2c:-48,40:01:7a:53:97:2b:-48,40:01:7a:53:97:2a:-48
2026-04-17 01:28:40,A409,f8:0b:cb:f3:88:05:-30,f8:0b:cb:f3:88:0a:-53,f8:0b:cb:f3:88:0c:-53,f8:0b:cb:f3:88:0e:-53,f8:0b:cb:f3:88:0f:-53
2026-04-17 01:28:42,A409,f8:0b:cb:f3:88:05:-30,f8:0b:cb:f3:88:0a:-53,f8:0b:cb:f3:88:0c:-53,f8:0b:cb:f3:88:0e:-53,f8:0b:cb:f3:88:0f:-53
2026-04-17 01:28:44,A409,f8:0b:cb:f3:88:05:-30,f8:0b:cb:f3:88:0a:-53,f8:0b:cb:f3:88:0c:-53,f8:0b:cb:f3:88:0e:-53,f8:0b:cb:f3:88:0f:-53
2026-04-17 01:28:46,A409,f8:0b:cb:f3:88:05:-28,f8:0b:cb:f3:88:0c:-42,f8:0b:cb:f3:88:0f:-42,f8:0b:cb:f3:88:0a:-43,f8:0b:cb:f3:88:0b:-43
2026-04-17 01:28:48,A409,f8:0b:cb:f3:88:05:-28,f8:0b:cb:f3:88:0c:-42,f8:0b:cb:f3:88:0f:-42,f8:0b:cb:f3:88:0a:-43,f8:0b:cb:f3:88:0b:-43
2026-04-17 01:28:51,A409,f8:0b:cb:f3:88:05:-28,f8:0b:cb:f3:88:0c:-42,f8:0b:cb:f3:88:0f:-42,f8:0b:cb:f3:88:0a:-43,f8:0b:cb:f3:88:0b:-43
2026-04-17 01:28:52,A409,f8:0b:cb:f3:88:05:-27,f8:0b:cb:f3:88:0a:-39,f8:0b:cb:f3:88:0b:-39,f8:0b:cb:f3:88:0c:-39,f8:0b:cb:f3:88:0f:-39
2026-04-17 01:28:54,A409,f8:0b:cb:f3:88:05:-27,f8:0b:cb:f3:88:0a:-39,f8:0b:cb:f3:88:0b:-39,f8:0b:cb:f3:88:0c:-39,f8:0b:cb:f3:88:0f:-39
2026-04-17 01:28:56,A409,f8:0b:cb:f3:88:05:-27,f8:0b:cb:f3:88:0a:-39,f8:0b:cb:f3:88:0b:-39,f8:0b:cb:f3:88:0c:-39,f8:0b:cb:f3:88:0f:-39
2026-04-17 01:28:58,A409,f8:0b:cb:f3:88:05:-27,40:01:7a:53:97:2d:-49,40:01:7a:53:97:2c:-49,40:01:7a:53:97:2b:-49,40:01:7a:53:97:2a:-50
2026-04-17 01:29:00,A409,f8:0b:cb:f3:88:05:-27,40:01:7a:53:97:2d:-49,40:01:7a:53:97:2c:-49,40:01:7a:53:97:2b:-49,40:01:7a:53:97:2a:-50
2026-04-17 01:29:02,A409,f8:0b:cb:f3:88:05:-27,40:01:7a:53:97:2d:-49,40:01:7a:53:97:2c:-49,40:01:7a:53:97:2b:-49,40:01:7a:53:97:2a:-50
2026-04-17 01:29:03,A409,f8:0b:cb:f3:88:05:-27,f8:0b:cb:f3:88:0a:-44,f8:0b:cb:f3:88:0b:-44,f8:0b:cb:f3:88:0c:-44,f8:0b:cb:f3:88:0d:-44
2026-04-17 01:29:05,A409,f8:0b:cb:f3:88:05:-27,f8:0b:cb:f3:88:0a:-44,f8:0b:cb:f3:88:0b:-44,f8:0b:cb:f3:88:0c:-44,f8:0b:cb:f3:88:0d:-44
2026-04-17 01:29:07,A409,f8:0b:cb:f3:88:05:-27,f8:0b:cb:f3:88:0a:-44,f8:0b:cb:f3:88:0b:-44,f8:0b:cb:f3:88:0c:-44,f8:0b:cb:f3:88:0d:-44
2026-04-17 01:29:10,A409,f8:0b:cb:f3:88:05:-27,f8:0b:cb:f3:88:0a:-40,f8:0b:cb:f3:88:0b:-41,f8:0b:cb:f3:88:0c:-41,f8:0b:cb:f3:88:0d:-41
2026-04-17 01:29:12,A409,f8:0b:cb:f3:88:05:-27,f8:0b:cb:f3:88:0a:-40,f8:0b:cb:f3:88:0b:-41,f8:0b:cb:f3:88:0c:-41,f8:0b:cb:f3:88:0d:-41
2026-04-17 01:29:14,A409,f8:0b:cb:f3:88:05:-27,f8:0b:cb:f3:88:0a:-40,f8:0b:cb:f3:88:0b:-41,f8:0b:cb:f3:88:0c:-41,f8:0b:cb:f3:88:0d:-41
2026-04-17 01:29:15,A409,f8:0b:cb:f3:88:05:-30,f8:0b:cb:f3:88:0f:-45,f8:0b:cb:f3:88:0a:-46,f8:0b:cb:f3:88:0b:-46,f8:0b:cb:f3:88:0c:-46
2026-04-17 01:29:17,A409,f8:0b:cb:f3:88:05:-30,f8:0b:cb:f3:88:0f:-45,f8:0b:cb:f3:88:0a:-46,f8:0b:cb:f3:88:0b:-46,f8:0b:cb:f3:88:0c:-46
2026-04-17 01:29:20,A409,f8:0b:cb:f3:88:05:-28,f8:0b:cb:f3:88:0a:-41,f8:0b:cb:f3:88:0e:-42,f8:0b:cb:f3:88:0b:-43,f8:0b:cb:f3:88:0c:-43
2026-04-17 01:29:22,A409,f8:0b:cb:f3:88:05:-28,f8:0b:cb:f3:88:0a:-41,f8:0b:cb:f3:88:0e:-42,f8:0b:cb:f3:88:0b:-43,f8:0b:cb:f3:88:0c:-43
2026-04-17 01:29:24,A409,f8:0b:cb:f3:88:05:-28,f8:0b:cb:f3:88:0a:-41,f8:0b:cb:f3:88:0e:-42,f8:0b:cb:f3:88:0b:-43,f8:0b:cb:f3:88:0c:-43
2026-04-17 01:29:25,A409,f8:0b:cb:f3:88:05:-23,f8:0b:cb:f3:88:0a:-45,f8:0b:cb:f3:88:0b:-45,f8:0b:cb:f3:88:0c:-45,f8:0b:cb:f3:88:0d:-45
2026-04-17 01:29:27,A409,f8:0b:cb:f3:88:05:-23,f8:0b:cb:f3:88:0a:-45,f8:0b:cb:f3:88:0b:-45,f8:0b:cb:f3:88:0c:-45,f8:0b:cb:f3:88:0d:-45
2026-04-17 09:49:37,B401,4a:ea:62:7d:97:07:-44,40:01:7a:53:97:cb:-50,40:01:7a:53:97:cc:-50,40:01:7a:53:97:cd:-50,40:01:7a:53:97:ce:-50
2026-04-17 09:49:40,B401,4a:ea:62:7d:97:07:-45,40:01:7a:53:97:cc:-48,40:01:7a:53:97:cd:-48,40:01:7a:53:97:ce:-48,40:01:7a:53:97:ca:-48
2026-04-17 09:49:43,B401,4a:ea:62:7d:97:07:-45,40:01:7a:53:97:cc:-48,40:01:7a:53:97:cd:-48,40:01:7a:53:97:ce:-48,40:01:7a:53:97:ca:-48
2026-04-17 09:49:44,B401,4a:ea:62:7d:97:07:-41,76:7f:f0:12:cf:81:-47,76:7f:f0:12:cf:84:-47,72:7f:f0:12:cf:80:-48,72:7f:f0:12:cf:83:-49
2026-04-17 09:49:47,B401,4a:ea:62:7d:97:07:-41,76:7f:f0:12:cf:81:-47,76:7f:f0:12:cf:84:-47,72:7f:f0:12:cf:80:-48,72:7f:f0:12:cf:83:-49
2026-04-17 09:49:48,B401,4a:ea:62:7d:97:07:-41,76:7f:f0:12:cf:81:-47,76:7f:f0:12:cf:84:-47,72:7f:f0:12:cf:80:-48,72:7f:f0:12:cf:83:-49
2026-04-17 09:49:50,B401,4a:ea:62:7d:97:07:-41,76:7f:f0:12:cf:81:-47,76:7f:f0:12:cf:84:-47,72:7f:f0:12:cf:80:-48,72:7f:f0:12:cf:83:-49
2026-04-17 09:49:52,B401,72:7f:f0:12:cf:83:-41,40:01:7a:53:97:cb:-44,40:01:7a:53:97:cc:-44,40:01:7a:53:97:cd:-44,40:01:7a:53:97:ce:-44
2026-04-17 09:49:53,B401,72:7f:f0:12:cf:83:-41,40:01:7a:53:97:cb:-44,40:01:7a:53:97:cc:-44,40:01:7a:53:97:cd:-44,40:01:7a:53:97:ce:-44
2026-04-17 09:49:56,B401,40:01:7a:53:97:cd:-41,40:01:7a:53:97:ce:-41,40:01:7a:53:97:ca:-41,40:01:7a:53:97:cf:-41,40:01:7a:53:97:c5:-41
2026-04-17 09:49:57,B401,40:01:7a:53:97:cd:-41,40:01:7a:53:97:ce:-41,40:01:7a:53:97:ca:-41,40:01:7a:53:97:cf:-41,40:01:7a:53:97:c5:-41
2026-04-17 09:50:00,B401,40:01:7a:53:97:cd:-41,40:01:7a:53:97:ce:-41,40:01:7a:53:97:ca:-41,40:01:7a:53:97:cf:-41,40:01:7a:53:97:c5:-41
2026-04-17 09:50:01,B401,40:01:7a:53:97:cb:-43,40:01:7a:53:97:cc:-43,40:01:7a:53:97:cd:-43,40:01:7a:53:97:ce:-43,40:01:7a:53:97:ca:-43
2026-04-17 09:50:03,B401,40:01:7a:53:97:cb:-43,40:01:7a:53:97:cc:-43,40:01:7a:53:97:cd:-43,40:01:7a:53:97:ce:-43,40:01:7a:53:97:ca:-43
2026-04-17 09:50:05,B401,40:01:7a:53:97:cb:-43,40:01:7a:53:97:cc:-43,40:01:7a:53:97:cd:-43,40:01:7a:53:97:ce:-43,40:01:7a:53:97:ca:-43
2026-04-17 09:50:06,B401,40:01:7a:53:97:c3:-40,40:01:7a:53:97:c4:-40,40:01:7a:53:97:c5:-40,40:01:7a:53:97:c0:-40,72:7f:f0:12:cf:80:-43
2026-04-17 09:50:09,B401,40:01:7a:53:97:c3:-40,40:01:7a:53:97:c4:-40,40:01:7a:53:97:c5:-40,40:01:7a:53:97:c0:-40,72:7f:f0:12:cf:80:-43
2026-04-17 09:50:10,B401,40:01:7a:53:97:c3:-40,40:01:7a:53:97:c4:-40,40:01:7a:53:97:c5:-40,40:01:7a:53:97:c0:-40,72:7f:f0:12:cf:80:-43
2026-04-17 09:50:11,B401,40:01:7a:53:97:c3:-40,40:01:7a:53:97:c4:-40,40:01:7a:53:97:c5:-40,40:01:7a:53:97:c0:-40,72:7f:f0:12:cf:80:-43
2026-04-17 09:50:12,B401,40:01:7a:53:97:cd:-41,40:01:7a:53:97:c5:-41,40:01:7a:53:97:cc:-42,40:01:7a:53:97:c2:-42,40:01:7a:53:97:c3:-42
2026-04-17 09:50:13,B401,40:01:7a:53:97:cd:-41,40:01:7a:53:97:c5:-41,40:01:7a:53:97:cc:-42,40:01:7a:53:97:c2:-42,40:01:7a:53:97:c3:-42
2026-04-17 09:50:16,B401,40:01:7a:53:97:cd:-41,40:01:7a:53:97:c5:-41,40:01:7a:53:97:cc:-42,40:01:7a:53:97:c2:-42,40:01:7a:53:97:c3:-42
2026-04-17 09:50:18,B401,40:01:7a:53:97:c3:-37,40:01:7a:53:97:c2:-38,40:01:7a:53:97:c4:-38,40:01:7a:53:97:c5:-38,72:7f:f0:12:cf:80:-43
2026-04-17 09:50:20,B401,40:01:7a:53:97:c3:-37,40:01:7a:53:97:c2:-38,40:01:7a:53:97:c4:-38,40:01:7a:53:97:c5:-38,72:7f:f0:12:cf:80:-43
2026-04-17 09:50:22,B401,40:01:7a:53:97:c5:-37,40:01:7a:53:97:c3:-38,40:01:7a:53:97:c4:-38,4a:ea:62:7d:97:07:-46,72:7f:f0:12:cf:83:-49
2026-04-17 09:50:24,B401,40:01:7a:53:97:c5:-37,40:01:7a:53:97:c3:-38,40:01:7a:53:97:c4:-38,4a:ea:62:7d:97:07:-46,72:7f:f0:12:cf:83:-49
2026-04-17 09:50:26,B401,40:01:7a:53:97:c5:-37,40:01:7a:53:97:c3:-38,40:01:7a:53:97:c4:-38,4a:ea:62:7d:97:07:-46,72:7f:f0:12:cf:83:-49
2026-04-17 09:50:29,B401,40:01:7a:53:97:c5:-41,40:01:7a:53:97:cb:-42,40:01:7a:53:97:cc:-42,40:01:7a:53:97:cd:-42,40:01:7a:53:97:ce:-42
2026-04-17 09:50:31,B401,40:01:7a:53:97:c5:-41,40:01:7a:53:97:cb:-42,40:01:7a:53:97:cc:-42,40:01:7a:53:97:cd:-42,40:01:7a:53:97:ce:-42
2026-04-17 09:50:35,B401,40:01:7a:53:97:c2:-41,40:01:7a:53:97:c5:-41,40:01:7a:53:97:cb:-43,40:01:7a:53:97:cc:-43,40:01:7a:53:97:cd:-43
2026-04-17 09:50:38,B401,40:01:7a:53:97:c2:-41,40:01:7a:53:97:c5:-41,40:01:7a:53:97:cb:-43,40:01:7a:53:97:cc:-43,40:01:7a:53:97:cd:-43
2026-04-17 09:50:40,B401,40:01:7a:53:97:cb:-42,40:01:7a:53:97:cc:-42,40:01:7a:53:97:cd:-42,40:01:7a:53:97:ce:-42,40:01:7a:53:97:ca:-42
2026-04-17 09:50:42,B401,40:01:7a:53:97:cb:-42,40:01:7a:53:97:cc:-42,40:01:7a:53:97:cd:-42,40:01:7a:53:97:ce:-42,40:01:7a:53:97:ca:-42
2026-04-17 09:50:44,B401,40:01:7a:53:97:c4:-40,40:01:7a:53:97:c5:-40,40:01:7a:53:97:c2:-42,40:01:7a:53:97:c3:-42,40:01:7a:53:97:cb:-46
2026-04-17 09:50:46,B401,40:01:7a:53:97:c4:-40,40:01:7a:53:97:c5:-40,40:01:7a:53:97:c2:-42,40:01:7a:53:97:c3:-42,40:01:7a:53:97:cb:-46
2026-04-17 09:50:48,B401,40:01:7a:53:97:c4:-40,40:01:7a:53:97:c5:-40,40:01:7a:53:97:c2:-42,40:01:7a:53:97:c3:-42,40:01:7a:53:97:cb:-46
2026-04-17 09:50:50,B401,40:01:7a:53:97:c3:-42,40:01:7a:53:97:c5:-42,40:01:7a:53:97:c2:-43,40:01:7a:53:97:cb:-44,40:01:7a:53:97:cc:-44
2026-04-17 09:50:51,B401,40:01:7a:53:97:c3:-42,40:01:7a:53:97:c5:-42,40:01:7a:53:97:c2:-43,40:01:7a:53:97:cb:-44,40:01:7a:53:97:cc:-44
2026-04-17 09:50:53,B401,40:01:7a:53:97:c3:-42,40:01:7a:53:97:c5:-42,40:01:7a:53:97:c2:-43,40:01:7a:53:97:cb:-44,40:01:7a:53:97:cc:-44
2026-04-17 09:50:55,B401,40:01:7a:53:97:c3:-42,40:01:7a:53:97:c5:-42,40:01:7a:53:97:c2:-43,40:01:7a:53:97:cb:-44,40:01:7a:53:97:cc:-44
2026-04-17 09:50:56,B401,72:7f:f0:12:cf:83:-43,72:7f:f0:12:cf:80:-43,72:7f:f0:12:cf:84:-44,40:01:7a:53:97:cb:-45,40:01:7a:53:97:ce:-45
2026-04-17 09:50:58,B401,72:7f:f0:12:cf:83:-43,72:7f:f0:12:cf:80:-43,72:7f:f0:12:cf:84:-44,40:01:7a:53:97:cb:-45,40:01:7a:53:97:ce:-45
2026-04-17 09:51:00,B401,72:7f:f0:12:cf:83:-43,72:7f:f0:12:cf:80:-43,72:7f:f0:12:cf:84:-44,40:01:7a:53:97:cb:-45,40:01:7a:53:97:ce:-45
2026-04-17 09:51:02,B401,40:01:7a:53:97:cb:-40,40:01:7a:53:97:cc:-40,40:01:7a:53:97:cd:-40,40:01:7a:53:97:ce:-40,40:01:7a:53:97:ca:-40
2026-04-17 09:51:04,B401,40:01:7a:53:97:cb:-40,40:01:7a:53:97:cc:-40,40:01:7a:53:97:cd:-40,40:01:7a:53:97:ce:-40,40:01:7a:53:97:ca:-40
2026-04-17 09:51:05,B401,40:01:7a:53:97:cb:-40,40:01:7a:53:97:cc:-40,40:01:7a:53:97:cd:-40,40:01:7a:53:97:ce:-40,40:01:7a:53:97:ca:-40
2026-04-17 09:51:07,B401,40:01:7a:53:97:cc:-43,40:01:7a:53:97:ca:-43,40:01:7a:53:97:c4:-43,40:01:7a:53:97:cb:-44,40:01:7a:53:97:cd:-44
2026-04-17 09:51:09,B401,40:01:7a:53:97:cc:-43,40:01:7a:53:97:ca:-43,40:01:7a:53:97:c4:-43,40:01:7a:53:97:cb:-44,40:01:7a:53:97:cd:-44
2026-04-17 09:51:10,B401,40:01:7a:53:97:cc:-43,40:01:7a:53:97:ca:-43,40:01:7a:53:97:c4:-43,40:01:7a:53:97:cb:-44,40:01:7a:53:97:cd:-44
2026-04-17 09:51:12,B401,72:7f:f0:12:cf:80:-44,40:01:7a:53:97:cf:-44,40:01:7a:53:97:c2:-44,40:01:7a:53:97:c3:-44,40:01:7a:53:97:c4:-44
2026-04-17 09:51:14,B401,72:7f:f0:12:cf:80:-44,40:01:7a:53:97:cf:-44,40:01:7a:53:97:c2:-44,40:01:7a:53:97:c3:-44,40:01:7a:53:97:c4:-44
2026-04-17 09:51:15,B401,72:7f:f0:12:cf:80:-44,40:01:7a:53:97:cf:-44,40:01:7a:53:97:c2:-44,40:01:7a:53:97:c3:-44,40:01:7a:53:97:c4:-44
2026-04-17 09:51:17,B401,40:01:7a:53:97:c4:-43,40:01:7a:53:97:c2:-44,40:01:7a:53:97:c3:-44,72:7f:f0:12:cf:84:-45,72:7f:f0:12:cf:83:-45
2026-04-17 09:51:18,B401,40:01:7a:53:97:c4:-43,40:01:7a:53:97:c2:-44,40:01:7a:53:97:c3:-44,72:7f:f0:12:cf:84:-45,72:7f:f0:12:cf:83:-45
2026-04-17 09:51:20,B401,40:01:7a:53:97:c4:-43,40:01:7a:53:97:c2:-44,40:01:7a:53:97:c3:-44,72:7f:f0:12:cf:84:-45,72:7f:f0:12:cf:83:-45
2026-04-17 09:51:22,B401,72:7f:f0:12:cf:80:-44,40:01:7a:53:97:c2:-44,40:01:7a:53:97:c3:-44,40:01:7a:53:97:c4:-44,40:01:7a:53:97:c5:-44
2026-04-17 09:51:24,B401,72:7f:f0:12:cf:80:-44,40:01:7a:53:97:c2:-44,40:01:7a:53:97:c3:-44,40:01:7a:53:97:c4:-44,40:01:7a:53:97:c5:-44
2026-04-17 09:51:26,B401,72:7f:f0:12:cf:83:-45,40:01:7a:53:97:cb:-46,40:01:7a:53:97:cc:-46,40:01:7a:53:97:cd:-46,40:01:7a:53:97:ce:-46
2026-04-17 09:51:28,B401,72:7f:f0:12:cf:83:-45,40:01:7a:53:97:cb:-46,40:01:7a:53:97:cc:-46,40:01:7a:53:97:cd:-46,40:01:7a:53:97:ce:-46
2026-04-17 09:51:30,B401,72:7f:f0:12:cf:83:-45,40:01:7a:53:97:cb:-46,40:01:7a:53:97:cc:-46,40:01:7a:53:97:cd:-46,40:01:7a:53:97:ce:-46
2026-04-17 09:51:31,B401,72:7f:f0:12:cf:83:-45,40:01:7a:53:97:cb:-46,40:01:7a:53:97:cc:-46,40:01:7a:53:97:cd:-46,40:01:7a:53:97:ce:-46
2026-04-17 09:51:33,B401,40:01:7a:53:97:ce:-42,40:01:7a:53:97:cb:-43,40:01:7a:53:97:cc:-43,40:01:7a:53:97:cd:-43,40:01:7a:53:97:ca:-43
2026-04-17 09:51:35,B401,40:01:7a:53:97:ce:-42,40:01:7a:53:97:cb:-43,40:01:7a:53:97:cc:-43,40:01:7a:53:97:cd:-43,40:01:7a:53:97:ca:-43
2026-04-17 09:51:37,B401,40:01:7a:53:97:cf:-40,40:01:7a:53:97:c5:-40,40:01:7a:53:97:cb:-41,40:01:7a:53:97:cc:-41,40:01:7a:53:97:cd:-41
2026-04-17 09:51:38,B401,40:01:7a:53:97:cf:-40,40:01:7a:53:97:c5:-40,40:01:7a:53:97:cb:-41,40:01:7a:53:97:cc:-41,40:01:7a:53:97:cd:-41
2026-04-17 09:51:40,B401,40:01:7a:53:97:cf:-40,40:01:7a:53:97:c5:-40,40:01:7a:53:97:cb:-41,40:01:7a:53:97:cc:-41,40:01:7a:53:97:cd:-41
2026-04-17 09:51:42,B401,40:01:7a:53:97:cf:-40,40:01:7a:53:97:c5:-40,40:01:7a:53:97:cb:-41,40:01:7a:53:97:cc:-41,40:01:7a:53:97:cd:-41
2026-04-17 09:51:43,B401,40:01:7a:53:97:c3:-41,40:01:7a:53:97:c5:-41,72:7f:f0:12:cf:83:-43,40:01:7a:53:97:c2:-43,40:01:7a:53:97:c4:-44
2026-04-17 09:51:44,B401,40:01:7a:53:97:c3:-41,40:01:7a:53:97:c5:-41,72:7f:f0:12:cf:83:-43,40:01:7a:53:97:c2:-43,40:01:7a:53:97:c4:-44
2026-04-17 09:51:47,B401,40:01:7a:53:97:c5:-40,40:01:7a:53:97:cb:-41,40:01:7a:53:97:cd:-41,40:01:7a:53:97:ce:-41,40:01:7a:53:97:ca:-41
2026-04-17 09:51:50,B401,40:01:7a:53:97:c5:-40,40:01:7a:53:97:cb:-41,40:01:7a:53:97:cd:-41,40:01:7a:53:97:ce:-41,40:01:7a:53:97:ca:-41
2026-04-17 09:51:53,B401,40:01:7a:53:97:ce:-40,40:01:7a:53:97:cf:-40,40:01:7a:53:97:cd:-41,40:01:7a:53:97:ca:-41,40:01:7a:53:97:cb:-42
2026-04-17 09:56:46,A412,40:01:7a:53:97:2d:-42,40:01:7a:53:97:2c:-42,40:01:7a:53:97:2b:-42,40:01:7a:53:97:2a:-42,40:01:7a:53:97:2f:-42
2026-04-17 09:56:50,A412,40:01:7a:53:97:2d:-51,40:01:7a:53:97:2c:-51,40:01:7a:53:97:2b:-51,40:01:7a:53:97:2e:-51,40:01:7a:53:97:2a:-52
2026-04-17 09:56:52,A412,40:01:7a:53:97:2d:-51,40:01:7a:53:97:2c:-51,40:01:7a:53:97:2b:-51,40:01:7a:53:97:2e:-51,40:01:7a:53:97:2a:-52
2026-04-17 09:56:55,A412,40:01:7a:53:97:2d:-51,40:01:7a:53:97:2c:-51,40:01:7a:53:97:2b:-51,40:01:7a:53:97:2e:-51,40:01:7a:53:97:2a:-52
2026-04-17 09:56:57,A412,f8:0b:cb:f3:88:03:-49,f8:0b:cb:f3:88:04:-49,f8:0b:cb:f3:88:05:-49,40:01:7a:53:97:2d:-50,40:01:7a:53:97:2c:-50
2026-04-17 09:57:00,A412,f8:0b:cb:f3:88:03:-49,f8:0b:cb:f3:88:04:-49,f8:0b:cb:f3:88:05:-49,40:01:7a:53:97:2d:-50,40:01:7a:53:97:2c:-50
2026-04-17 09:57:02,A412,40:01:7a:53:97:20:-39,40:01:7a:53:97:21:-39,40:01:7a:53:97:2d:-46,40:01:7a:53:97:2c:-46,40:01:7a:53:97:2b:-46
2026-04-17 09:57:04,A412,40:01:7a:53:97:20:-39,40:01:7a:53:97:21:-39,40:01:7a:53:97:2d:-46,40:01:7a:53:97:2c:-46,40:01:7a:53:97:2b:-46
2026-04-17 09:57:05,A412,40:01:7a:53:97:20:-39,40:01:7a:53:97:21:-39,40:01:7a:53:97:2d:-46,40:01:7a:53:97:2c:-46,40:01:7a:53:97:2b:-46
2026-04-17 09:57:08,A412,40:01:7a:53:97:2c:-43,40:01:7a:53:97:2b:-43,40:01:7a:53:97:2a:-43,40:01:7a:53:97:2f:-43,40:01:7a:53:97:2e:-43
2026-04-17 09:57:10,A412,40:01:7a:53:97:2c:-43,40:01:7a:53:97:2b:-43,40:01:7a:53:97:2a:-43,40:01:7a:53:97:2f:-43,40:01:7a:53:97:2e:-43
2026-04-17 09:57:13,A412,40:01:7a:53:97:2d:-44,40:01:7a:53:97:2c:-44,40:01:7a:53:97:2b:-44,40:01:7a:53:97:2a:-44,40:01:7a:53:97:2f:-44
2026-04-17 09:57:14,A412,40:01:7a:53:97:2d:-44,40:01:7a:53:97:2c:-44,40:01:7a:53:97:2b:-44,40:01:7a:53:97:2a:-44,40:01:7a:53:97:2f:-44
2026-04-17 09:57:17,A412,40:01:7a:53:97:2d:-44,40:01:7a:53:97:2c:-44,40:01:7a:53:97:2b:-44,40:01:7a:53:97:2a:-44,40:01:7a:53:97:2f:-44
2026-04-17 09:57:18,A412,40:01:7a:53:97:2d:-44,40:01:7a:53:97:2c:-44,40:01:7a:53:97:2b:-44,40:01:7a:53:97:2a:-44,40:01:7a:53:97:2f:-44
2026-04-17 09:57:21,A412,40:01:7a:53:97:2d:-44,40:01:7a:53:97:2c:-44,40:01:7a:53:97:2b:-44,40:01:7a:53:97:2a:-44,40:01:7a:53:97:2f:-44
2026-04-17 09:57:23,A412,40:01:7a:53:97:2d:-44,40:01:7a:53:97:2c:-44,40:01:7a:53:97:2b:-44,40:01:7a:53:97:2a:-44,40:01:7a:53:97:2f:-44
2026-04-17 09:57:25,A412,40:01:7a:53:97:2d:-44,40:01:7a:53:97:2c:-44,40:01:7a:53:97:2b:-44,40:01:7a:53:97:2a:-44,40:01:7a:53:97:2f:-44
2026-04-17 09:57:27,A412,40:01:7a:53:97:2d:-44,40:01:7a:53:97:2c:-44,40:01:7a:53:97:2b:-44,40:01:7a:53:97:2a:-44,40:01:7a:53:97:2f:-44
2026-04-17 09:57:29,A412,40:01:7a:53:97:2d:-44,40:01:7a:53:97:2c:-44,40:01:7a:53:97:2b:-44,40:01:7a:53:97:2a:-44,40:01:7a:53:97:2f:-44
2026-04-17 09:57:30,A412,40:01:7a:53:97:2d:-44,40:01:7a:53:97:2c:-44,40:01:7a:53:97:2b:-44,40:01:7a:53:97:2a:-44,40:01:7a:53:97:2f:-44
2026-04-17 09:57:33,A412,40:01:7a:53:97:2d:-44,40:01:7a:53:97:2c:-44,40:01:7a:53:97:2b:-44,40:01:7a:53:97:2a:-44,40:01:7a:53:97:2f:-44
2026-04-17 09:57:35,A412,40:01:7a:53:97:2d:-45,40:01:7a:53:97:2c:-45,40:01:7a:53:97:2b:-45,40:01:7a:53:97:2a:-45,40:01:7a:53:97:2f:-45
2026-04-17 09:57:37,A412,40:01:7a:53:97:2d:-45,40:01:7a:53:97:2c:-45,40:01:7a:53:97:2b:-45,40:01:7a:53:97:2a:-45,40:01:7a:53:97:2f:-45
2026-04-17 09:57:39,A412,40:01:7a:53:97:2d:-45,40:01:7a:53:97:2c:-45,40:01:7a:53:97:2b:-45,40:01:7a:53:97:2a:-45,40:01:7a:53:97:2f:-45
2026-04-17 09:57:42,A412,40:01:7a:53:97:2f:-45,40:01:7a:53:97:2a:-46,40:01:7a:53:97:2d:-47,40:01:7a:53:97:2c:-47,40:01:7a:53:97:2b:-47
2026-04-17 09:57:46,A412,40:01:7a:53:97:2d:-44,40:01:7a:53:97:2c:-45,40:01:7a:53:97:2b:-45,40:01:7a:53:97:2a:-45,40:01:7a:53:97:2f:-45
2026-04-17 09:57:48,A412,40:01:7a:53:97:2d:-44,40:01:7a:53:97:2c:-45,40:01:7a:53:97:2b:-45,40:01:7a:53:97:2a:-45,40:01:7a:53:97:2f:-45
2026-04-17 09:57:49,A412,40:01:7a:53:97:2d:-44,40:01:7a:53:97:2c:-45,40:01:7a:53:97:2b:-45,40:01:7a:53:97:2a:-45,40:01:7a:53:97:2f:-45
2026-04-17 09:57:52,A412,40:01:7a:53:97:2d:-44,40:01:7a:53:97:2c:-44,40:01:7a:53:97:2b:-44,40:01:7a:53:97:2a:-44,40:01:7a:53:97:2f:-44
2026-04-17 09:57:53,A412,40:01:7a:53:97:2d:-44,40:01:7a:53:97:2c:-44,40:01:7a:53:97:2b:-44,40:01:7a:53:97:2a:-44,40:01:7a:53:97:2f:-44
2026-04-17 09:57:56,A412,40:01:7a:53:97:2d:-44,40:01:7a:53:97:2c:-44,40:01:7a:53:97:2b:-44,40:01:7a:53:97:2a:-44,40:01:7a:53:97:2f:-44
2026-04-17 09:57:58,A412,40:01:7a:53:97:2d:-44,40:01:7a:53:97:2c:-44,40:01:7a:53:97:2b:-44,40:01:7a:53:97:2a:-44,40:01:7a:53:97:2f:-44
2026-04-17 09:58:00,A412,40:01:7a:53:97:2d:-44,40:01:7a:53:97:2c:-44,40:01:7a:53:97:2b:-44,40:01:7a:53:97:2a:-44,40:01:7a:53:97:2f:-44
2026-04-17 09:58:02,A412,40:01:7a:53:97:2d:-44,40:01:7a:53:97:2c:-44,40:01:7a:53:97:2b:-44,40:01:7a:53:97:2a:-44,40:01:7a:53:97:2f:-44
2026-04-17 09:58:04,A412,40:01:7a:53:97:2d:-45,40:01:7a:53:97:2c:-45,40:01:7a:53:97:2b:-45,40:01:7a:53:97:2a:-45,40:01:7a:53:97:2f:-45
2026-04-17 09:58:07,A412,40:01:7a:53:97:2d:-45,40:01:7a:53:97:2c:-45,40:01:7a:53:97:2b:-45,40:01:7a:53:97:2a:-45,40:01:7a:53:97:2f:-45
2026-04-17 09:58:09,A412,40:01:7a:53:97:2d:-45,40:01:7a:53:97:2c:-45,40:01:7a:53:97:2b:-45,40:01:7a:53:97:2a:-45,40:01:7a:53:97:2f:-45
2026-04-17 09:58:12,A412,40:01:7a:53:97:24:-40,40:01:7a:53:97:23:-40,40:01:7a:53:97:25:-40,40:01:7a:53:97:2d:-43,40:01:7a:53:97:2b:-43
2026-04-17 09:58:13,A412,40:01:7a:53:97:24:-40,40:01:7a:53:97:23:-40,40:01:7a:53:97:25:-40,40:01:7a:53:97:2d:-43,40:01:7a:53:97:2b:-43
2026-04-17 09:58:15,A412,40:01:7a:53:97:24:-40,40:01:7a:53:97:23:-40,40:01:7a:53:97:25:-40,40:01:7a:53:97:2d:-43,40:01:7a:53:97:2b:-43
2026-04-17 09:58:17,A412,40:01:7a:53:97:24:-40,40:01:7a:53:97:2a:-41,40:01:7a:53:97:25:-41,40:01:7a:53:97:2d:-43,40:01:7a:53:97:2b:-43
2026-04-17 09:58:18,A412,40:01:7a:53:97:24:-40,40:01:7a:53:97:2a:-41,40:01:7a:53:97:25:-41,40:01:7a:53:97:2d:-43,40:01:7a:53:97:2b:-43
2026-04-17 09:58:20,A412,40:01:7a:53:97:24:-40,40:01:7a:53:97:2a:-41,40:01:7a:53:97:25:-41,40:01:7a:53:97:2d:-43,40:01:7a:53:97:2b:-43
2026-04-17 09:58:21,A412,40:01:7a:53:97:23:-41,40:01:7a:53:97:22:-41,40:01:7a:53:97:2a:-42,40:01:7a:53:97:21:-42,40:01:7a:53:97:24:-44
2026-04-17 09:58:23,A412,40:01:7a:53:97:23:-41,40:01:7a:53:97:22:-41,40:01:7a:53:97:2a:-42,40:01:7a:53:97:21:-42,40:01:7a:53:97:24:-44
2026-04-17 09:58:25,A412,40:01:7a:53:97:23:-41,40:01:7a:53:97:22:-41,40:01:7a:53:97:2a:-42,40:01:7a:53:97:21:-42,40:01:7a:53:97:24:-44
2026-04-17 09:58:26,A412,40:01:7a:53:97:2a:-44,40:01:7a:53:97:2f:-44,40:01:7a:53:97:2e:-44,40:01:7a:53:97:2d:-45,40:01:7a:53:97:2c:-45
2026-04-17 09:58:28,A412,40:01:7a:53:97:2a:-44,40:01:7a:53:97:2f:-44,40:01:7a:53:97:2e:-44,40:01:7a:53:97:2d:-45,40:01:7a:53:97:2c:-45
2026-04-17 09:58:40,A410,40:01:7a:53:97:22:-38,40:01:7a:53:97:21:-38,40:01:7a:53:97:20:-39,40:01:7a:53:97:23:-39,40:01:7a:53:97:25:-39
2026-04-17 09:58:45,A410,40:01:7a:53:97:22:-33,40:01:7a:53:97:21:-33,40:01:7a:53:97:23:-34,40:01:7a:53:97:2d:-46,40:01:7a:53:97:2a:-46
2026-04-17 09:58:48,A410,40:01:7a:53:97:22:-33,40:01:7a:53:97:21:-33,40:01:7a:53:97:23:-34,40:01:7a:53:97:2d:-46,40:01:7a:53:97:2a:-46
2026-04-17 09:58:49,A410,40:01:7a:53:97:20:-35,40:01:7a:53:97:24:-35,40:01:7a:53:97:23:-35,40:01:7a:53:97:22:-35,40:01:7a:53:97:21:-35
2026-04-17 09:58:52,A410,40:01:7a:53:97:20:-35,40:01:7a:53:97:24:-35,40:01:7a:53:97:23:-35,40:01:7a:53:97:22:-35,40:01:7a:53:97:21:-35
2026-04-17 09:58:54,A410,40:01:7a:53:97:20:-35,40:01:7a:53:97:24:-35,40:01:7a:53:97:23:-35,40:01:7a:53:97:22:-35,40:01:7a:53:97:21:-35
2026-04-17 09:58:56,A410,40:01:7a:53:97:23:-34,40:01:7a:53:97:22:-34,40:01:7a:53:97:21:-34,40:01:7a:53:97:20:-35,40:01:7a:53:97:2a:-44
2026-04-17 09:58:57,A410,40:01:7a:53:97:23:-34,40:01:7a:53:97:22:-34,40:01:7a:53:97:21:-34,40:01:7a:53:97:20:-35,40:01:7a:53:97:2a:-44
2026-04-17 09:58:59,A410,40:01:7a:53:97:23:-34,40:01:7a:53:97:22:-34,40:01:7a:53:97:21:-34,40:01:7a:53:97:20:-35,40:01:7a:53:97:2a:-44
2026-04-17 09:59:00,A410,40:01:7a:53:97:23:-34,40:01:7a:53:97:22:-34,40:01:7a:53:97:21:-34,40:01:7a:53:97:20:-35,40:01:7a:53:97:2a:-44
2026-04-17 09:59:02,A410,40:01:7a:53:97:25:-35,40:01:7a:53:97:23:-37,40:01:7a:53:97:22:-37,40:01:7a:53:97:21:-37,40:01:7a:53:97:24:-38
2026-04-17 09:59:04,A410,40:01:7a:53:97:25:-35,40:01:7a:53:97:23:-37,40:01:7a:53:97:22:-37,40:01:7a:53:97:21:-37,40:01:7a:53:97:24:-38
2026-04-17 09:59:06,A410,40:01:7a:53:97:22:-36,40:01:7a:53:97:24:-37,40:01:7a:53:97:23:-37,40:01:7a:53:97:21:-37,40:01:7a:53:97:25:-37
2026-04-17 09:59:08,A410,40:01:7a:53:97:22:-36,40:01:7a:53:97:24:-37,40:01:7a:53:97:23:-37,40:01:7a:53:97:21:-37,40:01:7a:53:97:25:-37
2026-04-17 09:59:10,A410,40:01:7a:53:97:22:-36,40:01:7a:53:97:24:-37,40:01:7a:53:97:23:-37,40:01:7a:53:97:21:-37,40:01:7a:53:97:25:-37
2026-04-17 09:59:12,A410,40:01:7a:53:97:22:-36,40:01:7a:53:97:24:-37,40:01:7a:53:97:23:-37,40:01:7a:53:97:21:-37,40:01:7a:53:97:25:-37
2026-04-17 09:59:13,A410,40:01:7a:53:97:20:-36,40:01:7a:53:97:24:-36,40:01:7a:53:97:23:-36,40:01:7a:53:97:22:-36,40:01:7a:53:97:21:-36
2026-04-17 09:59:15,A410,40:01:7a:53:97:20:-36,40:01:7a:53:97:24:-36,40:01:7a:53:97:23:-36,40:01:7a:53:97:22:-36,40:01:7a:53:97:21:-36
2026-04-17 09:59:17,A410,40:01:7a:53:97:20:-36,40:01:7a:53:97:24:-36,40:01:7a:53:97:23:-36,40:01:7a:53:97:22:-36,40:01:7a:53:97:21:-36
2026-04-17 09:59:19,A410,40:01:7a:53:97:20:-35,40:01:7a:53:97:23:-35,40:01:7a:53:97:22:-35,40:01:7a:53:97:21:-35,40:01:7a:53:97:2d:-44
2026-04-17 09:59:20,A410,40:01:7a:53:97:20:-35,40:01:7a:53:97:23:-35,40:01:7a:53:97:22:-35,40:01:7a:53:97:21:-35,40:01:7a:53:97:2d:-44
2026-04-17 09:59:22,A410,40:01:7a:53:97:20:-35,40:01:7a:53:97:23:-35,40:01:7a:53:97:22:-35,40:01:7a:53:97:21:-35,40:01:7a:53:97:2d:-44
2026-04-17 09:59:24,A410,40:01:7a:53:97:20:-34,40:01:7a:53:97:22:-34,40:01:7a:53:97:21:-34,40:01:7a:53:97:24:-35,40:01:7a:53:97:23:-35
2026-04-17 09:59:26,A410,40:01:7a:53:97:20:-34,40:01:7a:53:97:22:-34,40:01:7a:53:97:21:-34,40:01:7a:53:97:24:-35,40:01:7a:53:97:23:-35
2026-04-17 09:59:28,A410,40:01:7a:53:97:20:-34,40:01:7a:53:97:22:-34,40:01:7a:53:97:21:-34,40:01:7a:53:97:24:-35,40:01:7a:53:97:23:-35
2026-04-17 09:59:31,A410,40:01:7a:53:97:20:-35,40:01:7a:53:97:24:-35,40:01:7a:53:97:22:-35,40:01:7a:53:97:21:-35,40:01:7a:53:97:25:-35
2026-04-17 09:59:32,A410,40:01:7a:53:97:20:-35,40:01:7a:53:97:24:-35,40:01:7a:53:97:22:-35,40:01:7a:53:97:21:-35,40:01:7a:53:97:25:-35
2026-04-17 09:59:35,A410,40:01:7a:53:97:2c:-43,40:01:7a:53:97:2b:-43,40:01:7a:53:97:2d:-44,40:01:7a:53:97:2a:-44,40:01:7a:53:97:2f:-44
2026-04-17 09:59:37,A410,40:01:7a:53:97:2c:-43,40:01:7a:53:97:2b:-43,40:01:7a:53:97:2d:-44,40:01:7a:53:97:2a:-44,40:01:7a:53:97:2f:-44
2026-04-17 09:59:39,A410,40:01:7a:53:97:2c:-43,40:01:7a:53:97:2b:-43,40:01:7a:53:97:2d:-44,40:01:7a:53:97:2a:-44,40:01:7a:53:97:2f:-44
2026-04-17 09:59:41,A410,40:01:7a:53:97:20:-36,40:01:7a:53:97:23:-36,40:01:7a:53:97:22:-36,40:01:7a:53:97:21:-36,40:01:7a:53:97:25:-36
2026-04-17 09:59:43,A410,40:01:7a:53:97:20:-36,40:01:7a:53:97:23:-36,40:01:7a:53:97:22:-36,40:01:7a:53:97:21:-36,40:01:7a:53:97:25:-36
2026-04-17 09:59:45,A410,40:01:7a:53:97:20:-36,40:01:7a:53:97:23:-36,40:01:7a:53:97:22:-36,40:01:7a:53:97:21:-36,40:01:7a:53:97:25:-36
2026-04-17 09:59:47,A410,40:01:7a:53:97:24:-35,40:01:7a:53:97:23:-35,40:01:7a:53:97:22:-35,40:01:7a:53:97:21:-35,40:01:7a:53:97:20:-36
2026-04-17 09:59:48,A410,40:01:7a:53:97:24:-35,40:01:7a:53:97:23:-35,40:01:7a:53:97:22:-35,40:01:7a:53:97:21:-35,40:01:7a:53:97:20:-36
2026-04-17 09:59:50,A410,40:01:7a:53:97:24:-35,40:01:7a:53:97:23:-35,40:01:7a:53:97:22:-35,40:01:7a:53:97:21:-35,40:01:7a:53:97:20:-36
2026-04-17 09:59:51,A410,40:01:7a:53:97:24:-35,40:01:7a:53:97:23:-35,40:01:7a:53:97:22:-35,40:01:7a:53:97:21:-35,40:01:7a:53:97:20:-36
2026-05-03 17:59:45,iras_lab,72:7f:f0:12:cf:80:-47,00:df:1d:6a:9c:2b:-47,76:7f:f0:12:cf:85:-47,00:df:1d:6a:9c:2e:-48,00:df:1d:6a:9c:2f:-48
2026-05-03 17:59:52,iras_lab,00:df:1d:6a:9c:2f:-41,00:df:1d:6a:9c:2a:-41,00:df:1d:6a:9c:2e:-42,00:df:1d:6a:9c:2d:-42,00:df:1d:6a:9c:2c:-42
2026-05-03 17:59:56,iras_lab,00:df:1d:6a:9c:2f:-37,00:df:1d:6a:9c:2e:-38,00:df:1d:6a:9c:2d:-38,00:df:1d:6a:9c:2b:-38,00:df:1d:6a:9c:2c:-39
2026-05-03 17:59:58,iras_lab,00:df:1d:6a:9c:2f:-37,00:df:1d:6a:9c:2e:-38,00:df:1d:6a:9c:2d:-38,00:df:1d:6a:9c:2b:-38,00:df:1d:6a:9c:2c:-39
2026-05-03 18:00:00,iras_lab,00:df:1d:6a:9c:2f:-37,00:df:1d:6a:9c:2e:-38,00:df:1d:6a:9c:2d:-38,00:df:1d:6a:9c:2b:-38,00:df:1d:6a:9c:2c:-39
2026-05-03 18:00:03,iras_lab,00:df:1d:6a:9c:2d:-47,00:df:1d:6a:9c:2e:-48,00:df:1d:6a:9c:2c:-48,00:df:1d:6a:9c:2b:-48,00:df:1d:6a:9c:2a:-49
2026-05-03 18:00:05,iras_lab,00:df:1d:6a:9c:2d:-47,00:df:1d:6a:9c:2e:-48,00:df:1d:6a:9c:2c:-48,00:df:1d:6a:9c:2b:-48,00:df:1d:6a:9c:2a:-49
2026-05-03 18:00:08,iras_lab,72:7f:f0:12:cf:83:-47,72:7f:f0:12:cf:80:-47,76:7f:f0:12:cf:81:-47,76:7f:f0:12:cf:84:-48,00:df:1d:6a:9c:2a:-53
2026-05-03 18:00:11,iras_lab,00:df:1d:6a:9c:2d:-41,00:df:1d:6a:9c:2e:-42,00:df:1d:6a:9c:2f:-42,00:df:1d:6a:9c:2b:-42,00:df:1d:6a:9c:2c:-43
2026-05-03 18:00:14,iras_lab,00:df:1d:6a:9c:2d:-41,00:df:1d:6a:9c:2e:-42,00:df:1d:6a:9c:2f:-42,00:df:1d:6a:9c:2b:-42,00:df:1d:6a:9c:2c:-43
2026-05-03 18:00:17,iras_lab,00:df:1d:6a:9c:2d:-41,00:df:1d:6a:9c:2e:-42,00:df:1d:6a:9c:2f:-42,00:df:1d:6a:9c:2b:-42,00:df:1d:6a:9c:2c:-43
2026-05-03 18:00:20,iras_lab,76:7f:f0:12:cf:81:-49,76:7f:f0:12:cf:84:-49,00:df:1d:6a:9c:2c:-51,00:df:1d:6a:9c:2f:-52,00:df:1d:6a:9c:2b:-52
2026-05-03 18:00:23,iras_lab,76:7f:f0:12:cf:81:-49,76:7f:f0:12:cf:84:-49,00:df:1d:6a:9c:2c:-51,00:df:1d:6a:9c:2f:-52,00:df:1d:6a:9c:2b:-52
2026-05-03 18:00:25,iras_lab,72:7f:f0:12:cf:80:-41,72:7f:f0:12:cf:83:-44,76:7f:f0:12:cf:81:-48,76:7f:f0:12:cf:84:-48,00:df:1d:6a:9c:2f:-51
2026-05-03 18:00:27,iras_lab,76:7f:f0:12:cf:84:-41,76:7f:f0:12:cf:81:-43,72:7f:f0:12:cf:83:-49,72:7f:f0:12:cf:80:-49,40:01:7a:53:97:cf:-50
2026-05-03 18:00:30,iras_lab,76:7f:f0:12:cf:84:-41,76:7f:f0:12:cf:81:-43,72:7f:f0:12:cf:83:-49,72:7f:f0:12:cf:80:-49,40:01:7a:53:97:cf:-50
2026-05-03 18:00:32,iras_lab,72:7f:f0:12:cf:83:-40,72:7f:f0:12:cf:80:-41,76:7f:f0:12:cf:81:-43,76:7f:f0:12:cf:84:-43,00:df:1d:6a:9c:2a:-53
2026-05-03 18:00:35,iras_lab,72:7f:f0:12:cf:83:-40,72:7f:f0:12:cf:80:-41,76:7f:f0:12:cf:81:-43,76:7f:f0:12:cf:84:-43,00:df:1d:6a:9c:2a:-53
2026-05-03 18:00:37,iras_lab,72:7f:f0:12:cf:83:-40,72:7f:f0:12:cf:80:-41,76:7f:f0:12:cf:81:-43,76:7f:f0:12:cf:84:-43,00:df:1d:6a:9c:2a:-53
2026-05-03 18:00:41,iras_lab,72:7f:f0:12:cf:83:-40,72:7f:f0:12:cf:80:-41,76:7f:f0:12:cf:81:-46,76:7f:f0:12:cf:84:-47,4a:ea:62:7d:97:07:-55
2026-05-03 18:00:44,iras_lab,72:7f:f0:12:cf:83:-40,72:7f:f0:12:cf:80:-41,76:7f:f0:12:cf:81:-46,76:7f:f0:12:cf:84:-47,4a:ea:62:7d:97:07:-55
2026-05-03 18:00:47,iras_lab,72:7f:f0:12:cf:83:-41,72:7f:f0:12:cf:80:-42,76:7f:f0:12:cf:81:-45,76:7f:f0:12:cf:84:-46,00:df:1d:6a:9c:2a:-54
2026-05-03 18:00:50,iras_lab,72:7f:f0:12:cf:83:-41,72:7f:f0:12:cf:80:-42,76:7f:f0:12:cf:81:-45,76:7f:f0:12:cf:84:-46,00:df:1d:6a:9c:2a:-54
2026-05-03 18:00:52,iras_lab,72:7f:f0:12:cf:83:-42,72:7f:f0:12:cf:80:-43,76:7f:f0:12:cf:84:-44,76:7f:f0:12:cf:81:-45,00:df:1d:6a:9c:2e:-54
2026-05-03 18:00:54,iras_lab,72:7f:f0:12:cf:83:-42,72:7f:f0:12:cf:80:-43,76:7f:f0:12:cf:84:-44,76:7f:f0:12:cf:81:-45,00:df:1d:6a:9c:2e:-54
2026-05-03 18:00:57,iras_lab,72:7f:f0:12:cf:83:-44,72:7f:f0:12:cf:80:-46,76:7f:f0:12:cf:81:-47,76:7f:f0:12:cf:84:-47,00:df:1d:6a:9c:2f:-57
2026-05-03 18:00:58,iras_lab,72:7f:f0:12:cf:83:-44,72:7f:f0:12:cf:80:-46,76:7f:f0:12:cf:81:-47,76:7f:f0:12:cf:84:-47,00:df:1d:6a:9c:2f:-57
2026-05-03 18:01:01,iras_lab,72:7f:f0:12:cf:83:-44,72:7f:f0:12:cf:80:-46,76:7f:f0:12:cf:81:-47,76:7f:f0:12:cf:84:-47,00:df:1d:6a:9c:2f:-57
2026-05-03 18:01:03,iras_lab,72:7f:f0:12:cf:83:-36,72:7f:f0:12:cf:80:-38,76:7f:f0:12:cf:81:-43,76:7f:f0:12:cf:84:-43,40:01:7a:53:97:c0:-53
2026-05-03 18:01:05,iras_lab,72:7f:f0:12:cf:83:-36,72:7f:f0:12:cf:80:-38,76:7f:f0:12:cf:81:-43,76:7f:f0:12:cf:84:-43,40:01:7a:53:97:c0:-53
2026-05-03 18:01:06,iras_lab,72:7f:f0:12:cf:83:-36,72:7f:f0:12:cf:80:-38,76:7f:f0:12:cf:81:-43,76:7f:f0:12:cf:84:-43,40:01:7a:53:97:c0:-53
2026-05-03 18:01:13,iras_lab,72:7f:f0:12:cf:80:-37,76:7f:f0:12:cf:81:-38,76:7f:f0:12:cf:84:-38,72:7f:f0:12:cf:83:-40,40:01:7a:53:97:c0:-52
2026-05-03 18:01:21,iras_lab,76:7f:f0:12:cf:81:-36,76:7f:f0:12:cf:84:-36,72:7f:f0:12:cf:80:-40,72:7f:f0:12:cf:83:-41,4a:ea:62:7d:97:07:-56
2026-05-03 18:01:25,iras_lab,76:7f:f0:12:cf:81:-35,76:7f:f0:12:cf:84:-35,72:7f:f0:12:cf:83:-37,72:7f:f0:12:cf:80:-38,74:88:bb:8a:aa:a4:-55
2026-05-03 18:01:29,iras_lab,72:7f:f0:12:cf:83:-33,72:7f:f0:12:cf:80:-34,76:7f:f0:12:cf:84:-40,76:7f:f0:12:cf:81:-41,4a:ea:62:7d:97:07:-55
2026-05-03 18:01:32,iras_lab,72:7f:f0:12:cf:83:-33,72:7f:f0:12:cf:80:-34,76:7f:f0:12:cf:84:-40,76:7f:f0:12:cf:81:-41,4a:ea:62:7d:97:07:-55
2026-05-03 18:01:39,iras_lab,72:7f:f0:12:cf:83:-36,72:7f:f0:12:cf:80:-37,76:7f:f0:12:cf:84:-40,76:7f:f0:12:cf:81:-41,40:01:7a:53:97:ce:-58
2026-05-03 18:01:42,iras_lab,72:7f:f0:12:cf:80:-34,72:7f:f0:12:cf:83:-35,76:7f:f0:12:cf:84:-35,76:7f:f0:12:cf:81:-37,74:88:bb:8a:aa:a5:-53
2026-05-03 18:01:45,iras_lab,72:7f:f0:12:cf:80:-34,72:7f:f0:12:cf:83:-35,76:7f:f0:12:cf:84:-35,76:7f:f0:12:cf:81:-37,74:88:bb:8a:aa:a5:-53
2026-05-03 18:01:50,iras_lab,72:7f:f0:12:cf:83:-35,72:7f:f0:12:cf:80:-37,76:7f:f0:12:cf:81:-41,76:7f:f0:12:cf:84:-41,74:88:bb:8a:aa:a4:-51
2026-05-03 18:01:51,iras_lab,72:7f:f0:12:cf:83:-35,72:7f:f0:12:cf:80:-37,76:7f:f0:12:cf:81:-41,76:7f:f0:12:cf:84:-41,74:88:bb:8a:aa:a4:-51
2026-05-03 18:01:55,iras_lab,76:7f:f0:12:cf:81:-33,76:7f:f0:12:cf:84:-33,40:01:7a:53:97:cb:-58,40:01:7a:53:97:cc:-58,40:01:7a:53:97:cd:-58
2026-05-03 18:01:58,iras_lab,76:7f:f0:12:cf:81:-33,76:7f:f0:12:cf:84:-33,40:01:7a:53:97:cb:-58,40:01:7a:53:97:cc:-58,40:01:7a:53:97:cd:-58
2026-05-03 18:02:01,iras_lab,76:7f:f0:12:cf:81:-32,76:7f:f0:12:cf:84:-32,72:7f:f0:12:cf:83:-38,72:7f:f0:12:cf:80:-39,40:01:7a:53:97:c0:-46
2026-05-03 18:02:03,iras_lab,76:7f:f0:12:cf:81:-32,76:7f:f0:12:cf:84:-32,72:7f:f0:12:cf:83:-38,72:7f:f0:12:cf:80:-39,40:01:7a:53:97:c0:-46
2026-05-03 18:02:06,iras_lab,76:7f:f0:12:cf:81:-31,76:7f:f0:12:cf:84:-31,72:7f:f0:12:cf:83:-37,72:7f:f0:12:cf:80:-37,4a:ea:62:7d:97:07:-53
2026-05-03 18:02:08,iras_lab,76:7f:f0:12:cf:81:-31,76:7f:f0:12:cf:84:-31,72:7f:f0:12:cf:83:-37,72:7f:f0:12:cf:80:-37,4a:ea:62:7d:97:07:-53
2026-05-03 18:02:11,iras_lab,76:7f:f0:12:cf:81:-32,76:7f:f0:12:cf:84:-32,72:7f:f0:12:cf:80:-33,72:7f:f0:12:cf:83:-35,4a:ea:62:7d:97:07:-51
2026-05-03 18:02:13,iras_lab,76:7f:f0:12:cf:81:-32,76:7f:f0:12:cf:84:-32,72:7f:f0:12:cf:80:-33,72:7f:f0:12:cf:83:-35,4a:ea:62:7d:97:07:-51
2026-05-03 18:02:16,iras_lab,76:7f:f0:12:cf:81:-37,76:7f:f0:12:cf:84:-37,72:7f:f0:12:cf:83:-40,72:7f:f0:12:cf:80:-43,40:01:7a:53:97:c0:-52
2026-05-03 18:02:18,iras_lab,76:7f:f0:12:cf:81:-37,76:7f:f0:12:cf:84:-37,72:7f:f0:12:cf:83:-40,72:7f:f0:12:cf:80:-43,40:01:7a:53:97:c0:-52
2026-05-03 18:02:21,iras_lab,76:7f:f0:12:cf:81:-37,76:7f:f0:12:cf:84:-37,72:7f:f0:12:cf:83:-44,72:7f:f0:12:cf:80:-44,4a:ea:62:7d:97:07:-50
2026-05-03 18:02:23,iras_lab,76:7f:f0:12:cf:81:-37,76:7f:f0:12:cf:84:-37,72:7f:f0:12:cf:83:-44,72:7f:f0:12:cf:80:-44,4a:ea:62:7d:97:07:-50
2026-05-03 18:02:25,iras_lab,76:7f:f0:12:cf:81:-37,76:7f:f0:12:cf:84:-37,72:7f:f0:12:cf:83:-44,72:7f:f0:12:cf:80:-44,4a:ea:62:7d:97:07:-50
2026-05-03 18:02:27,iras_lab,76:7f:f0:12:cf:84:-37,76:7f:f0:12:cf:85:-37,76:7f:f0:12:cf:81:-38,40:01:7a:53:97:c3:-42,40:01:7a:53:97:c0:-42
2026-05-03 18:02:29,iras_lab,76:7f:f0:12:cf:84:-37,76:7f:f0:12:cf:85:-37,76:7f:f0:12:cf:81:-38,40:01:7a:53:97:c3:-42,40:01:7a:53:97:c0:-42
2026-05-03 18:02:32,iras_lab,76:7f:f0:12:cf:81:-37,76:7f:f0:12:cf:84:-37,40:01:7a:53:97:c0:-41,40:01:7a:53:97:c1:-41,72:7f:f0:12:cf:83:-42
2026-05-03 18:02:34,iras_lab,76:7f:f0:12:cf:81:-37,76:7f:f0:12:cf:84:-37,40:01:7a:53:97:c0:-41,40:01:7a:53:97:c1:-41,72:7f:f0:12:cf:83:-42
2026-05-03 20:42:06,Discussion_room_2A,f8:0b:cb:f3:88:00:-50,f8:0b:cb:f3:88:01:-50,f8:0b:cb:f3:88:02:-50,b0:22:7a:a0:93:da:-54,00:df:1d:62:f9:43:-58
2026-05-03 20:43:01,Discussion_room_2A,b8:11:4b:c9:d8:a4:-49,b8:11:4b:c9:d8:a3:-49,b8:11:4b:c9:d8:a1:-49,b8:11:4b:c9:d8:a5:-49,b8:11:4b:c9:d8:a0:-49
2026-05-03 20:48:16,B402,40:01:7a:53:97:cd:-45,40:01:7a:53:97:ce:-46,4a:ea:62:7d:97:07:-46,40:01:7a:53:97:cb:-47,40:01:7a:53:97:cc:-47
2026-05-03 20:48:19,B402,00:df:1d:6a:9c:2e:-53,00:df:1d:6a:9c:2f:-53,00:df:1d:6a:9c:2c:-53,72:7f:f0:12:cf:84:-54,72:7f:f0:12:cf:83:-54
2026-05-03 20:48:22,B402,00:df:1d:6a:9c:2e:-53,00:df:1d:6a:9c:2f:-53,00:df:1d:6a:9c:2c:-53,72:7f:f0:12:cf:84:-54,72:7f:f0:12:cf:83:-54
2026-05-03 20:48:27,B402,72:7f:f0:12:cf:84:-39,72:7f:f0:12:cf:83:-42,72:7f:f0:12:cf:80:-42,4a:ea:62:7d:97:07:-46,40:01:7a:53:97:cc:-51
2026-05-03 20:48:46,B402,40:01:7a:53:97:c0:-37,40:01:7a:53:97:c1:-37,40:01:7a:53:97:c2:-39,40:01:7a:53:97:c3:-39,72:7f:f0:12:cf:83:-43
2026-05-03 20:48:48,B402,40:01:7a:53:97:c0:-37,40:01:7a:53:97:c1:-37,40:01:7a:53:97:c2:-39,40:01:7a:53:97:c3:-39,72:7f:f0:12:cf:83:-43
2026-05-03 20:48:51,B402,40:01:7a:53:97:ca:-39,40:01:7a:53:97:cc:-42,40:01:7a:53:97:cd:-42,40:01:7a:53:97:cf:-42,72:7f:f0:12:cf:84:-43
2026-05-03 20:48:53,B402,40:01:7a:53:97:ca:-39,40:01:7a:53:97:cc:-42,40:01:7a:53:97:cd:-42,40:01:7a:53:97:cf:-42,72:7f:f0:12:cf:84:-43
2026-05-03 20:48:55,B402,40:01:7a:53:97:ca:-36,72:7f:f0:12:cf:83:-45,40:01:7a:53:97:cb:-46,40:01:7a:53:97:cc:-46,40:01:7a:53:97:cd:-46
2026-05-03 20:48:57,B402,40:01:7a:53:97:ca:-36,72:7f:f0:12:cf:83:-45,40:01:7a:53:97:cb:-46,40:01:7a:53:97:cc:-46,40:01:7a:53:97:cd:-46
2026-05-03 20:49:00,B402,40:01:7a:53:97:ca:-36,72:7f:f0:12:cf:83:-45,40:01:7a:53:97:cb:-46,40:01:7a:53:97:cc:-46,40:01:7a:53:97:cd:-46
2026-05-03 20:49:01,B402,40:01:7a:53:97:ca:-40,40:01:7a:53:97:cf:-43,40:01:7a:53:97:cb:-44,40:01:7a:53:97:cc:-44,40:01:7a:53:97:cd:-45
2026-05-03 20:49:04,B402,40:01:7a:53:97:ca:-40,40:01:7a:53:97:cf:-43,40:01:7a:53:97:cb:-44,40:01:7a:53:97:cc:-44,40:01:7a:53:97:cd:-45
2026-05-03 20:49:06,B402,40:01:7a:53:97:ca:-40,40:01:7a:53:97:cf:-43,40:01:7a:53:97:cb:-44,40:01:7a:53:97:cc:-44,40:01:7a:53:97:cd:-45
2026-05-03 20:49:08,B402,40:01:7a:53:97:cb:-44,40:01:7a:53:97:ce:-44,40:01:7a:53:97:cf:-44,40:01:7a:53:97:c0:-44,40:01:7a:53:97:cc:-45
2026-05-03 20:49:11,B402,40:01:7a:53:97:cb:-44,40:01:7a:53:97:ce:-44,40:01:7a:53:97:cf:-44,40:01:7a:53:97:c0:-44,40:01:7a:53:97:cc:-45
2026-05-03 20:49:13,B402,72:7f:f0:12:cf:83:-44,40:01:7a:53:97:ca:-44,72:7f:f0:12:cf:80:-47,40:01:7a:53:97:cb:-48,40:01:7a:53:97:cc:-48
2026-05-03 20:49:15,B402,72:7f:f0:12:cf:83:-44,40:01:7a:53:97:ca:-44,72:7f:f0:12:cf:80:-47,40:01:7a:53:97:cb:-48,40:01:7a:53:97:cc:-48
2026-05-03 20:49:18,B402,40:01:7a:53:97:ca:-41,40:01:7a:53:97:cb:-43,40:01:7a:53:97:ce:-43,40:01:7a:53:97:cf:-43,72:7f:f0:12:cf:84:-44
2026-05-03 20:49:19,B402,40:01:7a:53:97:ca:-41,40:01:7a:53:97:cb:-43,40:01:7a:53:97:ce:-43,40:01:7a:53:97:cf:-43,72:7f:f0:12:cf:84:-44
2026-05-03 20:49:22,B402,40:01:7a:53:97:ca:-41,40:01:7a:53:97:cb:-43,40:01:7a:53:97:ce:-43,40:01:7a:53:97:cf:-43,72:7f:f0:12:cf:84:-44
2026-05-03 20:49:24,B402,40:01:7a:53:97:ca:-46,40:01:7a:53:97:cb:-48,40:01:7a:53:97:cc:-48,40:01:7a:53:97:cf:-48,40:01:7a:53:97:cd:-49
2026-05-03 20:49:27,B402,40:01:7a:53:97:ca:-46,40:01:7a:53:97:cb:-48,40:01:7a:53:97:cc:-48,40:01:7a:53:97:cf:-48,40:01:7a:53:97:cd:-49
2026-05-03 20:49:29,B402,40:01:7a:53:97:cd:-39,40:01:7a:53:97:ce:-39,40:01:7a:53:97:cf:-39,40:01:7a:53:97:cb:-40,40:01:7a:53:97:cc:-40
2026-05-03 20:49:31,B402,40:01:7a:53:97:cd:-39,40:01:7a:53:97:ce:-39,40:01:7a:53:97:cf:-39,40:01:7a:53:97:cb:-40,40:01:7a:53:97:cc:-40
2026-05-03 20:49:33,B402,40:01:7a:53:97:cb:-45,40:01:7a:53:97:ce:-46,40:01:7a:53:97:cc:-47,40:01:7a:53:97:cd:-47,40:01:7a:53:97:cf:-47
2026-05-03 20:49:35,B402,40:01:7a:53:97:cb:-45,40:01:7a:53:97:ce:-46,40:01:7a:53:97:cc:-47,40:01:7a:53:97:cd:-47,40:01:7a:53:97:cf:-47
2026-05-03 20:49:37,B402,40:01:7a:53:97:cb:-45,40:01:7a:53:97:ce:-46,40:01:7a:53:97:cc:-47,40:01:7a:53:97:cd:-47,40:01:7a:53:97:cf:-47
2026-05-03 20:49:40,B402,40:01:7a:53:97:cf:-44,72:7f:f0:12:cf:84:-45,72:7f:f0:12:cf:80:-45,40:01:7a:53:97:cb:-45,40:01:7a:53:97:cc:-45
2026-05-03 20:49:42,B402,40:01:7a:53:97:cf:-44,72:7f:f0:12:cf:84:-45,72:7f:f0:12:cf:80:-45,40:01:7a:53:97:cb:-45,40:01:7a:53:97:cc:-45
2026-05-03 20:49:45,B402,40:01:7a:53:97:ca:-38,40:01:7a:53:97:cb:-47,40:01:7a:53:97:cc:-47,40:01:7a:53:97:cd:-47,40:01:7a:53:97:ce:-47
2026-05-03 20:49:47,B402,40:01:7a:53:97:ca:-38,40:01:7a:53:97:cb:-47,40:01:7a:53:97:cc:-47,40:01:7a:53:97:cd:-47,40:01:7a:53:97:ce:-47
2026-05-03 20:49:49,B402,40:01:7a:53:97:ca:-44,74:88:bb:8a:aa:a3:-51,74:88:bb:8a:aa:a4:-51,74:88:bb:8a:aa:a1:-52,00:df:1d:6a:9c:2e:-54
2026-05-03 20:49:51,B402,40:01:7a:53:97:ca:-44,74:88:bb:8a:aa:a3:-51,74:88:bb:8a:aa:a4:-51,74:88:bb:8a:aa:a1:-52,00:df:1d:6a:9c:2e:-54
2026-05-03 20:49:58,B402,40:01:7a:53:97:cb:-47,40:01:7a:53:97:cc:-47,40:01:7a:53:97:cd:-47,40:01:7a:53:97:ce:-47,40:01:7a:53:97:cf:-47
2026-05-03 20:49:59,B402,40:01:7a:53:97:cb:-47,40:01:7a:53:97:cc:-47,40:01:7a:53:97:cd:-47,40:01:7a:53:97:ce:-47,40:01:7a:53:97:cf:-47
2026-05-03 20:50:05,B403,40:01:7a:53:97:cb:-42,40:01:7a:53:97:cc:-42,40:01:7a:53:97:ce:-42,40:01:7a:53:97:cd:-43,40:01:7a:53:97:ca:-43
2026-05-03 20:50:08,B403,40:01:7a:53:97:cb:-42,40:01:7a:53:97:cc:-42,40:01:7a:53:97:ce:-42,40:01:7a:53:97:cd:-43,40:01:7a:53:97:ca:-43
2026-05-03 20:50:10,B403,40:01:7a:53:97:ce:-47,40:01:7a:53:97:cb:-48,40:01:7a:53:97:cc:-48,40:01:7a:53:97:cd:-48,40:01:7a:53:97:cf:-48
2026-05-03 20:50:12,B403,40:01:7a:53:97:ce:-47,40:01:7a:53:97:cb:-48,40:01:7a:53:97:cc:-48,40:01:7a:53:97:cd:-48,40:01:7a:53:97:cf:-48
2026-05-03 20:50:13,B403,40:01:7a:53:97:ca:-51,4a:ea:62:7d:97:07:-51,72:7f:f0:12:cf:83:-52,74:88:bb:ee:97:e4:-53,74:88:bb:ee:97:e5:-53
2026-05-03 20:50:16,B403,40:01:7a:53:97:ca:-51,4a:ea:62:7d:97:07:-51,72:7f:f0:12:cf:83:-52,74:88:bb:ee:97:e4:-53,74:88:bb:ee:97:e5:-53
2026-05-03 20:50:17,B403,40:01:7a:53:97:ca:-51,4a:ea:62:7d:97:07:-51,72:7f:f0:12:cf:83:-52,74:88:bb:ee:97:e4:-53,74:88:bb:ee:97:e5:-53
2026-05-03 20:50:20,B403,40:01:7a:53:97:c2:-41,40:01:7a:53:97:c0:-42,40:01:7a:53:97:c1:-42,40:01:7a:53:97:ce:-43,40:01:7a:53:97:cf:-43
2026-05-03 20:50:22,B403,40:01:7a:53:97:c2:-41,40:01:7a:53:97:c0:-42,40:01:7a:53:97:c1:-42,40:01:7a:53:97:ce:-43,40:01:7a:53:97:cf:-43
2026-05-03 20:50:25,B403,40:01:7a:53:97:cb:-47,40:01:7a:53:97:cc:-47,40:01:7a:53:97:cd:-47,40:01:7a:53:97:ce:-47,40:01:7a:53:97:cf:-47
2026-05-03 20:50:28,B403,40:01:7a:53:97:cb:-47,40:01:7a:53:97:cc:-47,40:01:7a:53:97:cd:-47,40:01:7a:53:97:ce:-47,40:01:7a:53:97:cf:-47
2026-05-03 20:50:29,B403,72:7f:f0:12:cf:84:-44,72:7f:f0:12:cf:83:-44,72:7f:f0:12:cf:80:-44,40:01:7a:53:97:ca:-45,40:01:7a:53:97:cc:-54
2026-05-03 20:50:30,B403,72:7f:f0:12:cf:84:-44,72:7f:f0:12:cf:83:-44,72:7f:f0:12:cf:80:-44,40:01:7a:53:97:ca:-45,40:01:7a:53:97:cc:-54
2026-05-03 20:50:31,B403,72:7f:f0:12:cf:84:-44,72:7f:f0:12:cf:83:-44,72:7f:f0:12:cf:80:-44,40:01:7a:53:97:ca:-45,40:01:7a:53:97:cc:-54
2026-05-03 20:50:34,B403,72:7f:f0:12:cf:84:-45,72:7f:f0:12:cf:83:-46,40:01:7a:53:97:ca:-47,72:7f:f0:12:cf:80:-52,4a:ea:62:7d:97:07:-52
2026-05-03 20:50:39,B403,72:7f:f0:12:cf:84:-45,72:7f:f0:12:cf:83:-46,40:01:7a:53:97:ca:-47,72:7f:f0:12:cf:80:-52,4a:ea:62:7d:97:07:-52
2026-05-03 20:50:51,B403,40:01:7a:53:97:ca:-38,74:88:bb:8a:aa:a1:-46,72:7f:f0:12:cf:84:-48,72:7f:f0:12:cf:80:-48,72:7f:f0:12:cf:83:-49
2026-05-03 20:50:53,B403,40:01:7a:53:97:ca:-38,74:88:bb:8a:aa:a1:-46,72:7f:f0:12:cf:84:-48,72:7f:f0:12:cf:80:-48,72:7f:f0:12:cf:83:-49
2026-05-03 20:50:56,B403,40:01:7a:53:97:c4:-36,40:01:7a:53:97:c5:-38,40:01:7a:53:97:ca:-43,40:01:7a:53:97:cc:-45,40:01:7a:53:97:cf:-45
2026-05-03 20:50:58,B403,40:01:7a:53:97:c4:-36,40:01:7a:53:97:c5:-38,40:01:7a:53:97:ca:-43,40:01:7a:53:97:cc:-45,40:01:7a:53:97:cf:-45
2026-05-03 20:51:05,B403,40:01:7a:53:97:ca:-47,72:7f:f0:12:cf:80:-50,72:7f:f0:12:cf:83:-51,74:88:bb:8a:aa:ac:-52,72:7f:f0:12:cf:84:-52
2026-05-03 20:51:09,B403,40:01:7a:53:97:cb:-43,40:01:7a:53:97:cc:-43,40:01:7a:53:97:ca:-43,40:01:7a:53:97:cf:-43,40:01:7a:53:97:cd:-44
2026-05-03 20:51:12,B403,40:01:7a:53:97:cb:-43,40:01:7a:53:97:cc:-43,40:01:7a:53:97:ca:-43,40:01:7a:53:97:cf:-43,40:01:7a:53:97:cd:-44
2026-05-03 20:51:13,B403,40:01:7a:53:97:ce:-46,40:01:7a:53:97:cb:-47,40:01:7a:53:97:cc:-47,40:01:7a:53:97:cd:-47,40:01:7a:53:97:cf:-48
2026-05-03 20:51:15,B403,40:01:7a:53:97:ce:-46,40:01:7a:53:97:cb:-47,40:01:7a:53:97:cc:-47,40:01:7a:53:97:cd:-47,40:01:7a:53:97:cf:-48
2026-05-03 20:51:18,B403,40:01:7a:53:97:ca:-48,72:7f:f0:12:cf:80:-50,72:7f:f0:12:cf:84:-51,72:7f:f0:12:cf:83:-51,74:88:bb:8a:aa:a3:-56
2026-05-03 20:51:20,B403,40:01:7a:53:97:ca:-48,72:7f:f0:12:cf:80:-50,72:7f:f0:12:cf:84:-51,72:7f:f0:12:cf:83:-51,74:88:bb:8a:aa:a3:-56
2026-05-03 20:51:23,B403,72:7f:f0:12:cf:83:-48,72:7f:f0:12:cf:80:-49,84:f1:47:90:e5:a5:-49,40:01:7a:53:97:cc:-51,40:01:7a:53:97:cb:-52
2026-05-03 20:51:45,Open_Area_1B,40:01:7a:53:97:ca:-56,72:7f:f0:12:cf:80:-57,74:88:bb:8a:aa:ac:-58,72:7f:f0:12:cf:84:-58,74:88:bb:8a:aa:ad:-58
2026-05-03 20:51:48,Open_Area_1B,40:01:7a:53:97:ca:-56,72:7f:f0:12:cf:80:-57,74:88:bb:8a:aa:ac:-58,72:7f:f0:12:cf:84:-58,74:88:bb:8a:aa:ad:-58
2026-05-03 20:51:51,Open_Area_1B,74:88:bb:8a:aa:a3:-43,74:88:bb:8a:aa:a0:-43,74:88:bb:8a:aa:a1:-43,74:88:bb:8a:aa:a2:-43,84:f1:47:90:e5:a1:-54
2026-05-03 20:51:56,Open_Area_1B,74:88:bb:8a:aa:a0:-52,40:01:7a:53:97:ce:-66,40:01:7a:53:97:cf:-66,40:01:7a:53:97:cc:-67,40:01:7a:53:97:cd:-67
2026-05-03 20:51:58,Open_Area_1B,74:88:bb:8a:aa:a0:-52,40:01:7a:53:97:ce:-66,40:01:7a:53:97:cf:-66,40:01:7a:53:97:cc:-67,40:01:7a:53:97:cd:-67
2026-05-03 20:52:00,Open_Area_1B,74:88:bb:8a:aa:ac:-63,74:88:bb:8a:aa:ad:-63,74:88:bb:8a:aa:ae:-63,74:88:bb:8a:aa:af:-63,74:88:bb:8a:aa:ab:-63
2026-05-03 20:52:02,Open_Area_1B,74:88:bb:8a:aa:ac:-63,74:88:bb:8a:aa:ad:-63,74:88:bb:8a:aa:ae:-63,74:88:bb:8a:aa:af:-63,74:88:bb:8a:aa:ab:-63
2026-05-03 20:52:06,Open_Area_1B,74:88:bb:8a:aa:a3:-56,74:88:bb:8a:aa:a0:-56,74:88:bb:8a:aa:a2:-56,40:01:7a:53:97:ca:-63,4a:ea:62:7d:97:07:-65
2026-05-03 20:52:08,Open_Area_1B,74:88:bb:8a:aa:a3:-56,74:88:bb:8a:aa:a0:-56,74:88:bb:8a:aa:a2:-56,40:01:7a:53:97:ca:-63,4a:ea:62:7d:97:07:-65
2026-05-03 20:52:10,Open_Area_1B,74:88:bb:8a:aa:a0:-52,84:f1:47:90:e5:a3:-58,84:f1:47:90:e5:a1:-59,84:f1:47:90:e5:a0:-59,84:f1:47:90:e5:a2:-59
2026-05-03 20:52:12,Open_Area_1B,74:88:bb:8a:aa:a0:-52,84:f1:47:90:e5:a3:-58,84:f1:47:90:e5:a1:-59,84:f1:47:90:e5:a0:-59,84:f1:47:90:e5:a2:-59
2026-05-03 20:52:14,Open_Area_1B,74:88:bb:8a:aa:a3:-55,74:88:bb:8a:aa:a4:-56,4a:ea:62:7d:97:07:-63,40:01:7a:53:97:ca:-65,72:7f:f0:12:cf:84:-71
2026-05-03 20:52:17,Open_Area_1B,74:88:bb:8a:aa:a3:-55,74:88:bb:8a:aa:a4:-56,4a:ea:62:7d:97:07:-63,40:01:7a:53:97:ca:-65,72:7f:f0:12:cf:84:-71
2026-05-03 20:52:19,Open_Area_1B,74:88:bb:8a:aa:a0:-53,74:88:bb:8a:aa:a1:-53,72:7f:f0:12:cf:83:-60,4a:ea:62:7d:97:07:-60,72:7f:f0:12:cf:84:-62
2026-05-03 20:52:24,Open_Area_1B,74:88:bb:8a:aa:a3:-58,74:88:bb:8a:aa:a1:-59,74:88:bb:8a:aa:a2:-59,74:88:bb:8a:aa:a4:-60,74:88:bb:8a:aa:a0:-60
2026-05-03 20:52:27,Open_Area_1B,74:88:bb:8a:aa:a3:-58,74:88:bb:8a:aa:a1:-59,74:88:bb:8a:aa:a2:-59,74:88:bb:8a:aa:a4:-60,74:88:bb:8a:aa:a0:-60
2026-05-03 20:52:30,Open_Area_1B,74:88:bb:8a:aa:a0:-55,74:88:bb:8a:aa:a1:-56,40:01:7a:53:97:cd:-56,40:01:7a:53:97:cb:-57,40:01:7a:53:97:ce:-57
2026-05-03 20:52:31,Open_Area_1B,74:88:bb:8a:aa:a0:-55,74:88:bb:8a:aa:a1:-56,40:01:7a:53:97:cd:-56,40:01:7a:53:97:cb:-57,40:01:7a:53:97:ce:-57
2026-05-03 20:52:33,Open_Area_1B,74:88:bb:8a:aa:a0:-55,74:88:bb:8a:aa:a1:-56,40:01:7a:53:97:cd:-56,40:01:7a:53:97:cb:-57,40:01:7a:53:97:ce:-57
2026-05-03 20:52:35,Open_Area_1B,40:01:7a:53:97:ca:-66,4a:ea:62:7d:97:07:-66,74:88:bb:ee:97:e0:-68,74:88:bb:ee:97:e1:-68,74:88:bb:ee:97:e2:-68
2026-05-03 20:52:37,Open_Area_1B,40:01:7a:53:97:ca:-66,4a:ea:62:7d:97:07:-66,74:88:bb:ee:97:e0:-68,74:88:bb:ee:97:e1:-68,74:88:bb:ee:97:e2:-68
2026-05-03 20:52:40,Open_Area_1B,74:88:bb:8a:aa:a3:-46,74:88:bb:8a:aa:a2:-46,74:88:bb:8a:aa:a4:-47,74:88:bb:8a:aa:a1:-47,40:01:7a:53:97:ca:-63
2026-05-03 20:52:42,Open_Area_1B,74:88:bb:8a:aa:a3:-46,74:88:bb:8a:aa:a2:-46,74:88:bb:8a:aa:a4:-47,74:88:bb:8a:aa:a1:-47,40:01:7a:53:97:ca:-63
2026-05-03 20:52:48,Open_Area_1B,84:f1:47:90:e5:a1:-51,84:f1:47:90:e5:a4:-52,84:f1:47:90:e5:a3:-52,84:f1:47:90:e5:a2:-52,74:88:bb:8a:aa:a0:-53
2026-05-03 20:52:52,Open_Area_1B,40:01:7a:53:97:ca:-58,72:7f:f0:12:cf:83:-60,72:7f:f0:12:cf:84:-62,72:7f:f0:12:cf:80:-62,4a:ea:62:7d:97:07:-66
2026-05-03 20:52:54,Open_Area_1B,40:01:7a:53:97:ca:-58,72:7f:f0:12:cf:83:-60,72:7f:f0:12:cf:84:-62,72:7f:f0:12:cf:80:-62,4a:ea:62:7d:97:07:-66
2026-05-03 20:53:06,B404,74:88:bb:8a:aa:a0:-44,74:88:bb:8a:aa:a1:-45,74:88:bb:ee:97:ee:-46,74:88:bb:8a:aa:ad:-47,74:88:bb:ee:97:ea:-47
2026-05-03 20:53:10,B404,74:88:bb:8a:aa:a0:-44,74:88:bb:8a:aa:a1:-45,74:88:bb:ee:97:ee:-46,74:88:bb:8a:aa:ad:-47,74:88:bb:ee:97:ea:-47
2026-05-03 20:53:12,B404,74:88:bb:8a:aa:ad:-45,74:88:bb:8a:aa:ac:-46,74:88:bb:8a:aa:ae:-46,74:88:bb:8a:aa:af:-46,74:88:bb:8a:aa:aa:-46
2026-05-03 20:53:13,B404,74:88:bb:8a:aa:ad:-45,74:88:bb:8a:aa:ac:-46,74:88:bb:8a:aa:ae:-46,74:88:bb:8a:aa:af:-46,74:88:bb:8a:aa:aa:-46
2026-05-03 20:53:17,B404,74:88:bb:ee:97:e2:-49,74:88:bb:ee:97:e3:-49,74:88:bb:ee:97:e4:-49,74:88:bb:ee:97:e5:-49,74:88:bb:ee:97:e0:-50
2026-05-03 20:53:20,B404,74:88:bb:ee:97:e2:-49,74:88:bb:ee:97:e3:-49,74:88:bb:ee:97:e4:-49,74:88:bb:ee:97:e5:-49,74:88:bb:ee:97:e0:-50
2026-05-03 20:53:22,B404,74:88:bb:8a:aa:af:-47,74:88:bb:8a:aa:aa:-47,74:88:bb:8a:aa:ab:-47,74:88:bb:8a:aa:ac:-48,74:88:bb:8a:aa:ad:-48
2026-05-03 20:53:26,B404,74:88:bb:8a:aa:a4:-29,74:88:bb:8a:aa:ac:-46,74:88:bb:8a:aa:ad:-46,74:88:bb:8a:aa:ae:-46,74:88:bb:8a:aa:af:-46
2026-05-03 20:53:28,B404,74:88:bb:8a:aa:a4:-29,74:88:bb:8a:aa:ac:-46,74:88:bb:8a:aa:ad:-46,74:88:bb:8a:aa:ae:-46,74:88:bb:8a:aa:af:-46
2026-05-03 20:53:30,B404,74:88:bb:8a:aa:a4:-29,74:88:bb:8a:aa:ac:-46,74:88:bb:8a:aa:ad:-46,74:88:bb:8a:aa:ae:-46,74:88:bb:8a:aa:af:-46
2026-05-03 20:53:32,B404,74:88:bb:8a:aa:a3:-36,74:88:bb:8a:aa:a4:-36,74:88:bb:8a:aa:a0:-36,74:88:bb:8a:aa:a1:-36,74:88:bb:8a:aa:a2:-36
2026-05-03 20:53:34,B404,74:88:bb:8a:aa:a3:-36,74:88:bb:8a:aa:a4:-36,74:88:bb:8a:aa:a0:-36,74:88:bb:8a:aa:a1:-36,74:88:bb:8a:aa:a2:-36
2026-05-03 20:53:36,B404,74:88:bb:ee:97:e2:-51,74:88:bb:ee:97:e3:-51,74:88:bb:ee:97:e4:-51,74:88:bb:ee:97:e5:-51,74:88:bb:ee:97:e1:-52
2026-05-03 20:53:39,B404,74:88:bb:ee:97:e2:-51,74:88:bb:ee:97:e3:-51,74:88:bb:ee:97:e4:-51,74:88:bb:ee:97:e5:-51,74:88:bb:ee:97:e1:-52
2026-05-03 20:53:41,B404,74:88:bb:8a:aa:a3:-29,74:88:bb:8a:aa:a0:-29,74:88:bb:8a:aa:a1:-29,74:88:bb:8a:aa:ac:-42,74:88:bb:8a:aa:ad:-42
2026-05-03 20:53:44,B404,74:88:bb:8a:aa:a3:-29,74:88:bb:8a:aa:a0:-29,74:88:bb:8a:aa:a1:-29,74:88:bb:8a:aa:ac:-42,74:88:bb:8a:aa:ad:-42
2026-05-03 20:53:45,B404,74:88:bb:8a:aa:a3:-29,74:88:bb:8a:aa:a0:-29,74:88:bb:8a:aa:a1:-29,74:88:bb:8a:aa:ac:-42,74:88:bb:8a:aa:ad:-42
2026-05-03 20:53:48,B404,74:88:bb:8a:aa:a3:-40,74:88:bb:8a:aa:a4:-40,74:88:bb:8a:aa:a2:-41,74:88:bb:8a:aa:ac:-50,74:88:bb:8a:aa:ad:-50
2026-05-03 20:53:50,B404,74:88:bb:8a:aa:a3:-40,74:88:bb:8a:aa:a4:-40,74:88:bb:8a:aa:a2:-41,74:88:bb:8a:aa:ac:-50,74:88:bb:8a:aa:ad:-50
2026-05-03 20:53:52,B404,74:88:bb:8a:aa:ae:-48,74:88:bb:8a:aa:af:-48,74:88:bb:8a:aa:ac:-49,74:88:bb:8a:aa:ad:-49,74:88:bb:8a:aa:aa:-50
2026-05-03 20:53:54,B404,74:88:bb:8a:aa:ae:-48,74:88:bb:8a:aa:af:-48,74:88:bb:8a:aa:ac:-49,74:88:bb:8a:aa:ad:-49,74:88:bb:8a:aa:aa:-50
2026-05-03 20:53:57,B404,74:88:bb:ee:97:e0:-48,74:88:bb:ee:97:e1:-48,74:88:bb:ee:97:e2:-48,74:88:bb:ee:97:e4:-48,74:88:bb:ee:97:e5:-48
2026-05-03 20:54:05,B404,74:88:bb:8a:aa:ad:-48,74:88:bb:8a:aa:aa:-48,74:88:bb:8a:aa:ac:-49,74:88:bb:8a:aa:ae:-49,74:88:bb:8a:aa:af:-49
2026-05-03 20:54:09,B404,72:7f:f0:12:cf:83:-53,74:88:bb:ee:97:e0:-53,74:88:bb:ee:97:e1:-53,74:88:bb:ee:97:e2:-53,74:88:bb:ee:97:e3:-53
2026-05-03 20:57:14,B405,74:88:bb:8a:aa:a3:-31,74:88:bb:8a:aa:a4:-31,74:88:bb:8a:aa:a5:-31,74:88:bb:8a:aa:a0:-31,74:88:bb:8a:aa:a1:-31
2026-05-03 20:57:18,B405,74:88:bb:8a:aa:a0:-35,74:88:bb:8a:aa:ae:-44,74:88:bb:8a:aa:aa:-44,74:88:bb:8a:aa:ac:-45,74:88:bb:8a:aa:ad:-45
2026-05-03 20:57:19,B405,74:88:bb:8a:aa:a0:-35,74:88:bb:8a:aa:ae:-44,74:88:bb:8a:aa:aa:-44,74:88:bb:8a:aa:ac:-45,74:88:bb:8a:aa:ad:-45
2026-05-03 20:57:22,B405,74:88:bb:ee:97:ee:-47,74:88:bb:ee:97:ea:-48,74:88:bb:ee:97:eb:-48,74:88:bb:ee:97:ed:-48,74:88:bb:ee:97:ec:-49
2026-05-03 20:57:24,B405,74:88:bb:ee:97:ee:-47,74:88:bb:ee:97:ea:-48,74:88:bb:ee:97:eb:-48,74:88:bb:ee:97:ed:-48,74:88:bb:ee:97:ec:-49
2026-05-03 20:57:27,B405,74:88:bb:ee:97:ee:-47,74:88:bb:ee:97:ea:-48,74:88:bb:ee:97:eb:-48,74:88:bb:ee:97:ed:-48,74:88:bb:ee:97:ec:-49
2026-05-03 20:57:52,B405,74:88:bb:8a:aa:a0:-32,74:88:bb:8a:aa:a1:-32,74:88:bb:8a:aa:a2:-32,74:88:bb:8a:aa:ac:-46,74:88:bb:8a:aa:ad:-46
2026-05-03 20:57:59,B405,74:88:bb:8a:aa:a0:-33,74:88:bb:8a:aa:a1:-33,74:88:bb:8a:aa:af:-43,74:88:bb:8a:aa:ac:-44,74:88:bb:8a:aa:ad:-44
2026-05-03 20:58:01,B405,74:88:bb:8a:aa:a0:-33,74:88:bb:8a:aa:a1:-33,74:88:bb:8a:aa:af:-43,74:88:bb:8a:aa:ac:-44,74:88:bb:8a:aa:ad:-44
2026-05-03 20:58:03,B405,74:88:bb:8a:aa:a0:-30,74:88:bb:8a:aa:a1:-30,74:88:bb:8a:aa:aa:-45,74:88:bb:ee:97:e1:-47,74:88:bb:ee:97:ea:-48
2026-05-03 20:58:05,B405,74:88:bb:8a:aa:a0:-30,74:88:bb:8a:aa:a1:-30,74:88:bb:8a:aa:aa:-45,74:88:bb:ee:97:e1:-47,74:88:bb:ee:97:ea:-48
2026-05-03 20:58:08,B405,74:88:bb:8a:aa:aa:-38,74:88:bb:8a:aa:ac:-45,74:88:bb:8a:aa:ad:-45,74:88:bb:8a:aa:ae:-45,74:88:bb:8a:aa:af:-45
2026-05-03 20:58:09,B405,74:88:bb:8a:aa:aa:-38,74:88:bb:8a:aa:ac:-45,74:88:bb:8a:aa:ad:-45,74:88:bb:8a:aa:ae:-45,74:88:bb:8a:aa:af:-45
2026-05-03 20:58:12,B405,74:88:bb:8a:aa:aa:-38,74:88:bb:8a:aa:ac:-45,74:88:bb:8a:aa:ad:-45,74:88:bb:8a:aa:ae:-45,74:88:bb:8a:aa:af:-45
2026-05-03 20:58:14,B405,74:88:bb:8a:aa:a0:-37,74:88:bb:8a:aa:a1:-37,74:88:bb:ee:97:e0:-45,74:88:bb:ee:97:e1:-45,74:88:bb:8a:aa:aa:-46
2026-05-03 20:58:17,B405,74:88:bb:8a:aa:a0:-37,74:88:bb:8a:aa:a1:-37,74:88:bb:ee:97:e0:-45,74:88:bb:ee:97:e1:-45,74:88:bb:8a:aa:aa:-46
2026-05-03 20:58:18,B405,74:88:bb:8a:aa:a0:-32,74:88:bb:8a:aa:a1:-32,74:88:bb:8a:aa:ac:-40,74:88:bb:8a:aa:ab:-40,74:88:bb:8a:aa:ad:-41
2026-05-03 20:58:21,B405,74:88:bb:8a:aa:a0:-32,74:88:bb:8a:aa:a1:-32,74:88:bb:8a:aa:ac:-40,74:88:bb:8a:aa:ab:-40,74:88:bb:8a:aa:ad:-41
2026-05-03 20:58:22,B405,74:88:bb:8a:aa:a0:-32,74:88:bb:8a:aa:a1:-32,74:88:bb:8a:aa:ac:-40,74:88:bb:8a:aa:ab:-40,74:88:bb:8a:aa:ad:-41
2026-05-03 20:58:23,B405,74:88:bb:8a:aa:aa:-41,74:88:bb:ee:97:e0:-48,74:88:bb:ee:97:e1:-48,74:88:bb:ee:97:e2:-49,74:88:bb:8a:aa:ac:-50
2026-05-03 20:58:26,B405,74:88:bb:8a:aa:aa:-41,74:88:bb:ee:97:e0:-48,74:88:bb:ee:97:e1:-48,74:88:bb:ee:97:e2:-49,74:88:bb:8a:aa:ac:-50
2026-05-03 20:58:28,B405,74:88:bb:8a:aa:aa:-41,74:88:bb:ee:97:e0:-48,74:88:bb:ee:97:e1:-48,74:88:bb:ee:97:e2:-49,74:88:bb:8a:aa:ac:-50
2026-05-03 20:58:31,B405,74:88:bb:8a:aa:aa:-46,74:88:bb:ee:97:ec:-47,74:88:bb:ee:97:ea:-48,74:88:bb:ee:97:eb:-48,74:88:bb:ee:97:ed:-48
2026-05-03 20:58:33,B405,74:88:bb:8a:aa:aa:-46,74:88:bb:ee:97:ec:-47,74:88:bb:ee:97:ea:-48,74:88:bb:ee:97:eb:-48,74:88:bb:ee:97:ed:-48
2026-05-03 20:58:36,B405,74:88:bb:8a:aa:a0:-34,74:88:bb:8a:aa:a1:-34,74:88:bb:8a:aa:aa:-43,74:88:bb:8a:aa:ab:-44,74:88:bb:8a:aa:ac:-45
2026-05-03 20:58:38,B405,74:88:bb:8a:aa:a0:-34,74:88:bb:8a:aa:a1:-34,74:88:bb:8a:aa:aa:-43,74:88:bb:8a:aa:ab:-44,74:88:bb:8a:aa:ac:-45
2026-05-03 20:58:40,B405,74:88:bb:8a:aa:a0:-35,74:88:bb:8a:aa:a1:-35,74:88:bb:8a:aa:ac:-47,74:88:bb:8a:aa:ae:-47,74:88:bb:8a:aa:ab:-47
2026-05-03 20:58:42,B405,74:88:bb:8a:aa:a0:-35,74:88:bb:8a:aa:a1:-35,74:88:bb:8a:aa:ac:-47,74:88:bb:8a:aa:ae:-47,74:88:bb:8a:aa:ab:-47
2026-05-03 20:58:49,B405,74:88:bb:8a:aa:ac:-46,74:88:bb:8a:aa:ad:-46,74:88:bb:8a:aa:ae:-46,74:88:bb:8a:aa:af:-46,74:88:bb:8a:aa:aa:-46
2026-05-03 20:58:50,B405,74:88:bb:8a:aa:ac:-46,74:88:bb:8a:aa:ad:-46,74:88:bb:8a:aa:ae:-46,74:88:bb:8a:aa:af:-46,74:88:bb:8a:aa:aa:-46
2026-05-03 20:58:53,B405,74:88:bb:8a:aa:aa:-42,74:88:bb:ee:97:ea:-45,74:88:bb:ee:97:eb:-45,74:88:bb:ee:97:ec:-45,74:88:bb:ee:97:ed:-45
2026-05-03 20:58:55,B405,74:88:bb:8a:aa:aa:-42,74:88:bb:ee:97:ea:-45,74:88:bb:ee:97:eb:-45,74:88:bb:ee:97:ec:-45,74:88:bb:ee:97:ed:-45
2026-05-03 20:59:07,B406,74:88:bb:8a:aa:a1:-46,74:88:bb:8a:aa:a0:-47,74:88:bb:8a:aa:aa:-49,84:f1:47:90:e5:a5:-50,84:f1:47:90:e5:a4:-50
2026-05-03 20:59:11,B406,74:88:bb:8a:aa:a1:-37,74:88:bb:8a:aa:a2:-37,74:88:bb:8a:aa:aa:-49,74:88:bb:ee:97:eb:-54,74:88:bb:ee:97:ec:-54
2026-05-03 20:59:14,B406,74:88:bb:8a:aa:a1:-37,74:88:bb:8a:aa:a2:-37,74:88:bb:8a:aa:aa:-49,74:88:bb:ee:97:eb:-54,74:88:bb:ee:97:ec:-54
2026-05-03 20:59:15,B406,74:88:bb:8a:aa:a1:-37,74:88:bb:8a:aa:a2:-37,74:88:bb:8a:aa:aa:-49,74:88:bb:ee:97:eb:-54,74:88:bb:ee:97:ec:-54
2026-05-03 20:59:46,B406,74:88:bb:8a:aa:a0:-40,74:88:bb:8a:aa:a2:-42,74:88:bb:8a:aa:aa:-44,74:88:bb:8a:aa:ae:-51,74:88:bb:8a:aa:af:-51
2026-05-03 20:59:47,B406,74:88:bb:8a:aa:a0:-40,74:88:bb:8a:aa:a2:-42,74:88:bb:8a:aa:aa:-44,74:88:bb:8a:aa:ae:-51,74:88:bb:8a:aa:af:-51
2026-05-03 20:59:48,B406,74:88:bb:8a:aa:a0:-40,74:88:bb:8a:aa:a2:-42,74:88:bb:8a:aa:aa:-44,74:88:bb:8a:aa:ae:-51,74:88:bb:8a:aa:af:-51
2026-05-03 20:59:55,B406,74:88:bb:8a:aa:ac:-45,74:88:bb:8a:aa:ad:-45,74:88:bb:8a:aa:ae:-45,74:88:bb:8a:aa:af:-46,74:88:bb:8a:aa:ab:-46
2026-05-03 21:00:07,B406,74:88:bb:8a:aa:aa:-39,74:88:bb:ee:97:e0:-42,74:88:bb:8a:aa:ac:-44,74:88:bb:8a:aa:ad:-44,74:88:bb:8a:aa:ae:-44
2026-05-03 21:00:09,B406,74:88:bb:8a:aa:aa:-39,74:88:bb:ee:97:e0:-42,74:88:bb:8a:aa:ac:-44,74:88:bb:8a:aa:ad:-44,74:88:bb:8a:aa:ae:-44
2026-05-03 21:00:12,B406,74:88:bb:ee:97:e0:-41,74:88:bb:ee:97:e2:-42,74:88:bb:8a:aa:af:-44,74:88:bb:8a:aa:ab:-44,74:88:bb:ee:97:e3:-44
2026-05-03 21:00:14,B406,74:88:bb:ee:97:e0:-41,74:88:bb:ee:97:e2:-42,74:88:bb:8a:aa:af:-44,74:88:bb:8a:aa:ab:-44,74:88:bb:ee:97:e3:-44
2026-05-03 21:00:16,B406,74:88:bb:8a:aa:a1:-41,74:88:bb:8a:aa:a2:-41,74:88:bb:8a:aa:aa:-51,74:88:bb:ee:97:e0:-56,74:88:bb:ee:97:e1:-56
2026-05-03 21:00:20,B406,74:88:bb:8a:aa:a1:-41,74:88:bb:8a:aa:a2:-41,74:88:bb:8a:aa:aa:-51,74:88:bb:ee:97:e0:-56,74:88:bb:ee:97:e1:-56
2026-05-03 21:00:42,B406,74:88:bb:8a:aa:a0:-34,74:88:bb:8a:aa:a1:-34,74:88:bb:8a:aa:aa:-43,74:88:bb:8a:aa:ac:-45,74:88:bb:8a:aa:ad:-45
2026-05-03 21:00:44,B406,74:88:bb:8a:aa:a0:-34,74:88:bb:8a:aa:a1:-34,74:88:bb:8a:aa:aa:-43,74:88:bb:8a:aa:ac:-45,74:88:bb:8a:aa:ad:-45
2026-05-03 21:00:45,B406,74:88:bb:8a:aa:a0:-34,74:88:bb:8a:aa:a1:-34,74:88:bb:8a:aa:aa:-43,74:88:bb:8a:aa:ac:-45,74:88:bb:8a:aa:ad:-45
2026-05-03 21:00:46,B406,74:88:bb:8a:aa:a0:-30,74:88:bb:8a:aa:a1:-31,74:88:bb:ee:97:e1:-46,74:88:bb:ee:97:e0:-47,74:88:bb:ee:97:e2:-47
2026-05-03 21:00:47,B406,74:88:bb:8a:aa:a0:-30,74:88:bb:8a:aa:a1:-31,74:88:bb:ee:97:e1:-46,74:88:bb:ee:97:e0:-47,74:88:bb:ee:97:e2:-47
2026-05-03 21:00:50,B406,74:88:bb:8a:aa:a0:-30,74:88:bb:8a:aa:a1:-31,74:88:bb:ee:97:e1:-46,74:88:bb:ee:97:e0:-47,74:88:bb:ee:97:e2:-47
2026-05-03 21:00:52,B406,74:88:bb:ee:97:ef:-49,74:88:bb:8a:aa:ac:-50,74:88:bb:8a:aa:ad:-50,74:88:bb:8a:aa:ae:-50,74:88:bb:ee:97:ea:-50
2026-05-03 21:01:02,B407,74:88:bb:ee:97:e0:-43,74:88:bb:ee:97:e1:-43,74:88:bb:ee:97:e2:-43,74:88:bb:ee:97:e3:-45,74:88:bb:ee:97:ee:-46
2026-05-03 21:01:04,B407,74:88:bb:ee:97:e0:-43,74:88:bb:ee:97:e1:-43,74:88:bb:ee:97:e2:-43,74:88:bb:ee:97:e3:-45,74:88:bb:ee:97:ee:-46
2026-05-03 21:01:07,B407,74:88:bb:ee:97:eb:-49,74:88:bb:ee:97:ec:-49,74:88:bb:ee:97:ed:-49,74:88:bb:ee:97:ee:-49,74:88:bb:ee:97:ea:-50
2026-05-03 21:01:09,B407,74:88:bb:ee:97:eb:-49,74:88:bb:ee:97:ec:-49,74:88:bb:ee:97:ed:-49,74:88:bb:ee:97:ee:-49,74:88:bb:ee:97:ea:-50
2026-05-03 21:01:13,B407,74:88:bb:ee:97:e1:-42,74:88:bb:ee:97:e2:-42,74:88:bb:ee:97:e0:-46,74:88:bb:8a:aa:aa:-48,74:88:bb:ee:97:ea:-50
2026-05-03 21:01:16,B407,74:88:bb:ee:97:e1:-42,74:88:bb:ee:97:e2:-42,74:88:bb:ee:97:e0:-46,74:88:bb:8a:aa:aa:-48,74:88:bb:ee:97:ea:-50
2026-05-03 21:01:19,B407,74:88:bb:ee:97:e5:-44,74:88:bb:8a:aa:aa:-47,74:88:bb:ee:97:ea:-49,74:88:bb:ee:97:eb:-49,74:88:bb:ee:97:ec:-49
2026-05-03 21:01:21,B407,74:88:bb:ee:97:e5:-44,74:88:bb:8a:aa:aa:-47,74:88:bb:ee:97:ea:-49,74:88:bb:ee:97:eb:-49,74:88:bb:ee:97:ec:-49
2026-05-03 21:01:24,B407,74:88:bb:ee:97:ea:-49,74:88:bb:ee:97:ec:-49,74:88:bb:ee:97:ed:-49,74:88:bb:ee:97:ee:-49,74:88:bb:ee:97:eb:-50
2026-05-03 21:01:26,B407,74:88:bb:ee:97:ea:-49,74:88:bb:ee:97:ec:-49,74:88:bb:ee:97:ed:-49,74:88:bb:ee:97:ee:-49,74:88:bb:ee:97:eb:-50
2026-05-03 21:01:28,B407,74:88:bb:ee:97:e0:-42,74:88:bb:ee:97:e1:-42,74:88:bb:ee:97:e2:-42,74:88:bb:ee:97:e3:-42,74:88:bb:ee:97:ee:-44
2026-05-03 21:01:30,B407,74:88:bb:ee:97:e0:-42,74:88:bb:ee:97:e1:-42,74:88:bb:ee:97:e2:-42,74:88:bb:ee:97:e3:-42,74:88:bb:ee:97:ee:-44
2026-05-03 21:01:33,B407,74:88:bb:ee:97:e0:-42,74:88:bb:ee:97:e1:-42,74:88:bb:ee:97:e2:-42,74:88:bb:ee:97:e3:-42,74:88:bb:ee:97:ee:-44
2026-05-03 21:01:34,B407,74:88:bb:ee:97:e0:-39,74:88:bb:ee:97:e2:-39,74:88:bb:ee:97:e1:-42,74:88:bb:8a:aa:a0:-44,74:88:bb:8a:aa:a1:-44
2026-05-03 21:01:37,B407,74:88:bb:ee:97:e0:-39,74:88:bb:ee:97:e2:-39,74:88:bb:ee:97:e1:-42,74:88:bb:8a:aa:a0:-44,74:88:bb:8a:aa:a1:-44
2026-05-03 21:01:39,B407,74:88:bb:ee:97:e1:-36,74:88:bb:ee:97:e0:-37,74:88:bb:ee:97:e2:-37,74:88:bb:ee:97:e3:-40,74:88:bb:ee:97:ea:-54
2026-05-03 21:01:42,B407,74:88:bb:ee:97:e1:-36,74:88:bb:ee:97:e0:-37,74:88:bb:ee:97:e2:-37,74:88:bb:ee:97:e3:-40,74:88:bb:ee:97:ea:-54
2026-05-03 21:01:45,B407,74:88:bb:ee:97:ee:-43,74:88:bb:ee:97:e1:-43,74:88:bb:ee:97:ec:-44,74:88:bb:ee:97:ed:-44,74:88:bb:ee:97:ef:-44
2026-05-03 21:01:46,B407,74:88:bb:ee:97:ee:-43,74:88:bb:ee:97:e1:-43,74:88:bb:ee:97:ec:-44,74:88:bb:ee:97:ed:-44,74:88:bb:ee:97:ef:-44
2026-05-03 21:01:49,B407,74:88:bb:ee:97:e2:-42,74:88:bb:ee:97:e1:-43,74:88:bb:8a:aa:a0:-44,74:88:bb:ee:97:ea:-48,74:88:bb:ee:97:eb:-49
2026-05-03 21:01:50,B407,74:88:bb:ee:97:e2:-42,74:88:bb:ee:97:e1:-43,74:88:bb:8a:aa:a0:-44,74:88:bb:ee:97:ea:-48,74:88:bb:ee:97:eb:-49
2026-05-03 21:01:52,B407,74:88:bb:ee:97:e2:-42,74:88:bb:ee:97:e1:-43,74:88:bb:8a:aa:a0:-44,74:88:bb:ee:97:ea:-48,74:88:bb:ee:97:eb:-49
2026-05-03 21:01:54,B407,74:88:bb:ee:97:e2:-37,74:88:bb:ee:97:e3:-37,74:88:bb:ee:97:ea:-38,74:88:bb:ee:97:eb:-38,74:88:bb:ee:97:ec:-38
2026-05-03 21:01:56,B407,74:88:bb:ee:97:e2:-37,74:88:bb:ee:97:e3:-37,74:88:bb:ee:97:ea:-38,74:88:bb:ee:97:eb:-38,74:88:bb:ee:97:ec:-38
2026-05-03 21:01:58,B407,74:88:bb:ee:97:e2:-37,74:88:bb:ee:97:e3:-37,74:88:bb:ee:97:ea:-38,74:88:bb:ee:97:eb:-38,74:88:bb:ee:97:ec:-38
2026-05-03 21:02:04,B407,74:88:bb:ee:97:e1:-40,74:88:bb:ee:97:e0:-43,74:88:bb:ee:97:e2:-43,74:88:bb:ee:97:e3:-43,74:88:bb:ee:97:e4:-44
2026-05-03 21:02:07,B407,74:88:bb:ee:97:e3:-35,74:88:bb:ee:97:e0:-37,74:88:bb:ee:97:e1:-37,74:88:bb:ee:97:e2:-37,c2:18:03:97:27:36:-46
2026-05-03 21:02:08,B407,74:88:bb:ee:97:e3:-35,74:88:bb:ee:97:e0:-37,74:88:bb:ee:97:e1:-37,74:88:bb:ee:97:e2:-37,c2:18:03:97:27:36:-46
2026-05-03 21:02:11,B407,74:88:bb:ee:97:ec:-50,74:88:bb:ee:97:ef:-50,c2:18:03:97:27:36:-50,74:88:bb:ee:97:ed:-51,74:88:bb:ee:97:ee:-51
2026-05-03 21:02:15,B407,74:88:bb:ee:97:ec:-50,74:88:bb:ee:97:ef:-50,c2:18:03:97:27:36:-50,74:88:bb:ee:97:ed:-51,74:88:bb:ee:97:ee:-51
2026-05-03 21:02:19,B407,74:88:bb:ee:97:e1:-37,74:88:bb:ee:97:e2:-37,74:88:bb:ee:97:e0:-39,74:88:bb:ee:97:e3:-42,74:88:bb:ee:97:ec:-48
2026-05-03 21:02:20,B407,74:88:bb:ee:97:e1:-37,74:88:bb:ee:97:e2:-37,74:88:bb:ee:97:e0:-39,74:88:bb:ee:97:e3:-42,74:88:bb:ee:97:ec:-48
2026-05-03 21:02:23,B407,74:88:bb:ee:97:e1:-42,74:88:bb:ee:97:e2:-42,74:88:bb:ee:97:e0:-43,74:88:bb:ee:97:ea:-49,74:88:bb:ee:97:eb:-49
2026-05-03 21:02:24,B407,74:88:bb:ee:97:e1:-42,74:88:bb:ee:97:e2:-42,74:88:bb:ee:97:e0:-43,74:88:bb:ee:97:ea:-49,74:88:bb:ee:97:eb:-49
2026-05-03 21:02:26,B407,74:88:bb:ee:97:e1:-42,74:88:bb:ee:97:e2:-42,74:88:bb:ee:97:e0:-43,74:88:bb:ee:97:ea:-49,74:88:bb:ee:97:eb:-49
2026-05-03 21:02:28,B407,74:88:bb:ee:97:e0:-43,74:88:bb:ee:97:e1:-44,74:88:bb:ee:97:e2:-44,74:88:bb:8a:aa:a1:-46,74:88:bb:8a:aa:a0:-47
2026-05-03 21:02:30,B407,74:88:bb:ee:97:e0:-43,74:88:bb:ee:97:e1:-44,74:88:bb:ee:97:e2:-44,74:88:bb:8a:aa:a1:-46,74:88:bb:8a:aa:a0:-47
2026-05-03 21:02:35,B407,74:88:bb:ee:97:e0:-38,74:88:bb:ee:97:e1:-39,74:88:bb:ee:97:e2:-39,74:88:bb:8a:aa:a0:-45,74:88:bb:8a:aa:a1:-46
2026-05-03 21:02:45,B408,74:88:bb:ee:97:e0:-40,74:88:bb:ee:97:e1:-40,74:88:bb:ee:97:e2:-40,74:88:bb:ee:97:ed:-45,74:88:bb:ee:97:ee:-45
2026-05-03 21:02:47,B408,74:88:bb:ee:97:e0:-40,74:88:bb:ee:97:e1:-40,74:88:bb:ee:97:e2:-40,74:88:bb:ee:97:ed:-45,74:88:bb:ee:97:ee:-45
2026-05-03 21:02:50,B408,74:88:bb:ee:97:e1:-31,74:88:bb:ee:97:e2:-32,74:88:bb:ee:97:e3:-32,74:88:bb:ee:97:eb:-50,74:88:bb:ee:97:ec:-50
2026-05-03 21:02:52,B408,74:88:bb:ee:97:e1:-31,74:88:bb:ee:97:e2:-32,74:88:bb:ee:97:e3:-32,74:88:bb:ee:97:eb:-50,74:88:bb:ee:97:ec:-50
2026-05-03 21:02:54,B408,74:88:bb:ee:97:e0:-36,74:88:bb:ee:97:e1:-36,74:88:bb:ee:97:e2:-36,74:88:bb:8a:aa:a1:-43,74:88:bb:ee:97:ef:-44
2026-05-03 21:02:56,B408,74:88:bb:ee:97:e0:-36,74:88:bb:ee:97:e1:-36,74:88:bb:ee:97:e2:-36,74:88:bb:8a:aa:a1:-43,74:88:bb:ee:97:ef:-44
2026-05-03 21:02:59,B408,74:88:bb:ee:97:ef:-42,74:88:bb:ee:97:ec:-43,74:88:bb:ee:97:ed:-43,74:88:bb:ee:97:ea:-44,74:88:bb:ee:97:eb:-44
2026-05-03 21:03:01,B408,74:88:bb:ee:97:ef:-42,74:88:bb:ee:97:ec:-43,74:88:bb:ee:97:ed:-43,74:88:bb:ee:97:ea:-44,74:88:bb:ee:97:eb:-44
2026-05-03 21:03:04,B408,74:88:bb:ee:97:ef:-42,74:88:bb:ee:97:ec:-43,74:88:bb:ee:97:ed:-43,74:88:bb:ee:97:ea:-44,74:88:bb:ee:97:eb:-44
2026-05-03 21:03:08,B408,74:88:bb:ee:97:e0:-35,74:88:bb:ee:97:e1:-36,74:88:bb:ee:97:e2:-36,74:88:bb:ee:97:ea:-47,74:88:bb:ee:97:ec:-47
2026-05-03 21:03:13,B408,74:88:bb:ee:97:e1:-38,74:88:bb:ee:97:e2:-38,74:88:bb:ee:97:eb:-45,74:88:bb:ee:97:ea:-46,74:88:bb:ee:97:ec:-46
2026-05-03 21:03:16,B408,74:88:bb:ee:97:e1:-31,74:88:bb:ee:97:e2:-31,74:88:bb:ee:97:e3:-31,74:88:bb:ee:97:e0:-32,74:88:bb:ee:97:ec:-44
2026-05-03 21:03:18,B408,74:88:bb:ee:97:e1:-31,74:88:bb:ee:97:e2:-31,74:88:bb:ee:97:e3:-31,74:88:bb:ee:97:e0:-32,74:88:bb:ee:97:ec:-44
2026-05-03 21:03:21,B408,74:88:bb:ee:97:e1:-31,74:88:bb:ee:97:e2:-31,74:88:bb:ee:97:e3:-31,74:88:bb:ee:97:e0:-32,74:88:bb:ee:97:ec:-44
2026-05-03 21:03:23,B408,74:88:bb:ee:97:e3:-33,74:88:bb:ee:97:e1:-34,74:88:bb:ee:97:e2:-34,74:88:bb:ee:97:ef:-47,74:88:bb:ee:97:ea:-48
2026-05-03 21:03:25,B408,74:88:bb:ee:97:e3:-33,74:88:bb:ee:97:e1:-34,74:88:bb:ee:97:e2:-34,74:88:bb:ee:97:ef:-47,74:88:bb:ee:97:ea:-48
2026-05-03 21:03:27,B408,74:88:bb:ee:97:e1:-32,74:88:bb:ee:97:e0:-33,74:88:bb:ee:97:e2:-33,74:88:bb:ee:97:ea:-46,74:88:bb:ee:97:ec:-46
2026-05-03 21:03:30,B408,74:88:bb:ee:97:e1:-32,74:88:bb:ee:97:e0:-33,74:88:bb:ee:97:e2:-33,74:88:bb:ee:97:ea:-46,74:88:bb:ee:97:ec:-46
2026-05-03 21:03:32,B408,74:88:bb:ee:97:e0:-39,74:88:bb:ee:97:e1:-39,74:88:bb:ee:97:e2:-39,74:88:bb:ee:97:ea:-48,74:88:bb:ee:97:eb:-48
2026-05-03 21:03:34,B408,74:88:bb:ee:97:e0:-39,74:88:bb:ee:97:e1:-39,74:88:bb:ee:97:e2:-39,74:88:bb:ee:97:ea:-48,74:88:bb:ee:97:eb:-48
2026-05-03 21:03:36,B408,74:88:bb:ee:97:e0:-39,74:88:bb:ee:97:e1:-39,74:88:bb:ee:97:e2:-39,74:88:bb:ee:97:ea:-48,74:88:bb:ee:97:eb:-48
2026-05-03 21:03:39,B408,74:88:bb:ee:97:e0:-33,74:88:bb:ee:97:e1:-33,74:88:bb:ee:97:e2:-33,74:88:bb:ee:97:eb:-55,74:88:bb:ee:97:ec:-55
2026-05-03 21:03:40,B408,74:88:bb:ee:97:e0:-33,74:88:bb:ee:97:e1:-33,74:88:bb:ee:97:e2:-33,74:88:bb:ee:97:eb:-55,74:88:bb:ee:97:ec:-55
2026-05-03 21:03:43,B408,74:88:bb:ee:97:ea:-43,74:88:bb:ee:97:eb:-43,74:88:bb:ee:97:ec:-43,74:88:bb:ee:97:ed:-43,74:88:bb:ee:97:ee:-43
2026-05-03 21:03:47,B408,74:88:bb:ee:97:ea:-43,74:88:bb:ee:97:eb:-43,74:88:bb:ee:97:ec:-43,74:88:bb:ee:97:ed:-43,74:88:bb:ee:97:ee:-43
2026-05-03 21:03:51,B408,74:88:bb:ee:97:e0:-33,74:88:bb:ee:97:e2:-33,74:88:bb:ee:97:ed:-44,74:88:bb:ee:97:ec:-45,74:88:bb:ee:97:eb:-46
2026-05-03 21:03:52,B408,74:88:bb:ee:97:e0:-33,74:88:bb:ee:97:e2:-33,74:88:bb:ee:97:ed:-44,74:88:bb:ee:97:ec:-45,74:88:bb:ee:97:eb:-46
2026-05-03 21:03:55,B408,74:88:bb:ee:97:e1:-34,74:88:bb:ee:97:e2:-34,74:88:bb:ee:97:ee:-46,74:88:bb:ee:97:ef:-46,74:88:bb:ee:97:ea:-47
2026-05-03 21:03:59,B408,74:88:bb:ee:97:e1:-34,74:88:bb:ee:97:e2:-34,74:88:bb:ee:97:ee:-46,74:88:bb:ee:97:ef:-46,74:88:bb:ee:97:ea:-47
2026-05-03 21:04:01,B408,74:88:bb:ee:97:e1:-34,74:88:bb:ee:97:e2:-34,74:88:bb:ee:97:ee:-46,74:88:bb:ee:97:ef:-46,74:88:bb:ee:97:ea:-47
2026-05-03 21:04:04,B408,74:88:bb:ee:97:e1:-36,74:88:bb:ee:97:e0:-38,74:88:bb:ee:97:e2:-38,74:88:bb:ee:97:eb:-42,74:88:bb:ee:97:ec:-43
2026-05-03 21:04:06,B408,74:88:bb:ee:97:e0:-33,74:88:bb:ee:97:e1:-33,74:88:bb:ee:97:e2:-33,74:88:bb:ee:97:eb:-49,74:88:bb:ee:97:ec:-49
2026-05-03 21:04:09,B408,74:88:bb:ee:97:e0:-33,74:88:bb:ee:97:e1:-33,74:88:bb:ee:97:e2:-33,74:88:bb:ee:97:eb:-49,74:88:bb:ee:97:ec:-49
2026-05-03 21:04:12,B408,74:88:bb:ee:97:e0:-38,74:88:bb:ee:97:e1:-40,74:88:bb:ee:97:ea:-51,74:88:bb:ee:97:eb:-51,74:88:bb:ee:97:ec:-51
2026-05-03 21:04:15,B408,74:88:bb:ee:97:e0:-38,74:88:bb:ee:97:e1:-40,74:88:bb:ee:97:ea:-51,74:88:bb:ee:97:eb:-51,74:88:bb:ee:97:ec:-51
2026-05-03 21:04:18,B408,74:88:bb:ee:97:ef:-43,74:88:bb:8a:aa:a1:-45,24:36:da:9d:48:8f:-52,24:36:da:9d:48:8e:-52,24:36:da:9d:48:8b:-54
2026-05-03 21:04:23,B408,74:88:bb:ee:97:e0:-34,74:88:bb:ee:97:e1:-34,74:88:bb:ee:97:e2:-37,74:88:bb:ee:97:ec:-46,74:88:bb:ee:97:ef:-46
2026-05-03 21:04:25,B408,74:88:bb:ee:97:e0:-34,74:88:bb:ee:97:e1:-34,74:88:bb:ee:97:e2:-37,74:88:bb:ee:97:ec:-46,74:88:bb:ee:97:ef:-46
2026-05-03 21:04:26,B408,74:88:bb:ee:97:e0:-34,74:88:bb:ee:97:e1:-34,74:88:bb:ee:97:e2:-37,74:88:bb:ee:97:ec:-46,74:88:bb:ee:97:ef:-46
2026-05-03 21:04:27,B408,74:88:bb:ee:97:ea:-40,74:88:bb:ee:97:eb:-40,74:88:bb:ee:97:ec:-40,74:88:bb:ee:97:ee:-40,74:88:bb:ee:97:ef:-40
2026-05-03 21:04:28,B408,74:88:bb:ee:97:ea:-40,74:88:bb:ee:97:eb:-40,74:88:bb:ee:97:ec:-40,74:88:bb:ee:97:ee:-40,74:88:bb:ee:97:ef:-40
2026-05-03 21:04:29,B408,74:88:bb:ee:97:ea:-40,74:88:bb:ee:97:eb:-40,74:88:bb:ee:97:ec:-40,74:88:bb:ee:97:ee:-40,74:88:bb:ee:97:ef:-40
2026-05-03 21:04:30,B408,74:88:bb:ee:97:ea:-40,74:88:bb:ee:97:eb:-40,74:88:bb:ee:97:ec:-40,74:88:bb:ee:97:ee:-40,74:88:bb:ee:97:ef:-40
2026-05-03 21:04:31,B408,74:88:bb:ee:97:ea:-40,74:88:bb:ee:97:eb:-40,74:88:bb:ee:97:ec:-40,74:88:bb:ee:97:ee:-40,74:88:bb:ee:97:ef:-40
2026-05-03 21:04:33,B408,74:88:bb:ee:97:ea:-36,74:88:bb:ee:97:eb:-36,74:88:bb:ee:97:ec:-36,74:88:bb:ee:97:ed:-36,74:88:bb:ee:97:ee:-36
2026-05-03 21:04:35,B408,74:88:bb:ee:97:ea:-36,74:88:bb:ee:97:eb:-36,74:88:bb:ee:97:ec:-36,74:88:bb:ee:97:ed:-36,74:88:bb:ee:97:ee:-36
2026-05-03 21:04:38,B408,74:88:bb:ee:97:e0:-37,74:88:bb:ee:97:e1:-37,74:88:bb:ee:97:e2:-37,74:88:bb:ee:97:ef:-44,74:88:bb:ee:97:ea:-45
2026-05-03 21:04:40,B408,74:88:bb:ee:97:e0:-37,74:88:bb:ee:97:e1:-37,74:88:bb:ee:97:e2:-37,74:88:bb:ee:97:ef:-44,74:88:bb:ee:97:ea:-45
2026-05-03 21:04:45,B409,74:88:bb:ee:97:e0:-38,74:88:bb:ee:97:e1:-39,74:88:bb:ee:97:ea:-40,74:88:bb:ee:97:eb:-40,74:88:bb:ee:97:ed:-40
2026-05-03 21:04:48,B409,74:88:bb:ee:97:e0:-38,74:88:bb:ee:97:e1:-39,74:88:bb:ee:97:ea:-40,74:88:bb:ee:97:eb:-40,74:88:bb:ee:97:ed:-40
2026-05-03 21:04:49,B409,74:88:bb:ee:97:ee:-40,74:88:bb:ee:97:e0:-40,74:88:bb:ee:97:ef:-41,74:88:bb:ee:97:eb:-42,74:88:bb:ee:97:ec:-42
2026-05-03 21:04:52,B409,74:88:bb:ee:97:ee:-40,74:88:bb:ee:97:e0:-40,74:88:bb:ee:97:ef:-41,74:88:bb:ee:97:eb:-42,74:88:bb:ee:97:ec:-42
2026-05-03 21:04:53,B409,74:88:bb:ee:97:ef:-36,74:88:bb:ee:97:eb:-38,74:88:bb:ee:97:ec:-38,74:88:bb:ee:97:ed:-38,74:88:bb:ee:97:ee:-39
2026-05-03 21:04:56,B409,74:88:bb:ee:97:ef:-36,74:88:bb:ee:97:eb:-38,74:88:bb:ee:97:ec:-38,74:88:bb:ee:97:ed:-38,74:88:bb:ee:97:ee:-39
2026-05-03 21:05:00,B409,74:88:bb:ee:97:e2:-31,74:88:bb:ee:97:e1:-32,74:88:bb:ee:97:ea:-43,74:88:bb:ee:97:ed:-43,74:88:bb:ee:97:eb:-44
2026-05-03 21:05:01,B409,74:88:bb:ee:97:e2:-31,74:88:bb:ee:97:e1:-32,74:88:bb:ee:97:ea:-43,74:88:bb:ee:97:ed:-43,74:88:bb:ee:97:eb:-44
2026-05-03 21:05:02,B409,74:88:bb:ee:97:e2:-31,74:88:bb:ee:97:e1:-32,74:88:bb:ee:97:ea:-43,74:88:bb:ee:97:ed:-43,74:88:bb:ee:97:eb:-44
2026-05-03 21:05:04,B409,74:88:bb:ee:97:e1:-34,74:88:bb:ee:97:e2:-34,74:88:bb:ee:97:e0:-36,74:88:bb:ee:97:e3:-36,74:88:bb:ee:97:ea:-37
2026-05-03 21:05:06,B409,74:88:bb:ee:97:e1:-34,74:88:bb:ee:97:e2:-34,74:88:bb:ee:97:e0:-36,74:88:bb:ee:97:e3:-36,74:88:bb:ee:97:ea:-37
2026-05-03 21:05:09,B409,74:88:bb:ee:97:ea:-37,74:88:bb:ee:97:eb:-37,74:88:bb:ee:97:ed:-37,74:88:bb:ee:97:ec:-38,74:88:bb:ee:97:ef:-38
2026-05-03 21:05:10,B409,74:88:bb:ee:97:ea:-37,74:88:bb:ee:97:eb:-37,74:88:bb:ee:97:ed:-37,74:88:bb:ee:97:ec:-38,74:88:bb:ee:97:ef:-38
2026-05-03 21:05:13,B409,74:88:bb:ee:97:ea:-37,74:88:bb:ee:97:eb:-37,74:88:bb:ee:97:ed:-37,74:88:bb:ee:97:ec:-38,74:88:bb:ee:97:ef:-38
2026-05-03 21:05:15,B409,c2:18:03:97:27:36:-51,bc:22:28:41:99:9c:-52,74:88:bb:ee:97:ea:-53,74:88:bb:ee:97:eb:-53,74:88:bb:ee:97:ec:-53
2026-05-03 21:05:18,B409,c2:18:03:97:27:36:-51,bc:22:28:41:99:9c:-52,74:88:bb:ee:97:ea:-53,74:88:bb:ee:97:eb:-53,74:88:bb:ee:97:ec:-53
2026-05-03 21:05:21,B409,74:88:bb:ee:97:e0:-36,74:88:bb:ee:97:e1:-36,74:88:bb:ee:97:e2:-36,74:88:bb:ee:97:ec:-43,74:88:bb:ee:97:ef:-43
2026-05-03 21:05:25,B409,74:88:bb:ee:97:eb:-39,74:88:bb:ee:97:ec:-39,74:88:bb:ee:97:ed:-39,74:88:bb:ee:97:e1:-39,74:88:bb:ee:97:e2:-39
2026-05-03 21:05:27,B409,74:88:bb:ee:97:eb:-39,74:88:bb:ee:97:ec:-39,74:88:bb:ee:97:ed:-39,74:88:bb:ee:97:e1:-39,74:88:bb:ee:97:e2:-39
2026-05-03 21:05:30,B409,74:88:bb:ee:97:eb:-39,74:88:bb:ee:97:ec:-39,74:88:bb:ee:97:ed:-39,74:88:bb:ee:97:e1:-39,74:88:bb:ee:97:e2:-39
2026-05-03 21:05:32,B409,74:88:bb:ee:97:e1:-35,74:88:bb:ee:97:e2:-35,74:88:bb:ee:97:e0:-36,70:db:98:07:84:aa:-52,c2:18:03:97:27:36:-52
2026-05-03 21:05:34,B409,74:88:bb:ee:97:e1:-35,74:88:bb:ee:97:e2:-35,74:88:bb:ee:97:e0:-36,70:db:98:07:84:aa:-52,c2:18:03:97:27:36:-52
2026-05-03 21:05:38,B409,74:88:bb:ee:97:e1:-38,74:88:bb:ee:97:e3:-38,74:88:bb:ee:97:e2:-41,70:db:98:07:84:a0:-42,74:88:bb:ee:97:ea:-46
2026-05-03 21:05:39,B409,74:88:bb:ee:97:e1:-38,74:88:bb:ee:97:e3:-38,74:88:bb:ee:97:e2:-41,70:db:98:07:84:a0:-42,74:88:bb:ee:97:ea:-46
2026-05-03 21:05:42,B409,74:88:bb:ee:97:e0:-41,74:88:bb:ee:97:e1:-41,74:88:bb:ee:97:e2:-41,70:db:98:07:84:ad:-48,70:db:98:07:84:ae:-48
2026-05-03 21:05:46,B409,74:88:bb:ee:97:e1:-37,74:88:bb:ee:97:ea:-46,74:88:bb:ee:97:eb:-46,74:88:bb:ee:97:ec:-46,74:88:bb:ee:97:ed:-46
2026-05-03 21:05:48,B409,74:88:bb:ee:97:e1:-37,74:88:bb:ee:97:ea:-46,74:88:bb:ee:97:eb:-46,74:88:bb:ee:97:ec:-46,74:88:bb:ee:97:ed:-46
2026-05-03 21:05:51,B409,74:88:bb:ee:97:e1:-37,74:88:bb:ee:97:ea:-46,74:88:bb:ee:97:eb:-46,74:88:bb:ee:97:ec:-46,74:88:bb:ee:97:ed:-46
2026-05-03 21:05:53,B409,74:88:bb:ee:97:e0:-44,74:88:bb:ee:97:e1:-44,70:db:98:07:84:aa:-45,70:db:98:07:84:ab:-46,70:db:98:07:84:ac:-46
2026-05-03 21:05:56,B409,74:88:bb:ee:97:e0:-44,74:88:bb:ee:97:e1:-44,70:db:98:07:84:aa:-45,70:db:98:07:84:ab:-46,70:db:98:07:84:ac:-46
2026-05-03 21:05:58,B409,74:88:bb:ee:97:e1:-41,74:88:bb:ee:97:e2:-41,74:88:bb:ee:97:e0:-42,74:88:bb:ee:97:e3:-43,74:88:bb:ee:97:ea:-51
2026-05-03 21:06:00,B409,74:88:bb:ee:97:e1:-41,74:88:bb:ee:97:e2:-41,74:88:bb:ee:97:e0:-42,74:88:bb:ee:97:e3:-43,74:88:bb:ee:97:ea:-51
2026-05-03 21:06:02,B409,74:88:bb:ee:97:ea:-33,74:88:bb:ee:97:ec:-34,74:88:bb:ee:97:ef:-34,74:88:bb:ee:97:eb:-35,74:88:bb:ee:97:ed:-35
2026-05-03 21:06:04,B409,74:88:bb:ee:97:ea:-33,74:88:bb:ee:97:ec:-34,74:88:bb:ee:97:ef:-34,74:88:bb:ee:97:eb:-35,74:88:bb:ee:97:ed:-35
2026-05-03 21:06:06,B409,74:88:bb:ee:97:e1:-41,74:88:bb:ee:97:e0:-45,c2:18:03:97:27:36:-48,24:36:da:9d:48:8b:-52,24:36:da:9d:48:8e:-52
2026-05-03 21:06:09,B409,74:88:bb:ee:97:e1:-41,74:88:bb:ee:97:e0:-45,c2:18:03:97:27:36:-48,24:36:da:9d:48:8b:-52,24:36:da:9d:48:8e:-52
2026-05-03 21:06:11,B409,74:88:bb:ee:97:e0:-34,74:88:bb:ee:97:e1:-34,74:88:bb:ee:97:e2:-34,74:88:bb:ee:97:e3:-34,74:88:bb:ee:97:e4:-34
2026-05-03 21:06:13,B409,74:88:bb:ee:97:e0:-34,74:88:bb:ee:97:e1:-34,74:88:bb:ee:97:e2:-34,74:88:bb:ee:97:e3:-34,74:88:bb:ee:97:e4:-34
2026-05-03 21:06:15,B409,74:88:bb:ee:97:e0:-34,74:88:bb:ee:97:e1:-34,74:88:bb:ee:97:e2:-34,74:88:bb:ee:97:e3:-34,74:88:bb:ee:97:e4:-34
2026-05-03 21:06:17,B409,74:88:bb:ee:97:e2:-42,74:88:bb:ee:97:e3:-42,70:db:98:07:84:a0:-46,74:88:bb:ee:97:e0:-46,74:88:bb:ee:97:ed:-50
2026-05-03 21:06:19,B409,74:88:bb:ee:97:e2:-42,74:88:bb:ee:97:e3:-42,70:db:98:07:84:a0:-46,74:88:bb:ee:97:e0:-46,74:88:bb:ee:97:ed:-50
2026-05-03 21:06:22,B409,74:88:bb:ee:97:ed:-40,74:88:bb:ee:97:ee:-40,74:88:bb:ee:97:ea:-41,74:88:bb:ee:97:eb:-41,74:88:bb:ee:97:ec:-41
2026-05-03 21:06:24,B409,74:88:bb:ee:97:ed:-40,74:88:bb:ee:97:ee:-40,74:88:bb:ee:97:ea:-41,74:88:bb:ee:97:eb:-41,74:88:bb:ee:97:ec:-41
2026-05-03 21:06:27,B409,74:88:bb:ee:97:e2:-39,74:88:bb:ee:97:e0:-42,74:88:bb:ee:97:ea:-44,74:88:bb:ee:97:eb:-44,74:88:bb:ee:97:ec:-44
2026-05-03 21:06:28,B409,74:88:bb:ee:97:e2:-39,74:88:bb:ee:97:e0:-42,74:88:bb:ee:97:ea:-44,74:88:bb:ee:97:eb:-44,74:88:bb:ee:97:ec:-44
2026-05-03 21:06:31,B409,74:88:bb:ee:97:e2:-39,74:88:bb:ee:97:e0:-42,74:88:bb:ee:97:ea:-44,74:88:bb:ee:97:eb:-44,74:88:bb:ee:97:ec:-44
2026-05-03 21:06:33,B409,70:db:98:07:84:ad:-46,70:db:98:07:84:ae:-46,70:db:98:07:84:af:-46,70:db:98:07:84:ab:-47,70:db:98:07:84:ac:-47
2026-05-03 21:06:35,B409,70:db:98:07:84:ad:-46,70:db:98:07:84:ae:-46,70:db:98:07:84:af:-46,70:db:98:07:84:ab:-47,70:db:98:07:84:ac:-47
2026-05-03 21:06:36,B409,70:db:98:07:84:ad:-46,70:db:98:07:84:ae:-46,70:db:98:07:84:af:-46,70:db:98:07:84:ab:-47,70:db:98:07:84:ac:-47
2026-05-03 21:06:37,B409,74:88:bb:ee:97:e1:-37,74:88:bb:ee:97:eb:-41,74:88:bb:ee:97:ec:-41,74:88:bb:ee:97:ee:-41,74:88:bb:ee:97:ea:-42
2026-05-03 21:06:39,B409,74:88:bb:ee:97:e1:-37,74:88:bb:ee:97:eb:-41,74:88:bb:ee:97:ec:-41,74:88:bb:ee:97:ee:-41,74:88:bb:ee:97:ea:-42
2026-05-03 21:06:40,B409,74:88:bb:ee:97:e1:-37,74:88:bb:ee:97:eb:-41,74:88:bb:ee:97:ec:-41,74:88:bb:ee:97:ee:-41,74:88:bb:ee:97:ea:-42
2026-05-03 21:06:41,B409,74:88:bb:ee:97:e1:-37,74:88:bb:ee:97:eb:-41,74:88:bb:ee:97:ec:-41,74:88:bb:ee:97:ee:-41,74:88:bb:ee:97:ea:-42
2026-05-03 21:06:42,B409,74:88:bb:ee:97:ea:-44,74:88:bb:ee:97:eb:-44,74:88:bb:ee:97:ec:-44,74:88:bb:ee:97:ed:-44,74:88:bb:ee:97:ee:-44
2026-05-03 21:06:43,B409,74:88:bb:ee:97:ea:-44,74:88:bb:ee:97:eb:-44,74:88:bb:ee:97:ec:-44,74:88:bb:ee:97:ed:-44,74:88:bb:ee:97:ee:-44
2026-05-03 21:06:44,B409,74:88:bb:ee:97:ea:-44,74:88:bb:ee:97:eb:-44,74:88:bb:ee:97:ec:-44,74:88:bb:ee:97:ed:-44,74:88:bb:ee:97:ee:-44
2026-05-03 21:06:45,B409,74:88:bb:ee:97:ea:-44,74:88:bb:ee:97:eb:-44,74:88:bb:ee:97:ec:-44,74:88:bb:ee:97:ed:-44,74:88:bb:ee:97:ee:-44
2026-05-03 21:06:46,B409,74:88:bb:ee:97:ea:-44,74:88:bb:ee:97:eb:-44,74:88:bb:ee:97:ec:-44,74:88:bb:ee:97:ed:-44,74:88:bb:ee:97:ee:-44
2026-05-03 21:06:47,B409,74:88:bb:ee:97:ea:-37,74:88:bb:ee:97:eb:-37,74:88:bb:ee:97:ec:-37,74:88:bb:ee:97:ed:-37,74:88:bb:ee:97:ef:-37
2026-05-03 21:06:49,B409,74:88:bb:ee:97:ea:-37,74:88:bb:ee:97:eb:-37,74:88:bb:ee:97:ec:-37,74:88:bb:ee:97:ed:-37,74:88:bb:ee:97:ef:-37
2026-05-03 21:06:52,B409,74:88:bb:ee:97:ea:-37,74:88:bb:ee:97:eb:-37,74:88:bb:ee:97:ec:-37,74:88:bb:ee:97:ed:-37,74:88:bb:ee:97:ef:-37
2026-05-03 21:06:56,B409,74:88:bb:ee:97:e2:-36,74:88:bb:ee:97:e3:-36,74:88:bb:ee:97:e4:-36,74:88:bb:ee:97:e5:-36,74:88:bb:ee:97:e1:-37
2026-05-03 21:08:36,Open_Area_2B,74:88:bb:ee:97:e0:-39,70:db:98:07:84:a0:-41,74:88:bb:ee:97:e1:-41,74:88:bb:ee:97:e2:-41,74:88:bb:ee:97:e3:-42
2026-05-03 21:08:38,Open_Area_2B,74:88:bb:ee:97:e0:-39,70:db:98:07:84:a0:-41,74:88:bb:ee:97:e1:-41,74:88:bb:ee:97:e2:-41,74:88:bb:ee:97:e3:-42
2026-05-03 21:08:41,Open_Area_2B,74:88:bb:ee:97:e0:-39,70:db:98:07:84:a0:-41,74:88:bb:ee:97:e1:-41,74:88:bb:ee:97:e2:-41,74:88:bb:ee:97:e3:-42
2026-05-03 21:08:43,Open_Area_2B,74:88:bb:ee:97:e0:-39,70:db:98:07:84:a0:-41,74:88:bb:ee:97:e1:-41,74:88:bb:ee:97:e2:-41,74:88:bb:ee:97:e3:-42
2026-05-03 21:08:46,Open_Area_2B,70:db:98:07:84:aa:-47,70:db:98:07:84:ac:-55,70:db:98:07:84:ae:-55,70:db:98:07:84:af:-55,70:db:98:07:84:ab:-56
2026-05-03 21:08:47,Open_Area_2B,70:db:98:07:84:aa:-47,70:db:98:07:84:ac:-55,70:db:98:07:84:ae:-55,70:db:98:07:84:af:-55,70:db:98:07:84:ab:-56
2026-05-03 21:08:50,Open_Area_2B,70:db:98:07:84:aa:-47,70:db:98:07:84:ac:-55,70:db:98:07:84:ae:-55,70:db:98:07:84:af:-55,70:db:98:07:84:ab:-56
2026-05-03 21:08:52,Open_Area_2B,70:db:98:07:84:a5:-42,70:db:98:07:84:aa:-54,bc:22:28:41:99:9c:-55,c2:18:03:97:27:36:-55,70:db:98:07:84:ad:-58
2026-05-03 21:08:54,Open_Area_2B,70:db:98:07:84:a5:-42,70:db:98:07:84:aa:-54,bc:22:28:41:99:9c:-55,c2:18:03:97:27:36:-55,70:db:98:07:84:ad:-58
2026-05-03 21:08:56,Open_Area_2B,70:db:98:07:84:a4:-53,70:db:98:07:84:a5:-53,70:db:98:07:84:a3:-55,74:88:bb:8a:aa:a0:-62,74:88:bb:8a:aa:a3:-63
2026-05-03 21:08:58,Open_Area_2B,70:db:98:07:84:a4:-53,70:db:98:07:84:a5:-53,70:db:98:07:84:a3:-55,74:88:bb:8a:aa:a0:-62,74:88:bb:8a:aa:a3:-63
2026-05-03 21:09:00,Open_Area_2B,70:db:98:07:84:a4:-53,70:db:98:07:84:a5:-53,70:db:98:07:84:a3:-55,74:88:bb:8a:aa:a0:-62,74:88:bb:8a:aa:a3:-63
2026-05-03 21:09:02,Open_Area_2B,74:88:bb:ee:97:ea:-62,74:88:bb:ee:97:eb:-62,74:88:bb:ee:97:ec:-62,74:88:bb:ee:97:ed:-62,74:88:bb:ee:97:ee:-62
2026-05-03 21:09:05,Open_Area_2B,74:88:bb:ee:97:ea:-62,74:88:bb:ee:97:eb:-62,74:88:bb:ee:97:ec:-62,74:88:bb:ee:97:ed:-62,74:88:bb:ee:97:ee:-62
2026-05-03 21:09:07,Open_Area_2B,74:88:bb:ee:97:ea:-62,74:88:bb:ee:97:eb:-62,74:88:bb:ee:97:ec:-62,74:88:bb:ee:97:ed:-62,74:88:bb:ee:97:ee:-62
2026-05-03 21:09:10,Open_Area_2B,70:db:98:07:84:aa:-58,bc:22:28:41:99:9c:-64,f2:a6:54:0d:25:d6:-67,74:88:bb:ee:97:ea:-69,74:88:bb:ee:97:eb:-69
2026-05-03 21:09:13,Open_Area_2B,70:db:98:07:84:aa:-58,bc:22:28:41:99:9c:-64,f2:a6:54:0d:25:d6:-67,74:88:bb:ee:97:ea:-69,74:88:bb:ee:97:eb:-69
2026-05-03 21:09:17,Open_Area_2B,c2:18:03:97:27:36:-59,f2:a6:54:0d:25:d6:-60,bc:22:28:41:99:9c:-60,24:36:da:9d:48:85:-63,24:36:da:9d:48:84:-64
2026-05-03 21:09:19,Open_Area_2B,c2:18:03:97:27:36:-59,f2:a6:54:0d:25:d6:-60,bc:22:28:41:99:9c:-60,24:36:da:9d:48:85:-63,24:36:da:9d:48:84:-64
2026-05-03 21:09:21,Open_Area_2B,24:36:da:9d:0e:a3:-65,24:36:da:9d:0e:a1:-65,70:db:98:07:84:aa:-66,bc:22:28:41:99:9c:-66,24:36:da:9d:0e:a0:-66
2026-05-03 21:09:23,Open_Area_2B,24:36:da:9d:0e:a3:-65,24:36:da:9d:0e:a1:-65,70:db:98:07:84:aa:-66,bc:22:28:41:99:9c:-66,24:36:da:9d:0e:a0:-66
2026-05-03 21:09:26,Open_Area_2B,24:36:da:9d:0e:a3:-65,24:36:da:9d:0e:a1:-65,70:db:98:07:84:aa:-66,bc:22:28:41:99:9c:-66,24:36:da:9d:0e:a0:-66
2026-05-03 21:09:28,Open_Area_2B,70:db:98:07:84:a5:-49,c2:18:03:97:27:36:-57,74:88:bb:ee:97:ea:-60,74:88:bb:ee:97:eb:-60,74:88:bb:ee:97:ec:-60
2026-05-03 21:09:30,Open_Area_2B,70:db:98:07:84:a5:-49,c2:18:03:97:27:36:-57,74:88:bb:ee:97:ea:-60,74:88:bb:ee:97:eb:-60,74:88:bb:ee:97:ec:-60
2026-05-03 21:09:33,Open_Area_2B,70:db:98:07:84:a5:-54,70:db:98:07:84:a4:-55,70:db:98:07:84:a3:-56,f2:a6:54:0d:25:d6:-59,74:88:bb:ee:97:ea:-64
2026-05-03 21:09:35,Open_Area_2B,70:db:98:07:84:a5:-54,70:db:98:07:84:a4:-55,70:db:98:07:84:a3:-56,f2:a6:54:0d:25:d6:-59,74:88:bb:ee:97:ea:-64
2026-05-03 21:09:38,Open_Area_2B,f2:a6:54:0d:25:d6:-55,70:db:98:07:84:aa:-61,74:88:bb:ee:97:ea:-66,74:88:bb:ee:97:eb:-67,74:88:bb:ee:97:ec:-67
2026-05-03 21:09:40,Open_Area_2B,f2:a6:54:0d:25:d6:-55,70:db:98:07:84:aa:-61,74:88:bb:ee:97:ea:-66,74:88:bb:ee:97:eb:-67,74:88:bb:ee:97:ec:-67
2026-05-03 21:09:42,Open_Area_2B,70:db:98:07:84:aa:-46,70:db:98:07:84:a5:-52,70:db:98:07:84:ab:-55,70:db:98:07:84:ac:-55,70:db:98:07:84:ae:-55
2026-05-03 21:09:55,B410,70:db:98:07:84:aa:-46,70:db:98:07:84:a5:-52,70:db:98:07:84:ab:-55,70:db:98:07:84:ac:-55,70:db:98:07:84:ae:-55
2026-05-03 21:09:58,B410,70:db:98:07:84:a3:-37,70:db:98:07:84:a4:-37,70:db:98:07:84:a5:-40,70:db:98:07:84:aa:-49,70:db:98:07:84:ad:-54
2026-05-03 21:10:01,B410,70:db:98:07:84:a3:-37,70:db:98:07:84:a4:-37,70:db:98:07:84:a5:-40,70:db:98:07:84:aa:-49,70:db:98:07:84:ad:-54
2026-05-03 21:10:03,B410,70:db:98:07:84:a3:-37,70:db:98:07:84:a4:-37,70:db:98:07:84:a5:-40,70:db:98:07:84:aa:-49,70:db:98:07:84:ad:-54
2026-05-03 21:10:04,B410,70:db:98:07:84:a3:-37,70:db:98:07:84:a4:-37,70:db:98:07:84:a5:-40,70:db:98:07:84:aa:-49,70:db:98:07:84:ad:-54
2026-05-03 21:10:06,B410,70:db:98:07:84:aa:-37,70:db:98:07:84:ac:-38,70:db:98:07:84:ae:-38,70:db:98:07:84:af:-38,70:db:98:07:84:ab:-39
2026-05-03 21:10:07,B410,70:db:98:07:84:aa:-37,70:db:98:07:84:ac:-38,70:db:98:07:84:ae:-38,70:db:98:07:84:af:-38,70:db:98:07:84:ab:-39
2026-05-03 21:10:12,B410,70:db:98:07:84:ae:-41,70:db:98:07:84:af:-41,70:db:98:07:84:ab:-42,70:db:98:07:84:ac:-42,70:db:98:07:84:ad:-42
2026-05-03 21:10:14,B410,70:db:98:07:84:ae:-41,70:db:98:07:84:af:-41,70:db:98:07:84:ab:-42,70:db:98:07:84:ac:-42,70:db:98:07:84:ad:-42
2026-05-03 21:10:17,B410,70:db:98:07:84:a4:-37,70:db:98:07:84:a3:-39,70:db:98:07:84:a5:-39,70:db:98:07:84:aa:-43,70:db:98:07:84:ad:-47
2026-05-03 21:10:19,B410,70:db:98:07:84:a4:-37,70:db:98:07:84:a3:-39,70:db:98:07:84:a5:-39,70:db:98:07:84:aa:-43,70:db:98:07:84:ad:-47
2026-05-03 21:10:21,B410,70:db:98:07:84:aa:-41,70:db:98:07:84:ae:-43,70:db:98:07:84:ab:-44,70:db:98:07:84:ac:-44,70:db:98:07:84:ad:-44
2026-05-03 21:10:25,B410,70:db:98:07:84:aa:-41,70:db:98:07:84:ae:-43,70:db:98:07:84:ab:-44,70:db:98:07:84:ac:-44,70:db:98:07:84:ad:-44
2026-05-03 21:10:29,B410,70:db:98:07:84:ae:-37,70:db:98:07:84:aa:-37,70:db:98:07:84:af:-37,70:db:98:07:84:ab:-38,70:db:98:07:84:ac:-38
2026-05-03 21:10:31,B410,70:db:98:07:84:ae:-37,70:db:98:07:84:aa:-37,70:db:98:07:84:af:-37,70:db:98:07:84:ab:-38,70:db:98:07:84:ac:-38
2026-05-03 21:10:34,B410,70:db:98:07:84:a5:-36,70:db:98:07:84:a4:-37,70:db:98:07:84:ac:-39,70:db:98:07:84:ad:-39,70:db:98:07:84:ab:-40
2026-05-03 21:10:35,B410,70:db:98:07:84:a5:-36,70:db:98:07:84:a4:-37,70:db:98:07:84:ac:-39,70:db:98:07:84:ad:-39,70:db:98:07:84:ab:-40
2026-05-03 21:10:38,B410,70:db:98:07:84:aa:-44,74:88:bb:ee:97:ea:-54,74:88:bb:ee:97:eb:-54,74:88:bb:ee:97:ed:-54,74:88:bb:ee:97:ee:-54
2026-05-03 21:10:42,B410,70:db:98:07:84:aa:-44,74:88:bb:ee:97:ea:-54,74:88:bb:ee:97:eb:-54,74:88:bb:ee:97:ed:-54,74:88:bb:ee:97:ee:-54
2026-05-03 21:10:44,B410,70:db:98:07:84:a3:-31,70:db:98:07:84:a4:-31,70:db:98:07:84:a5:-31,70:db:98:07:84:ac:-39,70:db:98:07:84:ad:-39
2026-05-03 21:10:48,B410,70:db:98:07:84:a3:-31,70:db:98:07:84:a4:-31,70:db:98:07:84:a5:-31,70:db:98:07:84:ac:-39,70:db:98:07:84:ad:-39
2026-05-03 21:10:51,B410,70:db:98:07:84:a4:-38,70:db:98:07:84:a5:-38,70:db:98:07:84:a3:-39,70:db:98:07:84:ae:-41,70:db:98:07:84:ab:-42
2026-05-03 21:10:53,B410,70:db:98:07:84:a4:-38,70:db:98:07:84:a5:-38,70:db:98:07:84:a3:-39,70:db:98:07:84:ae:-41,70:db:98:07:84:ab:-42
2026-05-03 21:10:56,B410,70:db:98:07:84:a4:-33,70:db:98:07:84:a5:-33,70:db:98:07:84:aa:-40,70:db:98:07:84:af:-42,70:db:98:07:84:ab:-43
2026-05-03 21:10:59,B410,70:db:98:07:84:a4:-33,70:db:98:07:84:a5:-33,70:db:98:07:84:aa:-40,70:db:98:07:84:af:-42,70:db:98:07:84:ab:-43
2026-05-03 21:11:01,B410,70:db:98:07:84:ab:-45,70:db:98:07:84:ac:-45,70:db:98:07:84:ad:-45,70:db:98:07:84:ae:-46,70:db:98:07:84:af:-47
2026-05-03 21:11:03,B410,70:db:98:07:84:ab:-45,70:db:98:07:84:ac:-45,70:db:98:07:84:ad:-45,70:db:98:07:84:ae:-46,70:db:98:07:84:af:-47
2026-05-03 21:11:04,B410,70:db:98:07:84:ab:-45,70:db:98:07:84:ac:-45,70:db:98:07:84:ad:-45,70:db:98:07:84:ae:-46,70:db:98:07:84:af:-47
2026-05-03 21:11:05,B410,70:db:98:07:84:ab:-40,70:db:98:07:84:ac:-40,70:db:98:07:84:ad:-40,70:db:98:07:84:af:-40,70:db:98:07:84:a4:-40
2026-05-03 21:11:06,B410,70:db:98:07:84:ab:-40,70:db:98:07:84:ac:-40,70:db:98:07:84:ad:-40,70:db:98:07:84:af:-40,70:db:98:07:84:a4:-40
2026-05-03 21:11:07,B410,70:db:98:07:84:ab:-40,70:db:98:07:84:ac:-40,70:db:98:07:84:ad:-40,70:db:98:07:84:af:-40,70:db:98:07:84:a4:-40
2026-05-03 21:11:08,B410,70:db:98:07:84:ab:-40,70:db:98:07:84:ac:-40,70:db:98:07:84:ad:-40,70:db:98:07:84:af:-40,70:db:98:07:84:a4:-40
2026-05-03 21:11:17,B410,70:db:98:07:84:a5:-36,70:db:98:07:84:a4:-37,70:db:98:07:84:ab:-39,70:db:98:07:84:ad:-39,70:db:98:07:84:af:-39
2026-05-03 21:11:20,B410,70:db:98:07:84:a3:-34,70:db:98:07:84:a4:-34,70:db:98:07:84:a5:-34,70:db:98:07:84:aa:-43,70:db:98:07:84:ab:-48
2026-05-03 21:11:23,B410,70:db:98:07:84:a3:-34,70:db:98:07:84:a4:-34,70:db:98:07:84:a5:-34,70:db:98:07:84:aa:-43,70:db:98:07:84:ab:-48
2026-05-03 21:11:24,B410,70:db:98:07:84:aa:-38,70:db:98:07:84:ab:-39,70:db:98:07:84:ac:-40,70:db:98:07:84:ad:-40,70:db:98:07:84:ae:-40
2026-05-03 21:11:27,B410,70:db:98:07:84:aa:-38,70:db:98:07:84:ab:-39,70:db:98:07:84:ac:-40,70:db:98:07:84:ad:-40,70:db:98:07:84:ae:-40
2026-05-03 21:11:28,B410,70:db:98:07:84:aa:-38,70:db:98:07:84:ab:-39,70:db:98:07:84:ac:-40,70:db:98:07:84:ad:-40,70:db:98:07:84:ae:-40
2026-05-03 21:11:29,B410,70:db:98:07:84:aa:-38,70:db:98:07:84:ab:-39,70:db:98:07:84:ac:-40,70:db:98:07:84:ad:-40,70:db:98:07:84:ae:-40
2026-05-03 21:11:31,B410,70:db:98:07:84:a5:-34,70:db:98:07:84:ae:-38,70:db:98:07:84:ad:-39,70:db:98:07:84:ab:-40,70:db:98:07:84:ac:-40
2026-05-03 21:11:33,B410,70:db:98:07:84:a5:-34,70:db:98:07:84:ae:-38,70:db:98:07:84:ad:-39,70:db:98:07:84:ab:-40,70:db:98:07:84:ac:-40
2026-05-03 21:11:35,B410,70:db:98:07:84:ab:-36,70:db:98:07:84:ad:-37,70:db:98:07:84:ac:-38,70:db:98:07:84:ae:-38,70:db:98:07:84:a3:-38
2026-05-03 21:11:38,B410,70:db:98:07:84:ab:-36,70:db:98:07:84:ad:-37,70:db:98:07:84:ac:-38,70:db:98:07:84:ae:-38,70:db:98:07:84:a3:-38
2026-05-03 21:11:40,B410,70:db:98:07:84:ab:-36,70:db:98:07:84:ad:-37,70:db:98:07:84:ac:-38,70:db:98:07:84:ae:-38,70:db:98:07:84:a3:-38
2026-05-03 21:11:41,B410,70:db:98:07:84:ab:-36,70:db:98:07:84:ad:-37,70:db:98:07:84:ac:-38,70:db:98:07:84:ae:-38,70:db:98:07:84:a3:-38
2026-05-03 21:11:42,B410,70:db:98:07:84:aa:-35,70:db:98:07:84:ad:-36,70:db:98:07:84:ae:-36,70:db:98:07:84:af:-36,70:db:98:07:84:ab:-37
2026-05-03 21:11:43,B410,70:db:98:07:84:aa:-35,70:db:98:07:84:ad:-36,70:db:98:07:84:ae:-36,70:db:98:07:84:af:-36,70:db:98:07:84:ab:-37
2026-05-03 21:11:44,B410,70:db:98:07:84:aa:-35,70:db:98:07:84:ad:-36,70:db:98:07:84:ae:-36,70:db:98:07:84:af:-36,70:db:98:07:84:ab:-37
2026-05-03 21:11:45,B410,70:db:98:07:84:aa:-35,70:db:98:07:84:ad:-36,70:db:98:07:84:ae:-36,70:db:98:07:84:af:-36,70:db:98:07:84:ab:-37
2026-05-03 21:12:03,B410,70:db:98:07:84:af:-40,70:db:98:07:84:a5:-40,70:db:98:07:84:ab:-41,70:db:98:07:84:ac:-41,70:db:98:07:84:ad:-41
2026-05-03 21:12:04,B410,70:db:98:07:84:af:-40,70:db:98:07:84:a5:-40,70:db:98:07:84:ab:-41,70:db:98:07:84:ac:-41,70:db:98:07:84:ad:-41
2026-05-03 21:12:05,B410,70:db:98:07:84:af:-40,70:db:98:07:84:a5:-40,70:db:98:07:84:ab:-41,70:db:98:07:84:ac:-41,70:db:98:07:84:ad:-41
2026-05-03 21:12:08,B410,70:db:98:07:84:ab:-35,70:db:98:07:84:ad:-36,70:db:98:07:84:af:-36,70:db:98:07:84:ac:-37,70:db:98:07:84:ae:-37
2026-05-03 21:12:09,B410,70:db:98:07:84:ab:-35,70:db:98:07:84:ad:-36,70:db:98:07:84:af:-36,70:db:98:07:84:ac:-37,70:db:98:07:84:ae:-37
2026-05-03 21:12:16,B411,70:db:98:07:84:a4:-36,70:db:98:07:84:ab:-37,70:db:98:07:84:ad:-37,70:db:98:07:84:af:-37,70:db:98:07:84:ac:-38
2026-05-03 21:12:17,B411,70:db:98:07:84:a4:-36,70:db:98:07:84:ab:-37,70:db:98:07:84:ad:-37,70:db:98:07:84:af:-37,70:db:98:07:84:ac:-38
2026-05-03 21:12:20,B411,70:db:98:07:84:a5:-33,70:db:98:07:84:aa:-35,70:db:98:07:84:ad:-40,70:db:98:07:84:ae:-40,70:db:98:07:84:ab:-41
2026-05-03 21:12:22,B411,70:db:98:07:84:a5:-33,70:db:98:07:84:aa:-35,70:db:98:07:84:ad:-40,70:db:98:07:84:ae:-40,70:db:98:07:84:ab:-41
2026-05-03 21:12:24,B411,70:db:98:07:84:aa:-38,70:db:98:07:84:ae:-47,70:db:98:07:84:ab:-48,70:db:98:07:84:ac:-48,70:db:98:07:84:ad:-48
2026-05-03 21:12:26,B411,70:db:98:07:84:aa:-38,70:db:98:07:84:ae:-47,70:db:98:07:84:ab:-48,70:db:98:07:84:ac:-48,70:db:98:07:84:ad:-48
2026-05-03 21:12:28,B411,70:db:98:07:84:aa:-38,70:db:98:07:84:ae:-47,70:db:98:07:84:ab:-48,70:db:98:07:84:ac:-48,70:db:98:07:84:ad:-48
2026-05-03 21:12:30,B411,70:db:98:07:84:a3:-30,70:db:98:07:84:a5:-30,70:db:98:07:84:a4:-31,70:db:98:07:84:aa:-35,70:db:98:07:84:ad:-40
2026-05-03 21:12:32,B411,70:db:98:07:84:a3:-30,70:db:98:07:84:a5:-30,70:db:98:07:84:a4:-31,70:db:98:07:84:aa:-35,70:db:98:07:84:ad:-40
2026-05-03 21:12:34,B411,70:db:98:07:84:a3:-30,70:db:98:07:84:a5:-30,70:db:98:07:84:a4:-31,70:db:98:07:84:aa:-35,70:db:98:07:84:ad:-40
2026-05-03 21:12:37,B411,70:db:98:07:84:a4:-36,70:db:98:07:84:a5:-36,70:db:98:07:84:ab:-43,70:db:98:07:84:ac:-43,70:db:98:07:84:ad:-44
2026-05-03 21:12:38,B411,70:db:98:07:84:a4:-36,70:db:98:07:84:a5:-36,70:db:98:07:84:ab:-43,70:db:98:07:84:ac:-43,70:db:98:07:84:ad:-44
2026-05-03 21:12:41,B411,70:db:98:07:84:a4:-31,70:db:98:07:84:a5:-32,70:db:98:07:84:aa:-44,70:db:98:07:84:ad:-45,70:db:98:07:84:ab:-46
2026-05-03 21:12:42,B411,70:db:98:07:84:a4:-31,70:db:98:07:84:a5:-32,70:db:98:07:84:aa:-44,70:db:98:07:84:ad:-45,70:db:98:07:84:ab:-46
2026-05-03 21:12:45,B411,70:db:98:07:84:a4:-31,70:db:98:07:84:a5:-32,70:db:98:07:84:aa:-44,70:db:98:07:84:ad:-45,70:db:98:07:84:ab:-46
2026-05-03 21:12:47,B411,70:db:98:07:84:a3:-30,70:db:98:07:84:a4:-30,70:db:98:07:84:a5:-31,70:db:98:07:84:aa:-46,70:db:98:07:84:ae:-55
2026-05-03 21:12:50,B411,70:db:98:07:84:a3:-30,70:db:98:07:84:a4:-30,70:db:98:07:84:a5:-31,70:db:98:07:84:aa:-46,70:db:98:07:84:ae:-55
2026-05-03 21:12:53,B411,70:db:98:07:84:ac:-33,70:db:98:07:84:ad:-33,70:db:98:07:84:ae:-33,70:db:98:07:84:af:-33,70:db:98:07:84:a4:-33
2026-05-03 21:12:54,B411,70:db:98:07:84:ac:-33,70:db:98:07:84:ad:-33,70:db:98:07:84:ae:-33,70:db:98:07:84:af:-33,70:db:98:07:84:a4:-33
2026-05-03 21:12:55,B411,70:db:98:07:84:ac:-33,70:db:98:07:84:ad:-33,70:db:98:07:84:ae:-33,70:db:98:07:84:af:-33,70:db:98:07:84:a4:-33
2026-05-03 21:12:57,B411,70:db:98:07:84:a3:-26,70:db:98:07:84:a4:-26,70:db:98:07:84:a5:-26,70:db:98:07:84:aa:-39,70:db:98:07:84:ae:-46
2026-05-03 21:12:59,B411,70:db:98:07:84:a3:-26,70:db:98:07:84:a4:-26,70:db:98:07:84:a5:-26,70:db:98:07:84:aa:-39,70:db:98:07:84:ae:-46
2026-05-03 21:13:00,B411,70:db:98:07:84:a3:-26,70:db:98:07:84:a4:-26,70:db:98:07:84:a5:-26,70:db:98:07:84:aa:-39,70:db:98:07:84:ae:-46
2026-05-03 21:13:08,B412,70:db:98:07:84:a3:-35,70:db:98:07:84:a4:-35,70:db:98:07:84:ab:-36,70:db:98:07:84:ac:-37,70:db:98:07:84:ad:-37
2026-05-03 21:13:11,B412,70:db:98:07:84:a3:-39,70:db:98:07:84:a5:-39,70:db:98:07:84:ab:-45,70:db:98:07:84:ac:-45,70:db:98:07:84:ad:-45
2026-05-03 21:13:14,B412,70:db:98:07:84:a3:-39,70:db:98:07:84:a5:-39,70:db:98:07:84:ab:-45,70:db:98:07:84:ac:-45,70:db:98:07:84:ad:-45
2026-05-03 21:13:16,B412,70:db:98:07:84:ab:-35,70:db:98:07:84:ac:-35,70:db:98:07:84:ad:-35,70:db:98:07:84:ae:-35,70:db:98:07:84:af:-35
2026-05-03 21:13:18,B412,70:db:98:07:84:ab:-35,70:db:98:07:84:ac:-35,70:db:98:07:84:ad:-35,70:db:98:07:84:ae:-35,70:db:98:07:84:af:-35
2026-05-03 21:13:26,B412,70:db:98:07:84:ad:-42,70:db:98:07:84:ab:-43,70:db:98:07:84:af:-43,70:db:98:07:84:a4:-43,70:db:98:07:84:ac:-44
2026-05-03 21:13:30,B412,70:db:98:07:84:a4:-31,70:db:98:07:84:a5:-31,70:db:98:07:84:aa:-40,70:db:98:07:84:ab:-41,70:db:98:07:84:ac:-41
2026-05-03 21:13:34,B412,70:db:98:07:84:a4:-31,70:db:98:07:84:a5:-31,70:db:98:07:84:aa:-40,70:db:98:07:84:ab:-41,70:db:98:07:84:ac:-41
2026-05-03 21:13:37,B412,70:db:98:07:84:a3:-33,70:db:98:07:84:a5:-33,70:db:98:07:84:aa:-46,bc:22:28:41:99:9c:-55,70:db:98:07:84:ab:-56
2026-05-03 21:13:39,B412,70:db:98:07:84:a3:-33,70:db:98:07:84:a5:-33,70:db:98:07:84:aa:-46,bc:22:28:41:99:9c:-55,70:db:98:07:84:ab:-56
2026-05-03 21:13:42,B412,70:db:98:07:84:a4:-31,70:db:98:07:84:a5:-31,70:db:98:07:84:a3:-32,70:db:98:07:84:ab:-43,70:db:98:07:84:ac:-43
2026-05-03 21:13:44,B412,70:db:98:07:84:a4:-31,70:db:98:07:84:a5:-31,70:db:98:07:84:a3:-32,70:db:98:07:84:ab:-43,70:db:98:07:84:ac:-43
2026-05-03 21:13:46,B412,70:db:98:07:84:a3:-31,70:db:98:07:84:a4:-31,70:db:98:07:84:a5:-31,70:db:98:07:84:ab:-47,70:db:98:07:84:ac:-47
2026-05-03 21:14:42,B412,70:db:98:07:84:a4:-35,70:db:98:07:84:a5:-35,70:db:98:07:84:ac:-45,70:db:98:07:84:ad:-45,70:db:98:07:84:ae:-45
2026-05-03 21:14:43,B412,70:db:98:07:84:a4:-35,70:db:98:07:84:a5:-35,70:db:98:07:84:ac:-45,70:db:98:07:84:ad:-45,70:db:98:07:84:ae:-45
2026-05-03 21:14:46,B412,70:db:98:07:84:a4:-32,70:db:98:07:84:a5:-34,70:db:98:07:84:ad:-48,70:db:98:07:84:ab:-49,70:db:98:07:84:ac:-49
2026-05-03 21:14:47,B412,70:db:98:07:84:a4:-32,70:db:98:07:84:a5:-34,70:db:98:07:84:ad:-48,70:db:98:07:84:ab:-49,70:db:98:07:84:ac:-49
2026-05-03 21:14:48,B412,70:db:98:07:84:a4:-32,70:db:98:07:84:a5:-34,70:db:98:07:84:ad:-48,70:db:98:07:84:ab:-49,70:db:98:07:84:ac:-49
2026-05-03 21:14:49,B412,70:db:98:07:84:a4:-32,70:db:98:07:84:a5:-34,70:db:98:07:84:ad:-48,70:db:98:07:84:ab:-49,70:db:98:07:84:ac:-49
2026-05-03 21:14:50,B412,70:db:98:07:84:a5:-34,70:db:98:07:84:a4:-35,70:db:98:07:84:aa:-40,70:db:98:07:84:ac:-55,70:db:98:07:84:af:-55
2026-05-03 21:14:52,B412,70:db:98:07:84:a5:-34,70:db:98:07:84:a4:-35,70:db:98:07:84:aa:-40,70:db:98:07:84:ac:-55,70:db:98:07:84:af:-55
2026-05-03 21:15:08,B412,70:db:98:07:84:a4:-38,70:db:98:07:84:a5:-38,70:db:98:07:84:ad:-41,70:db:98:07:84:ae:-41,70:db:98:07:84:af:-41
2026-05-03 21:15:11,B412,70:db:98:07:84:a4:-38,70:db:98:07:84:a5:-38,70:db:98:07:84:ad:-41,70:db:98:07:84:ae:-41,70:db:98:07:84:af:-41
2026-05-03 21:15:13,B412,70:db:98:07:84:aa:-35,70:db:98:07:84:a5:-37,70:db:98:07:84:a4:-39,70:db:98:07:84:ac:-45,70:db:98:07:84:ad:-45
2026-05-03 21:15:15,B412,70:db:98:07:84:aa:-35,70:db:98:07:84:a5:-37,70:db:98:07:84:a4:-39,70:db:98:07:84:ac:-45,70:db:98:07:84:ad:-45
2026-05-03 21:15:17,B412,70:db:98:07:84:aa:-45,74:88:bb:ee:97:ea:-52,74:88:bb:ee:97:ec:-52,74:88:bb:ee:97:ed:-52,74:88:bb:ee:97:ee:-52
2026-05-03 21:15:25,B412,70:db:98:07:84:aa:-43,bc:22:28:41:99:9c:-51,70:db:98:07:84:ab:-58,70:db:98:07:84:ac:-58,70:db:98:07:84:ad:-59
2026-05-03 21:15:28,B412,70:db:98:07:84:a3:-36,70:db:98:07:84:a4:-37,70:db:98:07:84:a5:-37,70:db:98:07:84:aa:-42,70:db:98:07:84:ab:-44
2026-05-03 21:15:32,B412,70:db:98:07:84:ab:-40,70:db:98:07:84:ad:-40,70:db:98:07:84:ae:-40,70:db:98:07:84:ac:-41,70:db:98:07:84:af:-41
2026-05-03 21:15:37,B412,70:db:98:07:84:ab:-40,70:db:98:07:84:ad:-40,70:db:98:07:84:ae:-40,70:db:98:07:84:ac:-41,70:db:98:07:84:af:-41
2026-05-03 21:15:41,B412,70:db:98:07:84:a4:-32,70:db:98:07:84:a5:-32,70:db:98:07:84:a3:-33,70:db:98:07:84:ab:-41,70:db:98:07:84:ac:-41
2026-05-03 21:15:42,B412,70:db:98:07:84:a4:-32,70:db:98:07:84:a5:-32,70:db:98:07:84:a3:-33,70:db:98:07:84:ab:-41,70:db:98:07:84:ac:-41
2026-05-03 21:15:45,B412,70:db:98:07:84:a2:-35,70:db:98:07:84:a5:-35,70:db:98:07:84:ac:-45,70:db:98:07:84:af:-45,70:db:98:07:84:ab:-46
2026-05-03 21:15:46,B412,70:db:98:07:84:a2:-35,70:db:98:07:84:a5:-35,70:db:98:07:84:ac:-45,70:db:98:07:84:af:-45,70:db:98:07:84:ab:-46
2026-05-03 21:21:01,dcl_lab,72:7f:f0:12:cf:84:-42,72:7f:f0:12:cf:83:-42,40:01:7a:53:97:cb:-44,40:01:7a:53:97:cc:-44,40:01:7a:53:97:cd:-44
2026-05-03 21:21:04,dcl_lab,72:7f:f0:12:cf:84:-42,72:7f:f0:12:cf:83:-42,40:01:7a:53:97:cb:-44,40:01:7a:53:97:cc:-44,40:01:7a:53:97:cd:-44
2026-05-03 21:21:07,dcl_lab,76:7f:f0:12:cf:81:-46,76:7f:f0:12:cf:84:-46,40:01:7a:53:97:cc:-47,40:01:7a:53:97:cd:-47,40:01:7a:53:97:ce:-47
2026-05-03 21:21:13,dcl_lab,76:7f:f0:12:cf:84:-44,76:7f:f0:12:cf:81:-45,72:7f:f0:12:cf:83:-49,72:7f:f0:12:cf:80:-49,74:88:bb:8a:aa:a0:-49
2026-05-03 21:21:15,dcl_lab,76:7f:f0:12:cf:84:-44,76:7f:f0:12:cf:81:-45,72:7f:f0:12:cf:83:-49,72:7f:f0:12:cf:80:-49,74:88:bb:8a:aa:a0:-49
2026-05-03 21:21:21,dcl_lab,40:01:7a:53:97:ce:-43,40:01:7a:53:97:cb:-44,40:01:7a:53:97:cc:-44,40:01:7a:53:97:cd:-44,40:01:7a:53:97:ca:-44
2026-05-03 21:21:23,dcl_lab,72:7f:f0:12:cf:80:-45,72:7f:f0:12:cf:83:-47,40:01:7a:53:97:cc:-48,40:01:7a:53:97:ca:-48,40:01:7a:53:97:cf:-48
2026-05-03 21:21:26,dcl_lab,72:7f:f0:12:cf:80:-45,72:7f:f0:12:cf:83:-47,40:01:7a:53:97:cc:-48,40:01:7a:53:97:ca:-48,40:01:7a:53:97:cf:-48
2026-05-03 21:21:29,dcl_lab,72:7f:f0:12:cf:83:-46,4a:ea:62:7d:97:07:-46,72:7f:f0:12:cf:80:-47,40:01:7a:53:97:cf:-47,40:01:7a:53:97:cb:-48
2026-05-03 21:22:26,design-studio,6c:31:0e:56:e1:2b:-54,6c:31:0e:56:e1:2a:-54,6c:31:0e:56:e1:2d:-54,6c:31:0e:56:e1:2c:-54,6c:31:0e:56:e1:2f:-54
2026-05-03 21:22:44,design-studio,6c:31:0e:56:e1:22:-46,6c:31:0e:56:e1:24:-46,6c:31:0e:56:e1:20:-47,6c:31:0e:56:e1:21:-47,6c:31:0e:56:e1:23:-47
2026-05-03 21:22:49,design-studio,6c:31:0e:56:e1:20:-49,6c:31:0e:56:e1:21:-49,00:df:1d:6a:9c:2a:-55,72:7f:f0:12:cf:80:-58,72:7f:f0:12:cf:84:-59
2026-05-03 21:22:52,design-studio,6c:31:0e:56:e1:20:-49,6c:31:0e:56:e1:21:-49,00:df:1d:6a:9c:2a:-55,72:7f:f0:12:cf:80:-58,72:7f:f0:12:cf:84:-59
2026-05-03 21:22:55,design-studio,00:df:1d:6a:9c:2e:-47,00:df:1d:6a:9c:2d:-47,00:df:1d:6a:9c:2f:-47,00:df:1d:6a:9c:2c:-47,00:df:1d:6a:9c:2b:-47
2026-05-03 21:23:00,design-studio,6c:31:0e:56:e1:21:-45,6c:31:0e:56:e1:20:-46,6c:31:0e:56:e1:22:-46,6c:31:0e:56:e1:24:-46,6c:31:0e:56:e1:23:-46
2026-05-03 21:23:03,design-studio,6c:31:0e:56:e1:21:-45,6c:31:0e:56:e1:20:-46,6c:31:0e:56:e1:22:-46,6c:31:0e:56:e1:24:-46,6c:31:0e:56:e1:23:-46
2026-05-03 21:23:05,design-studio,f8:0b:cb:f3:88:02:-49,00:df:1d:6a:9c:2e:-50,00:df:1d:6a:9c:2d:-50,00:df:1d:6a:9c:2f:-50,00:df:1d:6a:9c:2c:-50
2026-05-03 21:23:08,design-studio,f8:0b:cb:f3:88:02:-49,00:df:1d:6a:9c:2e:-50,00:df:1d:6a:9c:2d:-50,00:df:1d:6a:9c:2f:-50,00:df:1d:6a:9c:2c:-50
2026-05-03 21:23:13,design-studio,f8:0b:cb:f3:88:02:-53,f8:0b:cb:f3:88:04:-53,f8:0b:cb:f3:88:05:-53,72:7f:f0:12:cf:84:-57,72:7f:f0:12:cf:83:-58
2026-05-03 21:23:16,design-studio,40:01:7a:53:96:85:-55,6c:31:0e:56:e1:2b:-59,6c:31:0e:56:e1:2c:-59,6c:31:0e:56:e1:2f:-59,6c:31:0e:56:e1:2e:-59
2026-05-03 21:23:17,design-studio,40:01:7a:53:96:85:-55,6c:31:0e:56:e1:2b:-59,6c:31:0e:56:e1:2c:-59,6c:31:0e:56:e1:2f:-59,6c:31:0e:56:e1:2e:-59
2026-05-03 21:23:20,design-studio,f8:0b:cb:f3:88:00:-48,f8:0b:cb:f3:88:02:-48,f8:0b:cb:f3:88:03:-48,f8:0b:cb:f3:88:01:-49,00:df:1d:6a:9c:2e:-56
2026-05-03 21:23:29,design-studio,00:df:1d:6a:9c:2a:-50,00:df:1d:6a:9c:2e:-52,00:df:1d:6a:9c:2d:-52,00:df:1d:6a:9c:2f:-52,00:df:1d:6a:9c:2c:-52
2026-05-03 21:23:32,design-studio,40:01:7a:53:96:85:-57,40:01:7a:53:96:84:-58,00:df:1d:6a:9c:2e:-59,00:df:1d:6a:9c:2d:-59,00:df:1d:6a:9c:2f:-59
2026-05-03 21:23:33,design-studio,40:01:7a:53:96:85:-57,40:01:7a:53:96:84:-58,00:df:1d:6a:9c:2e:-59,00:df:1d:6a:9c:2d:-59,00:df:1d:6a:9c:2f:-59
2026-05-03 21:23:36,design-studio,f8:0b:cb:f3:88:05:-55,00:df:1d:6a:9c:2d:-58,00:df:1d:6a:9c:2f:-58,00:df:1d:6a:9c:2c:-58,00:df:1d:6a:9c:2b:-58
2026-05-03 21:23:37,design-studio,f8:0b:cb:f3:88:05:-55,00:df:1d:6a:9c:2d:-58,00:df:1d:6a:9c:2f:-58,00:df:1d:6a:9c:2c:-58,00:df:1d:6a:9c:2b:-58
2026-05-03 21:23:41,design-studio,f8:0b:cb:f3:88:05:-55,00:df:1d:6a:9c:2d:-58,00:df:1d:6a:9c:2f:-58,00:df:1d:6a:9c:2c:-58,00:df:1d:6a:9c:2b:-58
2026-05-03 21:23:43,design-studio,6c:31:0e:56:e1:22:-48,6c:31:0e:56:e1:21:-48,6c:31:0e:56:e1:20:-49,6c:31:0e:56:e1:24:-49,6c:31:0e:56:e1:23:-49
2026-05-03 21:23:45,design-studio,6c:31:0e:56:e1:22:-48,6c:31:0e:56:e1:21:-48,6c:31:0e:56:e1:20:-49,6c:31:0e:56:e1:24:-49,6c:31:0e:56:e1:23:-49
2026-05-03 21:23:49,design-studio,f8:0b:cb:f3:88:02:-51,f8:0b:cb:f3:88:03:-51,f8:0b:cb:f3:88:04:-52,f8:0b:cb:f3:88:05:-52,72:7f:f0:12:cf:84:-56
2026-05-03 21:23:50,design-studio,f8:0b:cb:f3:88:02:-51,f8:0b:cb:f3:88:03:-51,f8:0b:cb:f3:88:04:-52,f8:0b:cb:f3:88:05:-52,72:7f:f0:12:cf:84:-56
2026-05-03 21:23:51,design-studio,f8:0b:cb:f3:88:02:-51,f8:0b:cb:f3:88:03:-51,f8:0b:cb:f3:88:04:-52,f8:0b:cb:f3:88:05:-52,72:7f:f0:12:cf:84:-56
2026-05-03 21:23:53,design-studio,6c:31:0e:56:e1:25:-44,f8:0b:cb:f3:88:00:-52,f8:0b:cb:f3:88:02:-52,f8:0b:cb:f3:88:03:-52,f8:0b:cb:f3:88:05:-52
2026-05-03 21:23:55,design-studio,6c:31:0e:56:e1:25:-44,f8:0b:cb:f3:88:00:-52,f8:0b:cb:f3:88:02:-52,f8:0b:cb:f3:88:03:-52,f8:0b:cb:f3:88:05:-52
2026-05-03 21:24:00,design-studio,00:df:1d:6a:9c:2a:-53,00:df:1d:6a:9c:2e:-55,00:df:1d:6a:9c:2d:-55,00:df:1d:6a:9c:2f:-55,00:df:1d:6a:9c:2c:-55
2026-05-03 21:24:05,design-studio,00:df:1d:6a:9c:2e:-53,00:df:1d:6a:9c:2c:-53,00:df:1d:6a:9c:2b:-53,00:df:1d:6a:9c:2d:-54,00:df:1d:6a:9c:2f:-54
2026-05-03 21:24:08,design-studio,00:df:1d:6a:9c:2e:-53,00:df:1d:6a:9c:2c:-53,00:df:1d:6a:9c:2b:-53,00:df:1d:6a:9c:2d:-54,00:df:1d:6a:9c:2f:-54
2026-05-03 21:24:11,design-studio,6c:31:0e:56:e1:20:-48,6c:31:0e:56:e1:21:-48,6c:31:0e:56:e1:23:-48,00:df:1d:6a:9c:2a:-48,00:df:1d:6a:9c:25:-51
2026-05-03 21:24:13,design-studio,6c:31:0e:56:e1:20:-48,6c:31:0e:56:e1:21:-48,6c:31:0e:56:e1:23:-48,00:df:1d:6a:9c:2a:-48,00:df:1d:6a:9c:25:-51
2026-05-03 21:24:16,design-studio,52:c5:51:61:99:b3:-41,6c:31:0e:56:e1:25:-49,6c:31:0e:56:e1:22:-50,6c:31:0e:56:e1:24:-50,6c:31:0e:56:e1:23:-50
2026-05-03 21:24:19,design-studio,52:c5:51:61:99:b3:-41,6c:31:0e:56:e1:25:-49,6c:31:0e:56:e1:22:-50,6c:31:0e:56:e1:24:-50,6c:31:0e:56:e1:23:-50
2026-05-03 21:24:28,design-studio,6c:31:0e:56:e1:25:-47,00:df:1d:6a:9c:2a:-49,6c:31:0e:56:e1:2b:-54,6c:31:0e:56:e1:2a:-54,6c:31:0e:56:e1:2d:-54
2026-05-03 21:33:00,lift_area,6c:31:0e:56:e1:21:-73,6c:31:0e:56:e1:20:-74,6c:31:0e:56:e1:22:-74,6c:31:0e:56:e1:24:-75,6c:31:0e:56:e1:23:-75
2026-05-03 21:33:03,lift_area,6c:31:0e:56:e1:21:-73,6c:31:0e:56:e1:20:-74,6c:31:0e:56:e1:22:-74,6c:31:0e:56:e1:24:-75,6c:31:0e:56:e1:23:-75
2026-05-03 21:33:06,lift_area,6c:31:0e:56:e1:21:-73,6c:31:0e:56:e1:20:-74,6c:31:0e:56:e1:22:-74,6c:31:0e:56:e1:24:-75,6c:31:0e:56:e1:23:-75
2026-05-03 21:33:09,lift_area,6c:31:0e:56:e1:21:-73,6c:31:0e:56:e1:20:-74,6c:31:0e:56:e1:22:-74,6c:31:0e:56:e1:24:-75,6c:31:0e:56:e1:23:-75
2026-05-03 21:33:12,lift_area,72:7f:f0:12:cf:83:-64,72:7f:f0:12:cf:80:-64,00:df:1d:6a:9c:25:-71,00:df:1d:6a:9c:24:-71,00:df:1d:6a:9c:21:-71
2026-05-03 21:33:14,lift_area,72:7f:f0:12:cf:83:-64,72:7f:f0:12:cf:80:-64,00:df:1d:6a:9c:25:-71,00:df:1d:6a:9c:24:-71,00:df:1d:6a:9c:21:-71
2026-05-03 21:33:16,lift_area,72:7f:f0:12:cf:83:-64,72:7f:f0:12:cf:80:-64,00:df:1d:6a:9c:25:-71,00:df:1d:6a:9c:24:-71,00:df:1d:6a:9c:21:-71
2026-05-03 21:33:18,lift_area,6c:31:0e:56:e1:20:-71,6c:31:0e:56:e1:25:-71,72:7f:f0:12:cf:84:-74,72:7f:f0:12:cf:80:-74,72:7f:f0:12:cf:83:-75
2026-05-03 21:33:21,lift_area,6c:31:0e:56:e1:20:-71,6c:31:0e:56:e1:25:-71,72:7f:f0:12:cf:84:-74,72:7f:f0:12:cf:80:-74,72:7f:f0:12:cf:83:-75
2026-05-03 21:33:22,lift_area,6c:31:0e:56:e1:20:-71,6c:31:0e:56:e1:25:-71,72:7f:f0:12:cf:84:-74,72:7f:f0:12:cf:80:-74,72:7f:f0:12:cf:83:-75
2026-05-03 21:33:25,lift_area,6c:31:0e:56:e1:20:-71,6c:31:0e:56:e1:25:-71,72:7f:f0:12:cf:84:-74,72:7f:f0:12:cf:80:-74,72:7f:f0:12:cf:83:-75
2026-05-03 21:33:26,lift_area,6c:31:0e:56:e1:20:-71,6c:31:0e:56:e1:25:-71,72:7f:f0:12:cf:84:-74,72:7f:f0:12:cf:80:-74,72:7f:f0:12:cf:83:-75
2026-05-03 21:33:29,lift_area,72:7f:f0:12:cf:83:-66,72:7f:f0:12:cf:80:-67,72:7f:f0:12:cf:84:-68,6c:31:0e:56:e1:25:-72,98:ba:5f:96:e3:4c:-83
2026-05-03 21:33:30,lift_area,72:7f:f0:12:cf:83:-66,72:7f:f0:12:cf:80:-67,72:7f:f0:12:cf:84:-68,6c:31:0e:56:e1:25:-72,98:ba:5f:96:e3:4c:-83
2026-05-03 21:33:33,lift_area,72:7f:f0:12:cf:83:-66,72:7f:f0:12:cf:80:-67,72:7f:f0:12:cf:84:-68,6c:31:0e:56:e1:25:-72,98:ba:5f:96:e3:4c:-83
2026-05-03 21:33:34,lift_area,72:7f:f0:12:cf:83:-73,6c:31:0e:56:e1:20:-73,6c:31:0e:56:e1:22:-73,6c:31:0e:56:e1:24:-73,6c:31:0e:56:e1:23:-73
2026-05-03 21:33:37,lift_area,72:7f:f0:12:cf:83:-73,6c:31:0e:56:e1:20:-73,6c:31:0e:56:e1:22:-73,6c:31:0e:56:e1:24:-73,6c:31:0e:56:e1:23:-73
2026-05-03 21:33:39,lift_area,6c:31:0e:56:e1:25:-73,6c:31:0e:56:e1:23:-76,6c:31:0e:56:e1:20:-77,6c:31:0e:56:e1:22:-77,6c:31:0e:56:e1:21:-77
2026-05-03 21:33:41,lift_area,6c:31:0e:56:e1:25:-73,6c:31:0e:56:e1:23:-76,6c:31:0e:56:e1:20:-77,6c:31:0e:56:e1:22:-77,6c:31:0e:56:e1:21:-77
2026-05-03 21:33:43,lift_area,6c:31:0e:56:e1:25:-73,6c:31:0e:56:e1:23:-76,6c:31:0e:56:e1:20:-77,6c:31:0e:56:e1:22:-77,6c:31:0e:56:e1:21:-77
2026-05-03 21:33:45,lift_area,72:7f:f0:12:cf:84:-71,72:7f:f0:12:cf:83:-71,72:7f:f0:12:cf:80:-71,24:36:da:a3:89:c2:-77,24:36:da:a3:89:c3:-77
2026-05-03 21:33:54,lift_area,72:7f:f0:12:cf:83:-67,72:7f:f0:12:cf:80:-67,00:df:1d:6a:9c:25:-73,00:df:1d:6a:9c:21:-73,00:df:1d:6a:9c:20:-73
2026-05-03 21:33:56,lift_area,72:7f:f0:12:cf:83:-67,72:7f:f0:12:cf:80:-67,00:df:1d:6a:9c:25:-73,00:df:1d:6a:9c:21:-73,00:df:1d:6a:9c:20:-73
2026-05-03 21:33:59,lift_area,24:36:da:a3:89:c1:-77,6c:31:0e:56:e1:20:-77,6c:31:0e:56:e1:21:-77,24:36:da:a3:89:c2:-78,24:36:da:a3:89:c0:-78
2026-05-03 21:34:02,lift_area,24:36:da:a3:89:c1:-77,6c:31:0e:56:e1:20:-77,6c:31:0e:56:e1:21:-77,24:36:da:a3:89:c2:-78,24:36:da:a3:89:c0:-78
2026-05-03 21:34:04,lift_area,6c:31:0e:56:e1:25:-71,72:7f:f0:12:cf:84:-72,72:7f:f0:12:cf:83:-72,72:7f:f0:12:cf:80:-72,76:7f:f0:12:cf:81:-80
2026-05-03 21:34:06,lift_area,6c:31:0e:56:e1:25:-71,72:7f:f0:12:cf:84:-72,72:7f:f0:12:cf:83:-72,72:7f:f0:12:cf:80:-72,76:7f:f0:12:cf:81:-80
2026-05-03 21:34:08,lift_area,72:7f:f0:12:cf:83:-69,72:7f:f0:12:cf:80:-70,00:df:1d:6a:9c:25:-70,00:df:1d:6a:9c:21:-70,00:df:1d:6a:9c:23:-70
2026-05-03 21:35:34,Discussion_Room_1A,00:df:1d:62:f9:45:-45,00:df:1d:62:f9:41:-46,00:df:1d:62:f9:42:-47,00:df:1d:62:f9:44:-48,00:df:1d:62:f9:43:-48
2026-05-03 21:35:38,Discussion_Room_1A,00:df:1d:62:f9:45:-45,00:df:1d:62:f9:41:-46,00:df:1d:62:f9:42:-47,00:df:1d:62:f9:44:-48,00:df:1d:62:f9:43:-48
2026-05-03 21:35:41,Discussion_Room_1A,24:36:da:9d:3c:c3:-51,24:36:da:9d:3c:c2:-51,24:36:da:9d:3c:c5:-51,24:36:da:9d:3c:c1:-51,24:36:da:9d:3c:c4:-52
2026-05-03 21:35:43,Discussion_Room_1A,24:36:da:9d:3c:c3:-51,24:36:da:9d:3c:c2:-51,24:36:da:9d:3c:c5:-51,24:36:da:9d:3c:c1:-51,24:36:da:9d:3c:c4:-52
2026-05-03 21:35:46,Discussion_Room_1A,24:36:da:9d:3c:c3:-48,24:36:da:9d:3c:c2:-48,24:36:da:9d:3c:c5:-48,24:36:da:9d:3c:c4:-48,24:36:da:9d:3c:c1:-48
2026-05-03 21:35:48,Discussion_Room_1A,24:36:da:9d:3c:c3:-48,24:36:da:9d:3c:c2:-48,24:36:da:9d:3c:c5:-48,24:36:da:9d:3c:c4:-48,24:36:da:9d:3c:c1:-48
2026-05-03 21:35:50,Discussion_Room_1A,00:df:1d:62:f9:45:-58,00:df:1d:62:f9:44:-58,00:df:1d:62:f9:43:-58,00:df:1d:62:f9:42:-58,00:df:1d:62:f9:41:-58
2026-05-03 21:35:52,Discussion_Room_1A,00:df:1d:62:f9:45:-58,00:df:1d:62:f9:44:-58,00:df:1d:62:f9:43:-58,00:df:1d:62:f9:42:-58,00:df:1d:62:f9:41:-58
2026-05-03 21:35:56,Discussion_Room_1A,00:df:1d:62:f9:45:-49,00:df:1d:62:f9:44:-49,00:df:1d:62:f9:43:-49,00:df:1d:62:f9:42:-49,00:df:1d:62:f9:41:-49
2026-05-03 21:35:58,Discussion_Room_1A,00:df:1d:62:f9:45:-49,00:df:1d:62:f9:44:-49,00:df:1d:62:f9:43:-49,00:df:1d:62:f9:42:-49,00:df:1d:62:f9:41:-49
2026-05-03 21:36:01,Discussion_Room_1A,00:df:1d:62:f9:44:-49,00:df:1d:62:f9:42:-49,00:df:1d:62:f9:41:-49,00:df:1d:62:f9:45:-50,00:df:1d:62:f9:43:-50
2026-05-03 21:36:04,Discussion_Room_1A,00:df:1d:62:f9:44:-49,00:df:1d:62:f9:42:-49,00:df:1d:62:f9:41:-49,00:df:1d:62:f9:45:-50,00:df:1d:62:f9:43:-50
2026-05-03 21:36:06,Discussion_Room_1A,00:df:1d:62:f9:45:-50,00:df:1d:62:f9:44:-50,00:df:1d:62:f9:43:-50,00:df:1d:62:f9:42:-50,00:df:1d:62:f9:41:-50
2026-05-03 21:36:09,Discussion_Room_1A,00:df:1d:62:f9:45:-50,00:df:1d:62:f9:44:-50,00:df:1d:62:f9:43:-50,00:df:1d:62:f9:42:-50,00:df:1d:62:f9:41:-50
2026-05-03 21:36:11,Discussion_Room_1A,24:36:da:9d:3c:c4:-53,24:36:da:9d:3c:c3:-54,24:36:da:9d:3c:c2:-54,24:36:da:9d:3c:c5:-54,24:36:da:9d:3c:c1:-54
2026-05-03 21:36:14,Discussion_Room_1A,24:36:da:9d:3c:c4:-53,24:36:da:9d:3c:c3:-54,24:36:da:9d:3c:c2:-54,24:36:da:9d:3c:c5:-54,24:36:da:9d:3c:c1:-54
2026-05-03 21:36:17,Discussion_Room_1A,52:c5:51:61:99:b3:-49,24:36:da:9d:3c:c2:-51,24:36:da:9d:3c:c3:-52,24:36:da:9d:3c:c5:-52,24:36:da:9d:3c:c4:-52
2026-05-03 21:36:18,Discussion_Room_1A,52:c5:51:61:99:b3:-49,24:36:da:9d:3c:c2:-51,24:36:da:9d:3c:c3:-52,24:36:da:9d:3c:c5:-52,24:36:da:9d:3c:c4:-52
2026-05-03 21:36:20,Discussion_Room_1A,52:c5:51:61:99:b3:-49,24:36:da:9d:3c:c2:-51,24:36:da:9d:3c:c3:-52,24:36:da:9d:3c:c5:-52,24:36:da:9d:3c:c4:-52
2026-05-03 21:36:23,Discussion_Room_1A,00:df:1d:62:f9:44:-53,00:df:1d:62:f9:43:-53,00:df:1d:62:f9:42:-53,00:df:1d:62:f9:41:-53,00:df:1d:62:f9:40:-53
2026-05-03 21:36:25,Discussion_Room_1A,00:df:1d:62:f9:44:-53,00:df:1d:62:f9:43:-53,00:df:1d:62:f9:42:-53,00:df:1d:62:f9:41:-53,00:df:1d:62:f9:40:-53
2026-05-03 21:36:27,Discussion_Room_1A,24:36:da:9d:3c:c3:-48,24:36:da:9d:3c:c2:-48,24:36:da:9d:3c:c4:-48,24:36:da:9d:3c:c1:-48,00:df:1d:62:f9:45:-49
2026-05-03 21:36:29,Discussion_Room_1A,24:36:da:9d:3c:c3:-48,24:36:da:9d:3c:c2:-48,24:36:da:9d:3c:c4:-48,24:36:da:9d:3c:c1:-48,00:df:1d:62:f9:45:-49
2026-05-03 21:36:33,Discussion_Room_1A,00:df:1d:62:f9:45:-48,00:df:1d:62:f9:42:-48,00:df:1d:62:f9:41:-48,00:df:1d:62:f9:40:-48,00:df:1d:62:f9:44:-49
2026-05-03 21:36:35,Discussion_Room_1A,00:df:1d:62:f9:45:-48,00:df:1d:62:f9:42:-48,00:df:1d:62:f9:41:-48,00:df:1d:62:f9:40:-48,00:df:1d:62:f9:44:-49
2026-05-03 21:36:37,Discussion_Room_1A,24:36:da:9d:3c:c2:-44,24:36:da:9d:3c:c4:-44,24:36:da:9d:3c:c1:-44,24:36:da:9d:3c:c0:-44,24:36:da:9d:3c:c3:-47
2026-05-03 21:36:40,Discussion_Room_1A,24:36:da:9d:3c:c2:-44,24:36:da:9d:3c:c4:-44,24:36:da:9d:3c:c1:-44,24:36:da:9d:3c:c0:-44,24:36:da:9d:3c:c3:-47
