4/9/2026 12:57,lift_area,5c:60:ba:2c:29:05:-43,6c:31:0e:56:e1:25:-51,2e:98:11:8b:1f:9e:-53,40:01:7a:53:96:8c:-64,40:01:7a:53:96:8a:-65
4/9/2026 12:58,lift_area,6a:5f:e5:81:6b:47:-47,6c:31:0e:56:e1:25:-66,30:8b:b2:61:de:0a:-67,30:8b:b2:61:de:0b:-67,30:8b:b2:61:de:0e:-67
4/9/2026 12:58,lift_area,6a:5f:e5:81:6b:47:-38,76:7f:f0:12:cf:81:-67,76:7f:f0:12:cf:84:-67,30:8b:b2:61:de:0a:-69,30:8b:b2:61:de:0b:-69
4/9/2026 12:58,lift_area,6a:5f:e5:81:6b:47:-65,6c:31:0e:56:e1:25:-68,76:7f:f0:12:cf:81:-70,76:7f:f0:12:cf:84:-70,72:7f:f0:12:cf:83:-73
4/9/2026 12:58,lift_area,6c:31:0e:56:e1:25:-69,76:7f:f0:12:cf:84:-71,76:7f:f0:12:cf:81:-71,,
4/9/2026 12:58,lift_area,6c:31:0e:56:e1:25:-69,76:7f:f0:12:cf:84:-71,76:7f:f0:12:cf:81:-71,,
4/9/2026 12:58,lift_area,6c:31:0e:56:e1:25:-67,30:8b:b2:61:de:0a:-70,30:8b:b2:61:de:0b:-70,30:8b:b2:61:de:0e:-70,30:8b:b2:61:de:0f:-70
4/9/2026 12:58,lift_area,6c:31:0e:56:e1:25:-67,30:8b:b2:61:de:0a:-70,30:8b:b2:61:de:0b:-70,30:8b:b2:61:de:0e:-70,30:8b:b2:61:de:0f:-70
4/9/2026 12:58,lift_area,6c:31:0e:56:e1:25:-64,76:7f:f0:12:cf:81:-70,76:7f:f0:12:cf:84:-70,30:8b:b2:61:de:0a:-72,30:8b:b2:61:de:0b:-72
4/9/2026 12:58,lift_area,6c:31:0e:56:e1:25:-64,76:7f:f0:12:cf:81:-70,76:7f:f0:12:cf:84:-70,30:8b:b2:61:de:0a:-72,30:8b:b2:61:de:0b:-72
4/9/2026 12:58,lift_area,76:7f:f0:12:cf:81:-66,30:8b:b2:61:de:0e:-66,76:7f:f0:12:cf:84:-66,6c:31:0e:56:e1:25:-66,30:8b:b2:61:de:0a:-67
4/9/2026 12:58,lift_area,76:7f:f0:12:cf:81:-66,30:8b:b2:61:de:0e:-66,76:7f:f0:12:cf:84:-66,6c:31:0e:56:e1:25:-66,30:8b:b2:61:de:0a:-67
4/9/2026 12:58,lift_area,76:7f:f0:12:cf:81:-66,30:8b:b2:61:de:0e:-66,76:7f:f0:12:cf:84:-66,6c:31:0e:56:e1:25:-66,30:8b:b2:61:de:0a:-67
4/9/2026 12:58,lift_area,76:7f:f0:12:cf:81:-66,72:7f:f0:12:cf:83:-66,76:7f:f0:12:cf:84:-66,72:7f:f0:12:cf:80:-69,6c:31:0e:56:e1:25:-71
4/9/2026 12:59,lift_area,76:7f:f0:12:cf:81:-66,72:7f:f0:12:cf:83:-66,76:7f:f0:12:cf:84:-66,72:7f:f0:12:cf:80:-69,6c:31:0e:56:e1:25:-71
4/9/2026 12:59,lift_area,6c:31:0e:56:e1:25:-64,76:7f:f0:12:cf:81:-69,76:7f:f0:12:cf:84:-69,30:8b:b2:61:de:0a:-75,24:36:da:9d:3c:c4:-80
4/9/2026 12:59,lift_area,6c:31:0e:56:e1:25:-64,76:7f:f0:12:cf:81:-69,76:7f:f0:12:cf:84:-69,30:8b:b2:61:de:0a:-75,24:36:da:9d:3c:c4:-80
4/9/2026 12:59,lift_area,72:7f:f0:12:cf:84:-57,72:7f:f0:12:cf:80:-57,30:8b:b2:61:de:0a:-71,30:8b:b2:61:de:0b:-71,30:8b:b2:61:de:0e:-71
4/9/2026 12:59,lift_area,72:7f:f0:12:cf:84:-57,72:7f:f0:12:cf:80:-57,30:8b:b2:61:de:0a:-71,30:8b:b2:61:de:0b:-71,30:8b:b2:61:de:0e:-71
4/9/2026 12:59,lift_area,30:8b:b2:61:de:01:-66,30:8b:b2:61:de:02:-66,30:8b:b2:61:de:05:-66,30:8b:b2:61:de:03:-66,30:8b:b2:61:de:00:-67
4/9/2026 12:59,lift_area,30:8b:b2:61:de:01:-66,30:8b:b2:61:de:02:-66,30:8b:b2:61:de:05:-66,30:8b:b2:61:de:03:-66,30:8b:b2:61:de:00:-67
4/9/2026 12:59,lift_area,6c:31:0e:56:e1:25:-60,76:7f:f0:12:cf:81:-65,76:7f:f0:12:cf:84:-65,72:7f:f0:12:cf:83:-71,6c:31:0e:56:e1:22:-71
4/9/2026 12:59,lift_area,6c:31:0e:56:e1:25:-60,76:7f:f0:12:cf:81:-65,76:7f:f0:12:cf:84:-65,72:7f:f0:12:cf:83:-71,6c:31:0e:56:e1:22:-71
4/9/2026 12:59,lift_area,76:7f:f0:12:cf:81:-53,76:7f:f0:12:cf:84:-53,6c:31:0e:56:e1:22:-62,6c:31:0e:56:e1:24:-62,6c:31:0e:56:e1:23:-62
4/9/2026 12:59,lift_area,76:7f:f0:12:cf:81:-53,76:7f:f0:12:cf:84:-53,6c:31:0e:56:e1:22:-62,6c:31:0e:56:e1:24:-62,6c:31:0e:56:e1:23:-62
4/9/2026 12:59,lift_area,6c:31:0e:56:e1:25:-73,30:8b:b2:61:de:0a:-75,30:8b:b2:61:de:0b:-75,30:8b:b2:61:de:0d:-75,76:7f:f0:12:cf:84:-75
4/9/2026 12:59,lift_area,6c:31:0e:56:e1:25:-73,30:8b:b2:61:de:0a:-75,30:8b:b2:61:de:0b:-75,30:8b:b2:61:de:0d:-75,76:7f:f0:12:cf:84:-75
4/9/2026 12:59,lift_area,72:7f:f0:12:cf:83:-60,72:7f:f0:12:cf:80:-61,76:7f:f0:12:cf:84:-64,6c:31:0e:56:e1:25:-65,76:7f:f0:12:cf:81:-66
4/9/2026 12:59,lift_area,72:7f:f0:12:cf:83:-60,72:7f:f0:12:cf:80:-61,76:7f:f0:12:cf:84:-64,6c:31:0e:56:e1:25:-65,76:7f:f0:12:cf:81:-66
4/9/2026 12:59,lift_area,30:8b:b2:61:de:01:-58,30:8b:b2:61:de:00:-59,6c:31:0e:56:e1:20:-67,6c:31:0e:56:e1:25:-67,72:7f:f0:12:cf:83:-68
4/9/2026 13:00,lift_area,30:8b:b2:61:de:01:-58,30:8b:b2:61:de:00:-59,6c:31:0e:56:e1:20:-67,6c:31:0e:56:e1:25:-67,72:7f:f0:12:cf:83:-68
4/9/2026 13:00,design_studio,72:7f:f0:12:cf:83:-70,30:8b:b2:61:de:0f:-70,30:8b:b2:61:de:0a:-71,30:8b:b2:61:de:0b:-71,30:8b:b2:61:de:0e:-71
4/9/2026 13:02,design_studio,6c:31:0e:56:e1:25:-44,72:7f:f0:12:cf:83:-55,72:7f:f0:12:cf:80:-55,30:8b:b2:61:de:0a:-55,30:8b:b2:61:de:0b:-55
4/9/2026 13:02,design_studio,6c:31:0e:56:e1:25:-40,f8:0b:cb:f3:88:00:-53,6c:31:0e:56:e1:2b:-54,6c:31:0e:56:e1:2a:-54,6c:31:0e:56:e1:2d:-54
4/9/2026 13:02,design_studio,6c:31:0e:56:e1:25:-40,f8:0b:cb:f3:88:00:-53,6c:31:0e:56:e1:2b:-54,6c:31:0e:56:e1:2a:-54,6c:31:0e:56:e1:2d:-54
4/9/2026 13:02,design_studio,6c:31:0e:56:e1:21:-41,6c:31:0e:56:e1:20:-42,6c:31:0e:56:e1:25:-45,6c:31:0e:56:e1:2b:-54,6c:31:0e:56:e1:2a:-54
4/9/2026 13:02,design_studio,6c:31:0e:56:e1:21:-41,6c:31:0e:56:e1:20:-42,6c:31:0e:56:e1:25:-45,6c:31:0e:56:e1:2b:-54,6c:31:0e:56:e1:2a:-54
4/9/2026 13:02,design_studio,6c:31:0e:56:e1:25:-47,30:8b:b2:61:de:0a:-53,30:8b:b2:61:de:0b:-53,30:8b:b2:61:de:0e:-53,30:8b:b2:61:de:0f:-53
4/9/2026 13:02,design_studio,6c:31:0e:56:e1:25:-47,30:8b:b2:61:de:0a:-53,30:8b:b2:61:de:0b:-53,30:8b:b2:61:de:0e:-53,30:8b:b2:61:de:0f:-53
4/9/2026 13:02,design_studio,6c:31:0e:56:e1:25:-47,30:8b:b2:61:de:0a:-53,30:8b:b2:61:de:0b:-53,30:8b:b2:61:de:0e:-53,30:8b:b2:61:de:0f:-53
4/9/2026 13:02,design_studio,6c:31:0e:56:e1:20:-43,6c:31:0e:56:e1:25:-44,f8:0b:cb:f3:88:04:-45,f8:0b:cb:f3:88:05:-46,40:01:7a:53:96:85:-55
4/9/2026 13:02,design_studio,6c:31:0e:56:e1:20:-43,6c:31:0e:56:e1:25:-44,f8:0b:cb:f3:88:04:-45,f8:0b:cb:f3:88:05:-46,40:01:7a:53:96:85:-55
4/9/2026 13:02,design_studio,6c:31:0e:56:e1:22:-48,6c:31:0e:56:e1:23:-48,6c:31:0e:56:e1:20:-49,6c:31:0e:56:e1:21:-49,30:8b:b2:61:de:0a:-49
4/9/2026 13:02,design_studio,6c:31:0e:56:e1:22:-48,6c:31:0e:56:e1:23:-48,6c:31:0e:56:e1:20:-49,6c:31:0e:56:e1:21:-49,30:8b:b2:61:de:0a:-49
4/9/2026 13:02,design_studio,6c:31:0e:56:e1:22:-48,6c:31:0e:56:e1:23:-48,6c:31:0e:56:e1:20:-49,6c:31:0e:56:e1:21:-49,30:8b:b2:61:de:0a:-49
4/9/2026 13:02,design_studio,6c:31:0e:56:e1:25:-43,6c:31:0e:56:e1:24:-51,72:7f:f0:12:cf:83:-55,72:7f:f0:12:cf:80:-57,30:8b:b2:61:de:0a:-62
4/9/2026 13:02,design_studio,6c:31:0e:56:e1:25:-43,6c:31:0e:56:e1:24:-51,72:7f:f0:12:cf:83:-55,72:7f:f0:12:cf:80:-57,30:8b:b2:61:de:0a:-62
4/9/2026 13:03,design_studio,6c:31:0e:56:e1:25:-43,6c:31:0e:56:e1:24:-51,72:7f:f0:12:cf:83:-55,72:7f:f0:12:cf:80:-57,30:8b:b2:61:de:0a:-62
4/9/2026 13:03,design_studio,6c:31:0e:56:e1:25:-44,6c:31:0e:56:e1:24:-45,f8:0b:cb:f3:88:00:-47,f8:0b:cb:f3:88:01:-47,40:01:7a:53:96:80:-56
4/9/2026 13:03,design_studio,6c:31:0e:56:e1:25:-44,6c:31:0e:56:e1:24:-45,f8:0b:cb:f3:88:00:-47,f8:0b:cb:f3:88:01:-47,40:01:7a:53:96:80:-56
4/9/2026 13:03,design_studio,6c:31:0e:56:e1:25:-44,6c:31:0e:56:e1:24:-45,f8:0b:cb:f3:88:00:-47,f8:0b:cb:f3:88:01:-47,40:01:7a:53:96:80:-56
4/9/2026 13:03,design_studio,6c:31:0e:56:e1:25:-44,6c:31:0e:56:e1:24:-45,f8:0b:cb:f3:88:00:-47,f8:0b:cb:f3:88:01:-47,40:01:7a:53:96:80:-56
4/9/2026 13:03,design_studio,6c:31:0e:56:e1:25:-48,30:8b:b2:61:de:0b:-52,30:8b:b2:61:de:0f:-52,30:8b:b2:61:de:0c:-52,30:8b:b2:61:de:0a:-53
4/9/2026 13:03,design_studio,6c:31:0e:56:e1:25:-48,30:8b:b2:61:de:0b:-52,30:8b:b2:61:de:0f:-52,30:8b:b2:61:de:0c:-52,30:8b:b2:61:de:0a:-53
4/9/2026 13:03,design_studio,6c:31:0e:56:e1:25:-42,72:7f:f0:12:cf:83:-55,30:8b:b2:61:de:0a:-56,30:8b:b2:61:de:0b:-56,30:8b:b2:61:de:0e:-56
4/9/2026 13:03,design_studio,6c:31:0e:56:e1:25:-42,72:7f:f0:12:cf:83:-55,30:8b:b2:61:de:0a:-56,30:8b:b2:61:de:0b:-56,30:8b:b2:61:de:0e:-56
4/9/2026 13:03,design_studio,6c:31:0e:56:e1:25:-42,72:7f:f0:12:cf:83:-55,30:8b:b2:61:de:0a:-56,30:8b:b2:61:de:0b:-56,30:8b:b2:61:de:0e:-56
4/9/2026 13:03,design_studio,6c:31:0e:56:e1:21:-39,6c:31:0e:56:e1:22:-40,6c:31:0e:56:e1:20:-42,6c:31:0e:56:e1:25:-43,6c:31:0e:56:e1:2b:-56
4/9/2026 13:03,design_studio,6c:31:0e:56:e1:21:-39,6c:31:0e:56:e1:22:-40,6c:31:0e:56:e1:20:-42,6c:31:0e:56:e1:25:-43,6c:31:0e:56:e1:2b:-56
4/9/2026 13:03,design_studio,6c:31:0e:56:e1:25:-49,f8:0b:cb:f3:88:00:-54,f8:0b:cb:f3:88:01:-54,6c:31:0e:56:e1:2a:-59,72:7f:f0:12:cf:80:-60
4/9/2026 13:03,design_studio,6c:31:0e:56:e1:25:-49,f8:0b:cb:f3:88:00:-54,f8:0b:cb:f3:88:01:-54,6c:31:0e:56:e1:2a:-59,72:7f:f0:12:cf:80:-60
4/9/2026 13:03,design_studio,6c:31:0e:56:e1:25:-49,f8:0b:cb:f3:88:00:-54,f8:0b:cb:f3:88:01:-54,6c:31:0e:56:e1:2a:-59,72:7f:f0:12:cf:80:-60
4/9/2026 13:03,design_studio,6c:31:0e:56:e1:25:-48,72:7f:f0:12:cf:84:-53,30:8b:b2:61:de:0a:-54,30:8b:b2:61:de:0b:-54,30:8b:b2:61:de:0e:-54
4/9/2026 13:03,design_studio,6c:31:0e:56:e1:25:-48,72:7f:f0:12:cf:84:-53,30:8b:b2:61:de:0a:-54,30:8b:b2:61:de:0b:-54,30:8b:b2:61:de:0e:-54
4/9/2026 13:03,design_studio,6c:31:0e:56:e1:25:-48,72:7f:f0:12:cf:84:-53,30:8b:b2:61:de:0a:-54,30:8b:b2:61:de:0b:-54,30:8b:b2:61:de:0e:-54
4/9/2026 13:03,design_studio,6c:31:0e:56:e1:25:-44,30:8b:b2:61:de:0a:-49,30:8b:b2:61:de:0b:-49,30:8b:b2:61:de:0e:-49,30:8b:b2:61:de:0f:-49
4/9/2026 13:03,design_studio,6c:31:0e:56:e1:25:-44,30:8b:b2:61:de:0a:-49,30:8b:b2:61:de:0b:-49,30:8b:b2:61:de:0e:-49,30:8b:b2:61:de:0f:-49
4/9/2026 13:03,design_studio,f8:0b:cb:f3:88:00:-46,f8:0b:cb:f3:88:01:-46,6c:31:0e:56:e1:25:-48,40:01:7a:53:96:81:-56,40:01:7a:53:96:80:-56
4/9/2026 13:03,design_studio,f8:0b:cb:f3:88:00:-46,f8:0b:cb:f3:88:01:-46,6c:31:0e:56:e1:25:-48,40:01:7a:53:96:81:-56,40:01:7a:53:96:80:-56
4/9/2026 13:04,design_studio,6c:31:0e:56:e1:22:-41,6c:31:0e:56:e1:20:-42,6c:31:0e:56:e1:23:-43,6c:31:0e:56:e1:25:-46,6c:31:0e:56:e1:2b:-51
4/9/2026 13:04,design_studio,6c:31:0e:56:e1:22:-41,6c:31:0e:56:e1:20:-42,6c:31:0e:56:e1:23:-43,6c:31:0e:56:e1:25:-46,6c:31:0e:56:e1:2b:-51
4/9/2026 13:04,design_studio,6c:31:0e:56:e1:22:-41,6c:31:0e:56:e1:20:-42,6c:31:0e:56:e1:23:-43,6c:31:0e:56:e1:25:-46,6c:31:0e:56:e1:2b:-51
4/9/2026 13:05,aid_lab,6c:31:0e:56:e1:20:-32,6c:31:0e:56:e1:25:-42,40:01:7a:53:97:24:-54,40:01:7a:53:97:23:-54,40:01:7a:53:97:21:-54
4/9/2026 13:05,aid_lab,6c:31:0e:56:e1:25:-33,6c:31:0e:56:e1:2f:-49,f8:0b:cb:f3:88:00:-50,f8:0b:cb:f3:88:01:-50,6c:31:0e:56:e1:2b:-50
4/9/2026 13:05,aid_lab,6c:31:0e:56:e1:25:-31,6c:31:0e:56:e1:24:-37,6c:31:0e:56:e1:2f:-46,f8:0b:cb:f3:88:01:-47,6c:31:0e:56:e1:2b:-48
4/9/2026 13:05,aid_lab,6c:31:0e:56:e1:25:-31,6c:31:0e:56:e1:24:-37,6c:31:0e:56:e1:2f:-46,f8:0b:cb:f3:88:01:-47,6c:31:0e:56:e1:2b:-48
4/9/2026 13:05,aid_lab,6c:31:0e:56:e1:25:-31,6c:31:0e:56:e1:24:-37,6c:31:0e:56:e1:2f:-46,f8:0b:cb:f3:88:01:-47,6c:31:0e:56:e1:2b:-48
4/9/2026 13:05,aid_lab,6c:31:0e:56:e1:24:-31,6c:31:0e:56:e1:22:-32,6c:31:0e:56:e1:21:-32,6c:31:0e:56:e1:23:-32,6c:31:0e:56:e1:20:-33
4/9/2026 13:05,aid_lab,6c:31:0e:56:e1:24:-31,6c:31:0e:56:e1:22:-32,6c:31:0e:56:e1:21:-32,6c:31:0e:56:e1:23:-32,6c:31:0e:56:e1:20:-33
4/9/2026 13:05,aid_lab,6c:31:0e:56:e1:24:-31,6c:31:0e:56:e1:22:-32,6c:31:0e:56:e1:21:-32,6c:31:0e:56:e1:23:-32,6c:31:0e:56:e1:20:-33
4/9/2026 13:05,aid_lab,6c:31:0e:56:e1:25:-32,6c:31:0e:56:e1:2a:-43,6c:31:0e:56:e1:2d:-43,6c:31:0e:56:e1:2c:-43,6c:31:0e:56:e1:2f:-43
4/9/2026 13:06,aid_lab,6c:31:0e:56:e1:25:-30,6c:31:0e:56:e1:2e:-41,6c:31:0e:56:e1:2b:-42,6c:31:0e:56:e1:2a:-42,6c:31:0e:56:e1:2d:-42
4/9/2026 13:06,aid_lab,6c:31:0e:56:e1:25:-30,6c:31:0e:56:e1:2e:-41,6c:31:0e:56:e1:2b:-42,6c:31:0e:56:e1:2a:-42,6c:31:0e:56:e1:2d:-42
4/9/2026 13:06,aid_lab,6c:31:0e:56:e1:20:-29,6c:31:0e:56:e1:22:-29,6c:31:0e:56:e1:21:-29,6c:31:0e:56:e1:24:-29,6c:31:0e:56:e1:23:-29
4/9/2026 13:06,aid_lab,6c:31:0e:56:e1:20:-29,6c:31:0e:56:e1:22:-29,6c:31:0e:56:e1:21:-29,6c:31:0e:56:e1:24:-29,6c:31:0e:56:e1:23:-29
4/9/2026 13:06,aid_lab,6c:31:0e:56:e1:20:-29,6c:31:0e:56:e1:22:-29,6c:31:0e:56:e1:21:-29,6c:31:0e:56:e1:24:-29,6c:31:0e:56:e1:25:-32
4/9/2026 13:06,aid_lab,6c:31:0e:56:e1:25:-34,6c:31:0e:56:e1:2b:-38,6c:31:0e:56:e1:2a:-38,6c:31:0e:56:e1:2d:-38,6c:31:0e:56:e1:2f:-38
4/9/2026 13:06,aid_lab,6c:31:0e:56:e1:25:-34,6c:31:0e:56:e1:2b:-38,6c:31:0e:56:e1:2a:-38,6c:31:0e:56:e1:2d:-38,6c:31:0e:56:e1:2f:-38
4/9/2026 13:06,aid_lab,6c:31:0e:56:e1:25:-34,6c:31:0e:56:e1:2b:-38,6c:31:0e:56:e1:2a:-38,6c:31:0e:56:e1:2d:-38,6c:31:0e:56:e1:2f:-38
4/9/2026 13:06,aid_lab,6c:31:0e:56:e1:22:-28,6c:31:0e:56:e1:21:-28,6c:31:0e:56:e1:24:-28,6c:31:0e:56:e1:23:-28,6c:31:0e:56:e1:25:-30
4/9/2026 13:06,aid_lab,6c:31:0e:56:e1:22:-28,6c:31:0e:56:e1:21:-28,6c:31:0e:56:e1:24:-28,6c:31:0e:56:e1:23:-28,6c:31:0e:56:e1:25:-30
4/9/2026 13:06,aid_lab,6c:31:0e:56:e1:22:-28,6c:31:0e:56:e1:21:-28,6c:31:0e:56:e1:24:-28,6c:31:0e:56:e1:23:-28,6c:31:0e:56:e1:25:-30
4/9/2026 13:06,aid_lab,6c:31:0e:56:e1:22:-30,6c:31:0e:56:e1:21:-30,6c:31:0e:56:e1:24:-30,6c:31:0e:56:e1:23:-30,6c:31:0e:56:e1:25:-30
4/9/2026 13:06,aid_lab,6c:31:0e:56:e1:22:-30,6c:31:0e:56:e1:21:-30,6c:31:0e:56:e1:24:-30,6c:31:0e:56:e1:23:-30,6c:31:0e:56:e1:25:-30
4/9/2026 13:06,aid_lab,6c:31:0e:56:e1:25:-33,6c:31:0e:56:e1:2b:-35,6c:31:0e:56:e1:2a:-35,6c:31:0e:56:e1:2d:-35,6c:31:0e:56:e1:2c:-35
4/9/2026 13:06,aid_lab,6c:31:0e:56:e1:25:-33,6c:31:0e:56:e1:2b:-35,6c:31:0e:56:e1:2a:-35,6c:31:0e:56:e1:2d:-35,6c:31:0e:56:e1:2c:-35
4/9/2026 13:06,aid_lab,6c:31:0e:56:e1:25:-33,6c:31:0e:56:e1:2b:-35,6c:31:0e:56:e1:2a:-35,6c:31:0e:56:e1:2d:-35,6c:31:0e:56:e1:2c:-35
4/9/2026 13:06,aid_lab,6c:31:0e:56:e1:23:-32,6c:31:0e:56:e1:24:-33,6c:31:0e:56:e1:25:-36,6c:31:0e:56:e1:2a:-38,6c:31:0e:56:e1:2d:-38
4/9/2026 13:06,aid_lab,6c:31:0e:56:e1:23:-32,6c:31:0e:56:e1:24:-33,6c:31:0e:56:e1:25:-36,6c:31:0e:56:e1:2a:-38,6c:31:0e:56:e1:2d:-38
4/9/2026 13:07,aid_lab,6c:31:0e:56:e1:25:-39,40:01:7a:53:96:85:-44,f8:0b:cb:f3:88:04:-49,2e:98:11:8b:1f:9e:-50,6c:31:0e:56:e1:2a:-50
4/9/2026 13:07,aid_lab,6c:31:0e:56:e1:25:-39,40:01:7a:53:96:85:-44,f8:0b:cb:f3:88:04:-49,2e:98:11:8b:1f:9e:-50,6c:31:0e:56:e1:2a:-50
4/9/2026 13:07,aid_lab,6c:31:0e:56:e1:20:-39,6c:31:0e:56:e1:25:-45,6c:31:0e:56:e1:2b:-52,6c:31:0e:56:e1:2c:-53,6c:31:0e:56:e1:2a:-54
4/9/2026 13:07,aid_lab,6c:31:0e:56:e1:20:-39,6c:31:0e:56:e1:25:-45,6c:31:0e:56:e1:2b:-52,6c:31:0e:56:e1:2c:-53,6c:31:0e:56:e1:2a:-54
4/9/2026 13:07,aid_lab,6c:31:0e:56:e1:25:-44,6c:31:0e:56:e1:20:-45,6c:31:0e:56:e1:22:-45,6c:31:0e:56:e1:21:-45,6c:31:0e:56:e1:23:-45
4/9/2026 13:07,aid_lab,6c:31:0e:56:e1:25:-44,6c:31:0e:56:e1:20:-45,6c:31:0e:56:e1:22:-45,6c:31:0e:56:e1:21:-45,6c:31:0e:56:e1:23:-45
4/9/2026 13:07,aid_lab,6c:31:0e:56:e1:25:-44,6c:31:0e:56:e1:20:-45,6c:31:0e:56:e1:22:-45,6c:31:0e:56:e1:21:-45,6c:31:0e:56:e1:23:-45
4/9/2026 13:07,aid_lab,6c:31:0e:56:e1:20:-45,6c:31:0e:56:e1:22:-45,6c:31:0e:56:e1:21:-46,40:01:7a:53:96:8a:-46,40:01:7a:53:96:8c:-46
4/9/2026 13:07,aid_lab,6c:31:0e:56:e1:20:-45,6c:31:0e:56:e1:22:-45,6c:31:0e:56:e1:21:-46,40:01:7a:53:96:8a:-46,40:01:7a:53:96:8c:-46
4/9/2026 13:07,aid_lab,6c:31:0e:56:e1:20:-45,6c:31:0e:56:e1:22:-45,6c:31:0e:56:e1:21:-46,40:01:7a:53:96:8a:-46,40:01:7a:53:96:8c:-46
4/9/2026 13:07,aid_lab,6c:31:0e:56:e1:25:-49,6c:31:0e:56:e1:20:-54,6c:31:0e:56:e1:21:-54,00:df:1d:62:f9:45:-56,00:df:1d:62:f9:44:-56
4/9/2026 13:07,aid_lab,6c:31:0e:56:e1:25:-49,6c:31:0e:56:e1:20:-54,6c:31:0e:56:e1:21:-54,00:df:1d:62:f9:45:-56,00:df:1d:62:f9:44:-56
4/9/2026 13:07,aid_lab,6c:31:0e:56:e1:25:-45,2e:98:11:8b:1f:9e:-54,40:01:7a:53:96:8a:-55,40:01:7a:53:96:8e:-55,40:01:7a:53:96:8d:-55
4/9/2026 13:09,discussion_room,6c:31:0e:56:e1:20:-45,6c:31:0e:56:e1:22:-45,6c:31:0e:56:e1:24:-45,6c:31:0e:56:e1:23:-45,6c:31:0e:56:e1:25:-49
4/9/2026 13:09,discussion_room,6c:31:0e:56:e1:20:-45,6c:31:0e:56:e1:22:-45,6c:31:0e:56:e1:24:-45,6c:31:0e:56:e1:23:-45,6c:31:0e:56:e1:25:-49
4/9/2026 13:09,discussion_room,2e:98:11:8b:1f:9e:-45,5c:60:ba:2c:29:05:-48,40:01:7a:53:96:81:-50,40:01:7a:53:96:80:-50,6c:31:0e:56:e1:21:-51
4/9/2026 13:09,discussion_room,2e:98:11:8b:1f:9e:-45,5c:60:ba:2c:29:05:-48,40:01:7a:53:96:81:-50,40:01:7a:53:96:80:-50,6c:31:0e:56:e1:21:-51
4/9/2026 13:09,discussion_room,6c:31:0e:56:e1:25:-47,2e:98:11:8b:1f:9e:-48,5c:60:ba:2c:29:05:-50,6c:31:0e:56:e1:2b:-53,6c:31:0e:56:e1:2a:-53
4/9/2026 13:09,discussion_room,6c:31:0e:56:e1:25:-47,2e:98:11:8b:1f:9e:-48,5c:60:ba:2c:29:05:-50,6c:31:0e:56:e1:2b:-53,6c:31:0e:56:e1:2a:-53
4/9/2026 13:09,discussion_room,5c:60:ba:2c:29:05:-42,6c:31:0e:56:e1:25:-44,40:01:7a:53:96:81:-52,40:01:7a:53:96:80:-52,6c:31:0e:56:e1:2b:-54
4/9/2026 13:09,discussion_room,5c:60:ba:2c:29:05:-42,6c:31:0e:56:e1:25:-44,40:01:7a:53:96:81:-52,40:01:7a:53:96:80:-52,6c:31:0e:56:e1:2b:-54
4/9/2026 13:10,discussion_room,5c:60:ba:2c:29:05:-42,6c:31:0e:56:e1:25:-43,6c:31:0e:56:e1:2b:-53,6c:31:0e:56:e1:2a:-53,6c:31:0e:56:e1:2d:-53
4/9/2026 13:10,discussion_room,5c:60:ba:2c:29:05:-42,6c:31:0e:56:e1:25:-43,6c:31:0e:56:e1:2b:-53,6c:31:0e:56:e1:2a:-53,6c:31:0e:56:e1:2d:-53
4/9/2026 13:10,discussion_room,5c:60:ba:2c:29:05:-42,6c:31:0e:56:e1:25:-43,6c:31:0e:56:e1:2b:-53,6c:31:0e:56:e1:2a:-53,6c:31:0e:56:e1:2d:-53
4/9/2026 13:10,discussion_room,5c:60:ba:2c:29:05:-42,6c:31:0e:56:e1:25:-43,6c:31:0e:56:e1:2b:-53,6c:31:0e:56:e1:2a:-53,6c:31:0e:56:e1:2d:-53
4/9/2026 13:10,discussion_room,5c:60:ba:2c:29:05:-42,6c:31:0e:56:e1:25:-43,6c:31:0e:56:e1:20:-44,6c:31:0e:56:e1:22:-44,6c:31:0e:56:e1:21:-44
4/9/2026 13:10,discussion_room,5c:60:ba:2c:29:05:-42,6c:31:0e:56:e1:25:-43,6c:31:0e:56:e1:20:-44,6c:31:0e:56:e1:22:-44,6c:31:0e:56:e1:21:-44
4/9/2026 13:10,discussion_room,5c:60:ba:2c:29:05:-42,6c:31:0e:56:e1:23:-44,6c:31:0e:56:e1:25:-44,6c:31:0e:56:e1:24:-45,6c:31:0e:56:e1:2a:-52
4/9/2026 13:10,discussion_room,5c:60:ba:2c:29:05:-42,6c:31:0e:56:e1:23:-44,6c:31:0e:56:e1:25:-44,6c:31:0e:56:e1:24:-45,6c:31:0e:56:e1:2a:-52
4/9/2026 13:10,discussion_room,5c:60:ba:2c:29:05:-41,6c:31:0e:56:e1:25:-44,40:01:7a:53:96:85:-52,6c:31:0e:56:e1:2b:-52,6c:31:0e:56:e1:2a:-52
4/9/2026 13:10,discussion_room,5c:60:ba:2c:29:05:-41,6c:31:0e:56:e1:25:-44,40:01:7a:53:96:85:-52,6c:31:0e:56:e1:2b:-52,6c:31:0e:56:e1:2a:-52
4/9/2026 13:10,discussion_room,5c:60:ba:2c:29:05:-42,6c:31:0e:56:e1:24:-44,6c:31:0e:56:e1:23:-44,6c:31:0e:56:e1:25:-44,40:01:7a:53:96:81:-52
4/9/2026 13:10,discussion_room,5c:60:ba:2c:29:05:-42,6c:31:0e:56:e1:24:-44,6c:31:0e:56:e1:23:-44,6c:31:0e:56:e1:25:-44,40:01:7a:53:96:81:-52
4/9/2026 13:10,discussion_room,5c:60:ba:2c:29:05:-42,6c:31:0e:56:e1:24:-44,6c:31:0e:56:e1:23:-44,6c:31:0e:56:e1:25:-48,40:01:7a:53:96:81:-53
4/9/2026 13:10,discussion_room,5c:60:ba:2c:29:05:-42,6c:31:0e:56:e1:24:-44,6c:31:0e:56:e1:23:-44,6c:31:0e:56:e1:25:-48,40:01:7a:53:96:81:-53
4/9/2026 13:10,discussion_room,5c:60:ba:2c:29:05:-42,6c:31:0e:56:e1:24:-44,6c:31:0e:56:e1:23:-44,6c:31:0e:56:e1:25:-48,40:01:7a:53:96:81:-53
4/9/2026 13:10,discussion_room,6c:31:0e:56:e1:25:-45,6c:31:0e:56:e1:24:-46,6c:31:0e:56:e1:23:-46,6c:31:0e:56:e1:22:-47,5c:60:ba:2c:29:05:-50
4/9/2026 13:10,discussion_room,6c:31:0e:56:e1:25:-45,6c:31:0e:56:e1:24:-46,6c:31:0e:56:e1:23:-46,6c:31:0e:56:e1:22:-47,5c:60:ba:2c:29:05:-50
4/9/2026 13:10,discussion_room,6c:31:0e:56:e1:20:-44,6c:31:0e:56:e1:25:-44,6c:31:0e:56:e1:21:-45,5c:60:ba:2c:29:05:-49,2e:98:11:8b:1f:9e:-50
4/9/2026 13:10,discussion_room,6c:31:0e:56:e1:20:-44,6c:31:0e:56:e1:25:-44,6c:31:0e:56:e1:21:-45,5c:60:ba:2c:29:05:-49,2e:98:11:8b:1f:9e:-50
4/9/2026 13:10,discussion_room,6c:31:0e:56:e1:20:-44,6c:31:0e:56:e1:25:-44,6c:31:0e:56:e1:21:-45,5c:60:ba:2c:29:05:-49,2e:98:11:8b:1f:9e:-50
4/9/2026 13:10,discussion_room,6c:31:0e:56:e1:24:-44,6c:31:0e:56:e1:23:-44,6c:31:0e:56:e1:25:-45,5c:60:ba:2c:29:05:-47,2e:98:11:8b:1f:9e:-53
4/9/2026 13:11,discussion_room,6c:31:0e:56:e1:24:-44,6c:31:0e:56:e1:23:-44,6c:31:0e:56:e1:25:-45,5c:60:ba:2c:29:05:-47,2e:98:11:8b:1f:9e:-53
4/9/2026 13:11,discussion_room,6c:31:0e:56:e1:24:-44,6c:31:0e:56:e1:23:-44,6c:31:0e:56:e1:25:-45,5c:60:ba:2c:29:05:-47,2e:98:11:8b:1f:9e:-53
4/9/2026 13:11,discussion_room,6c:31:0e:56:e1:25:-44,5c:60:ba:2c:29:05:-52,2e:98:11:8b:1f:9e:-53,6c:31:0e:56:e1:2a:-54,40:01:7a:53:96:8d:-66
4/9/2026 13:11,discussion_room,6c:31:0e:56:e1:25:-44,5c:60:ba:2c:29:05:-52,2e:98:11:8b:1f:9e:-53,6c:31:0e:56:e1:2a:-54,40:01:7a:53:96:8d:-66
4/9/2026 13:11,discussion_room,6c:31:0e:56:e1:23:-44,6c:31:0e:56:e1:25:-44,6c:31:0e:56:e1:24:-45,5c:60:ba:2c:29:05:-48,2e:98:11:8b:1f:9e:-53
4/9/2026 13:11,discussion_room,6c:31:0e:56:e1:23:-44,6c:31:0e:56:e1:25:-44,6c:31:0e:56:e1:24:-45,5c:60:ba:2c:29:05:-48,2e:98:11:8b:1f:9e:-53
4/9/2026 13:11,discussion_room,6c:31:0e:56:e1:23:-44,6c:31:0e:56:e1:25:-44,6c:31:0e:56:e1:24:-45,5c:60:ba:2c:29:05:-48,2e:98:11:8b:1f:9e:-53
4/9/2026 13:11,discussion_room,6c:31:0e:56:e1:25:-42,5c:60:ba:2c:29:05:-49,2e:98:11:8b:1f:9e:-53,6c:31:0e:56:e1:2b:-54,6c:31:0e:56:e1:2a:-54
4/9/2026 13:17,discussion_room_2,6c:31:0e:56:e1:25:-42,5c:60:ba:2c:29:05:-49,2e:98:11:8b:1f:9e:-53,6c:31:0e:56:e1:2b:-54,6c:31:0e:56:e1:2a:-54
4/9/2026 13:17,discussion_room_2,6c:31:0e:56:e1:25:-42,5c:60:ba:2c:29:05:-49,2e:98:11:8b:1f:9e:-53,6c:31:0e:56:e1:2b:-54,6c:31:0e:56:e1:2a:-54
4/9/2026 13:17,discussion_room_2,6c:31:0e:56:e1:24:-56,6c:31:0e:56:e1:25:-56,6a:5f:e5:81:6b:47:-56,6c:31:0e:56:e1:23:-60,2e:98:11:8b:1f:9e:-63
4/9/2026 13:17,discussion_room_2,6c:31:0e:56:e1:24:-56,6c:31:0e:56:e1:25:-56,6a:5f:e5:81:6b:47:-56,6c:31:0e:56:e1:23:-60,2e:98:11:8b:1f:9e:-63
4/9/2026 13:17,discussion_room_2,00:df:1d:62:f9:42:-54,00:df:1d:62:f9:45:-55,6c:31:0e:56:e1:25:-55,00:df:1d:62:f9:41:-55,00:df:1d:62:f9:40:-55
4/9/2026 13:17,discussion_room_2,00:df:1d:62:f9:42:-54,00:df:1d:62:f9:45:-55,6c:31:0e:56:e1:25:-55,00:df:1d:62:f9:41:-55,00:df:1d:62:f9:40:-55
4/9/2026 13:17,discussion_room_2,6c:31:0e:56:e1:25:-56,6a:5f:e5:81:6b:47:-58,40:01:7a:53:96:80:-67,40:01:7a:53:96:81:-68,24:36:da:9d:61:25:-68
4/9/2026 13:17,discussion_room_2,6c:31:0e:56:e1:25:-56,6a:5f:e5:81:6b:47:-58,40:01:7a:53:96:80:-67,40:01:7a:53:96:81:-68,24:36:da:9d:61:25:-68
4/9/2026 13:17,discussion_room_2,6c:31:0e:56:e1:25:-56,6a:5f:e5:81:6b:47:-58,40:01:7a:53:96:80:-67,40:01:7a:53:96:81:-68,24:36:da:9d:61:25:-68
4/9/2026 13:17,discussion_room_2,6c:31:0e:56:e1:25:-56,6a:5f:e5:81:6b:47:-58,40:01:7a:53:96:80:-67,40:01:7a:53:96:81:-68,24:36:da:9d:61:25:-68
4/9/2026 13:17,discussion_room_2,6c:31:0e:56:e1:25:-56,6a:5f:e5:81:6b:47:-58,24:36:da:9d:61:24:-66,24:36:da:9d:61:26:-66,40:01:7a:53:96:81:-67
4/9/2026 13:18,discussion_room_2,6c:31:0e:56:e1:25:-56,6a:5f:e5:81:6b:47:-58,24:36:da:9d:61:24:-66,24:36:da:9d:61:26:-66,40:01:7a:53:96:81:-67
4/9/2026 13:18,discussion_room_2,6c:31:0e:56:e1:25:-56,6a:5f:e5:81:6b:47:-58,24:36:da:9d:61:24:-66,24:36:da:9d:61:26:-66,40:01:7a:53:96:81:-67
4/9/2026 13:18,discussion_room_2,6c:31:0e:56:e1:25:-56,6a:5f:e5:81:6b:47:-58,24:36:da:9d:61:24:-66,24:36:da:9d:61:26:-66,40:01:7a:53:96:81:-67
4/9/2026 13:18,discussion_room_2,6a:5f:e5:81:6b:47:-55,6c:31:0e:56:e1:20:-56,6c:31:0e:56:e1:22:-56,6c:31:0e:56:e1:21:-56,6c:31:0e:56:e1:25:-56
4/9/2026 13:18,discussion_room_2,6a:5f:e5:81:6b:47:-55,6c:31:0e:56:e1:20:-56,6c:31:0e:56:e1:22:-56,6c:31:0e:56:e1:21:-56,6c:31:0e:56:e1:25:-56
4/9/2026 13:18,discussion_room_2,6a:5f:e5:81:6b:47:-55,6c:31:0e:56:e1:20:-56,6c:31:0e:56:e1:22:-56,6c:31:0e:56:e1:21:-56,6c:31:0e:56:e1:25:-56
4/9/2026 13:18,discussion_room_2,6a:5f:e5:81:6b:47:-55,6c:31:0e:56:e1:20:-56,6c:31:0e:56:e1:22:-56,6c:31:0e:56:e1:21:-56,6c:31:0e:56:e1:25:-56
4/9/2026 13:18,discussion_room_2,6c:31:0e:56:e1:21:-56,6c:31:0e:56:e1:20:-57,6c:31:0e:56:e1:22:-57,6c:31:0e:56:e1:24:-57,6c:31:0e:56:e1:25:-57
4/9/2026 13:18,discussion_room_2,6c:31:0e:56:e1:21:-56,6c:31:0e:56:e1:20:-57,6c:31:0e:56:e1:22:-57,6c:31:0e:56:e1:24:-57,6c:31:0e:56:e1:25:-57
4/9/2026 13:18,discussion_room_2,6a:5f:e5:81:6b:47:-53,6c:31:0e:56:e1:25:-56,24:36:da:9d:61:21:-68,40:01:7a:53:96:81:-69,2e:98:11:8b:1f:9e:-70
4/9/2026 13:18,discussion_room_2,6a:5f:e5:81:6b:47:-53,6c:31:0e:56:e1:25:-56,24:36:da:9d:61:21:-68,40:01:7a:53:96:81:-69,2e:98:11:8b:1f:9e:-70
4/9/2026 13:18,discussion_room_2,6a:5f:e5:81:6b:47:-53,6c:31:0e:56:e1:25:-56,24:36:da:9d:61:21:-68,40:01:7a:53:96:81:-69,2e:98:11:8b:1f:9e:-70
4/9/2026 13:18,discussion_room_2,6c:31:0e:56:e1:25:-56,6a:5f:e5:81:6b:47:-56,24:36:da:9d:61:26:-68,24:36:da:9d:61:21:-68,40:01:7a:53:96:81:-69
4/9/2026 13:18,discussion_room_2,6c:31:0e:56:e1:25:-56,6a:5f:e5:81:6b:47:-56,24:36:da:9d:61:26:-68,24:36:da:9d:61:21:-68,40:01:7a:53:96:81:-69
4/9/2026 13:18,discussion_room_2,6a:5f:e5:81:6b:47:-54,6c:31:0e:56:e1:25:-56,40:01:7a:53:96:81:-67,24:36:da:9d:61:26:-69,24:36:da:9d:61:20:-69
4/9/2026 13:18,discussion_room_2,6a:5f:e5:81:6b:47:-54,6c:31:0e:56:e1:25:-56,40:01:7a:53:96:81:-67,24:36:da:9d:61:26:-69,24:36:da:9d:61:20:-69
4/9/2026 13:18,discussion_room_2,6a:5f:e5:81:6b:47:-53,6c:31:0e:56:e1:24:-56,6c:31:0e:56:e1:23:-56,6c:31:0e:56:e1:25:-56,6c:31:0e:56:e1:22:-58
4/9/2026 13:18,discussion_room_2,6a:5f:e5:81:6b:47:-53,6c:31:0e:56:e1:24:-56,6c:31:0e:56:e1:23:-56,6c:31:0e:56:e1:25:-56,6c:31:0e:56:e1:22:-58
4/9/2026 13:18,discussion_room_2,6a:5f:e5:81:6b:47:-53,6c:31:0e:56:e1:20:-56,6c:31:0e:56:e1:22:-56,6c:31:0e:56:e1:23:-56,6c:31:0e:56:e1:21:-57
4/9/2026 13:18,discussion_room_2,6a:5f:e5:81:6b:47:-53,6c:31:0e:56:e1:20:-56,6c:31:0e:56:e1:22:-56,6c:31:0e:56:e1:23:-56,6c:31:0e:56:e1:21:-57
4/9/2026 13:18,discussion_room_2,00:df:1d:62:f9:43:-53,00:df:1d:62:f9:45:-54,00:df:1d:62:f9:42:-54,00:df:1d:62:f9:41:-54,00:df:1d:62:f9:40:-54
4/9/2026 13:19,discussion_room_2,00:df:1d:62:f9:43:-53,00:df:1d:62:f9:45:-54,00:df:1d:62:f9:42:-54,00:df:1d:62:f9:41:-54,00:df:1d:62:f9:40:-54
4/9/2026 13:19,discussion_room_2,6c:31:0e:56:e1:25:-59,24:36:da:9d:61:25:-66,24:36:da:9d:61:23:-66,24:36:da:9d:61:24:-67,24:36:da:9d:61:26:-67
4/9/2026 13:19,discussion_room_2,6c:31:0e:56:e1:25:-59,24:36:da:9d:61:25:-66,24:36:da:9d:61:23:-66,24:36:da:9d:61:24:-67,24:36:da:9d:61:26:-67
4/9/2026 13:19,discussion_room_2,6c:31:0e:56:e1:25:-59,24:36:da:9d:61:25:-66,24:36:da:9d:61:23:-66,24:36:da:9d:61:24:-67,24:36:da:9d:61:26:-67
4/9/2026 13:19,discussion_room_2,6c:31:0e:56:e1:20:-56,6c:31:0e:56:e1:25:-56,6a:5f:e5:81:6b:47:-56,6c:31:0e:56:e1:21:-57,24:36:da:9d:61:25:-67
4/9/2026 13:19,discussion_room_2,6c:31:0e:56:e1:20:-56,6c:31:0e:56:e1:25:-56,6a:5f:e5:81:6b:47:-56,6c:31:0e:56:e1:21:-57,24:36:da:9d:61:25:-67
4/9/2026 13:31,ci_lab,5c:60:ba:2c:29:05:-44,2e:98:11:8b:1f:9e:-50,6c:31:0e:56:e1:20:-51,6c:31:0e:56:e1:23:-51,6c:31:0e:56:e1:22:-52
4/9/2026 13:31,ci_lab,40:01:7a:53:96:84:-38,f8:0b:cb:f3:88:03:-40,f8:0b:cb:f3:88:04:-40,f8:0b:cb:f3:88:05:-40,40:01:7a:53:96:8d:-46
4/9/2026 13:31,ci_lab,40:01:7a:53:96:84:-38,f8:0b:cb:f3:88:03:-40,f8:0b:cb:f3:88:04:-40,f8:0b:cb:f3:88:05:-40,40:01:7a:53:96:8d:-46
4/9/2026 13:31,ci_lab,40:01:7a:53:96:80:-35,40:01:7a:53:96:8e:-45,40:01:7a:53:96:8d:-45,40:01:7a:53:96:8c:-45,40:01:7a:53:96:8b:-45
4/9/2026 13:31,ci_lab,40:01:7a:53:96:80:-35,40:01:7a:53:96:8e:-45,40:01:7a:53:96:8d:-45,40:01:7a:53:96:8c:-45,40:01:7a:53:96:8b:-45
4/9/2026 13:31,ci_lab,40:01:7a:53:96:80:-35,40:01:7a:53:96:8e:-45,40:01:7a:53:96:8d:-45,40:01:7a:53:96:8c:-45,40:01:7a:53:96:8b:-45
4/9/2026 13:31,ci_lab,6c:31:0e:56:e1:25:-45,40:01:7a:53:96:8a:-46,40:01:7a:53:96:8e:-48,40:01:7a:53:96:8d:-48,40:01:7a:53:96:8c:-48
4/9/2026 13:31,ci_lab,6c:31:0e:56:e1:25:-45,40:01:7a:53:96:8a:-46,40:01:7a:53:96:8e:-48,40:01:7a:53:96:8d:-48,40:01:7a:53:96:8c:-48
4/9/2026 13:31,ci_lab,6c:31:0e:56:e1:25:-45,40:01:7a:53:96:8a:-46,40:01:7a:53:96:8e:-48,40:01:7a:53:96:8d:-48,40:01:7a:53:96:8c:-48
4/9/2026 13:31,ci_lab,40:01:7a:53:96:8d:-38,40:01:7a:53:96:8e:-39,40:01:7a:53:96:8c:-39,40:01:7a:53:96:8b:-39,40:01:7a:53:96:8f:-39
4/9/2026 13:31,ci_lab,40:01:7a:53:96:8d:-38,40:01:7a:53:96:8e:-39,40:01:7a:53:96:8c:-39,40:01:7a:53:96:8b:-39,40:01:7a:53:96:8f:-39
4/9/2026 13:31,ci_lab,6c:31:0e:56:e1:24:-41,6c:31:0e:56:e1:23:-41,6c:31:0e:56:e1:22:-42,6c:31:0e:56:e1:21:-42,f8:0b:cb:f3:88:01:-43
4/9/2026 13:31,ci_lab,6c:31:0e:56:e1:24:-41,6c:31:0e:56:e1:23:-41,6c:31:0e:56:e1:22:-42,6c:31:0e:56:e1:21:-42,f8:0b:cb:f3:88:01:-43
4/9/2026 13:31,ci_lab,6c:31:0e:56:e1:24:-41,6c:31:0e:56:e1:23:-41,6c:31:0e:56:e1:22:-42,6c:31:0e:56:e1:21:-42,f8:0b:cb:f3:88:01:-43
4/9/2026 13:31,ci_lab,6c:31:0e:56:e1:25:-42,f8:0b:cb:f3:88:05:-43,40:01:7a:53:96:8d:-45,40:01:7a:53:96:8b:-46,40:01:7a:53:96:8a:-46
4/9/2026 13:31,ci_lab,6c:31:0e:56:e1:25:-42,f8:0b:cb:f3:88:05:-43,40:01:7a:53:96:8d:-45,40:01:7a:53:96:8b:-46,40:01:7a:53:96:8a:-46
4/9/2026 13:31,ci_lab,40:01:7a:53:96:8e:-38,40:01:7a:53:96:8f:-38,40:01:7a:53:96:8d:-39,40:01:7a:53:96:8c:-39,40:01:7a:53:96:8b:-39
4/9/2026 13:32,ci_lab,40:01:7a:53:96:8e:-38,40:01:7a:53:96:8f:-38,40:01:7a:53:96:8d:-39,40:01:7a:53:96:8c:-39,40:01:7a:53:96:8b:-39
4/9/2026 13:32,ci_lab,40:01:7a:53:96:8e:-46,40:01:7a:53:96:8b:-46,6c:31:0e:56:e1:25:-47,40:01:7a:53:96:8d:-47,40:01:7a:53:96:8c:-47
4/9/2026 13:32,ci_lab,40:01:7a:53:96:8e:-46,40:01:7a:53:96:8b:-46,6c:31:0e:56:e1:25:-47,40:01:7a:53:96:8d:-47,40:01:7a:53:96:8c:-47
4/9/2026 13:32,ci_lab,40:01:7a:53:96:8e:-46,40:01:7a:53:96:8b:-46,6c:31:0e:56:e1:25:-47,40:01:7a:53:96:8d:-47,40:01:7a:53:96:8c:-47
4/9/2026 13:32,ci_lab,40:01:7a:53:96:84:-33,40:01:7a:53:96:85:-35,6c:31:0e:56:e1:25:-42,40:01:7a:53:96:8e:-43,40:01:7a:53:96:8d:-43
4/9/2026 13:32,ci_lab,40:01:7a:53:96:84:-33,40:01:7a:53:96:85:-35,6c:31:0e:56:e1:25:-42,40:01:7a:53:96:8e:-43,40:01:7a:53:96:8d:-43
4/9/2026 13:32,ci_lab,6c:31:0e:56:e1:25:-38,00:df:1d:62:f9:45:-52,00:df:1d:62:f9:44:-52,00:df:1d:62:f9:43:-52,00:df:1d:62:f9:42:-52
4/9/2026 13:32,ci_lab,6c:31:0e:56:e1:25:-38,00:df:1d:62:f9:45:-52,00:df:1d:62:f9:44:-52,00:df:1d:62:f9:43:-52,00:df:1d:62:f9:42:-52
4/9/2026 13:32,ci_lab,40:01:7a:53:96:81:-35,6c:31:0e:56:e1:25:-44,5c:60:ba:2c:29:05:-47,f8:0b:cb:f3:88:00:-47,2e:98:11:8b:1f:9e:-54
4/9/2026 13:32,ci_lab,40:01:7a:53:96:81:-35,6c:31:0e:56:e1:25:-44,5c:60:ba:2c:29:05:-47,f8:0b:cb:f3:88:00:-47,2e:98:11:8b:1f:9e:-54
4/9/2026 13:32,ci_lab,40:01:7a:53:96:81:-35,6c:31:0e:56:e1:25:-44,5c:60:ba:2c:29:05:-47,f8:0b:cb:f3:88:00:-47,2e:98:11:8b:1f:9e:-54
4/9/2026 13:32,ci_lab,40:01:7a:53:96:80:-35,6c:31:0e:56:e1:24:-43,6c:31:0e:56:e1:25:-43,40:01:7a:53:96:8e:-45,40:01:7a:53:96:8d:-45
4/9/2026 13:32,ci_lab,40:01:7a:53:96:80:-35,6c:31:0e:56:e1:24:-43,6c:31:0e:56:e1:25:-43,40:01:7a:53:96:8e:-45,40:01:7a:53:96:8d:-45
4/9/2026 13:32,ci_lab,40:01:7a:53:96:80:-35,6c:31:0e:56:e1:24:-43,6c:31:0e:56:e1:25:-43,40:01:7a:53:96:8e:-45,40:01:7a:53:96:8d:-45
4/9/2026 13:32,ci_lab,40:01:7a:53:96:80:-35,6c:31:0e:56:e1:24:-43,6c:31:0e:56:e1:25:-43,40:01:7a:53:96:8e:-45,40:01:7a:53:96:8d:-45
4/9/2026 13:32,ci_lab,6c:31:0e:56:e1:25:-42,6c:31:0e:56:e1:20:-43,40:01:7a:53:96:8e:-43,40:01:7a:53:96:8d:-43,40:01:7a:53:96:8c:-43
4/9/2026 13:32,ci_lab,6c:31:0e:56:e1:25:-42,6c:31:0e:56:e1:20:-43,40:01:7a:53:96:8e:-43,40:01:7a:53:96:8d:-43,40:01:7a:53:96:8c:-43
4/9/2026 13:32,ci_lab,6c:31:0e:56:e1:25:-42,40:01:7a:53:96:80:-42,f8:0b:cb:f3:88:01:-49,f8:0b:cb:f3:88:00:-50,5c:60:ba:2c:29:05:-54
4/9/2026 13:32,ci_lab,6c:31:0e:56:e1:25:-42,40:01:7a:53:96:80:-42,f8:0b:cb:f3:88:01:-49,f8:0b:cb:f3:88:00:-50,5c:60:ba:2c:29:05:-54
4/9/2026 13:32,ci_lab,6c:31:0e:56:e1:25:-37,40:01:7a:53:96:8d:-49,f8:0b:cb:f3:88:04:-49,40:01:7a:53:96:8e:-50,2e:98:11:8b:1f:9e:-50
4/9/2026 13:32,ci_lab,6c:31:0e:56:e1:25:-37,40:01:7a:53:96:8d:-49,f8:0b:cb:f3:88:04:-49,40:01:7a:53:96:8e:-50,2e:98:11:8b:1f:9e:-50
4/9/2026 13:32,ci_lab,6c:31:0e:56:e1:25:-37,40:01:7a:53:96:8d:-49,f8:0b:cb:f3:88:04:-49,40:01:7a:53:96:8e:-50,2e:98:11:8b:1f:9e:-50
4/9/2026 13:33,ci_lab,6c:31:0e:56:e1:25:-41,6c:31:0e:56:e1:2d:-50,6c:31:0e:56:e1:2b:-51,6c:31:0e:56:e1:2a:-51,6c:31:0e:56:e1:2c:-51
4/9/2026 13:33,ci_lab,6c:31:0e:56:e1:25:-41,6c:31:0e:56:e1:2d:-50,6c:31:0e:56:e1:2b:-51,6c:31:0e:56:e1:2a:-51,6c:31:0e:56:e1:2c:-51
4/9/2026 13:33,midas_lab,f8:0b:cb:f3:88:01:-37,40:01:7a:53:97:24:-48,40:01:7a:53:97:23:-48,40:01:7a:53:97:22:-48,40:01:7a:53:97:21:-48
4/9/2026 13:33,midas_lab,f8:0b:cb:f3:88:00:-40,40:01:7a:53:96:80:-49,40:01:7a:53:96:8e:-59,40:01:7a:53:96:8d:-59,40:01:7a:53:96:8c:-59
4/9/2026 13:33,midas_lab,f8:0b:cb:f3:88:00:-35,f8:0b:cb:f3:88:01:-35,f8:0b:cb:f3:88:0e:-43,f8:0b:cb:f3:88:0a:-44,f8:0b:cb:f3:88:0b:-44
4/9/2026 13:33,midas_lab,f8:0b:cb:f3:88:05:-24,f8:0b:cb:f3:88:04:-27,40:01:7a:53:96:85:-44,f8:0b:cb:f3:88:0a:-47,f8:0b:cb:f3:88:0b:-48
4/9/2026 13:34,midas_lab,f8:0b:cb:f3:88:00:-25,f8:0b:cb:f3:88:0b:-38,f8:0b:cb:f3:88:0d:-38,f8:0b:cb:f3:88:0e:-38,f8:0b:cb:f3:88:0f:-38
4/9/2026 13:34,midas_lab,f8:0b:cb:f3:88:00:-25,f8:0b:cb:f3:88:0b:-38,f8:0b:cb:f3:88:0d:-38,f8:0b:cb:f3:88:0e:-38,f8:0b:cb:f3:88:0f:-38
4/9/2026 13:34,midas_lab,f8:0b:cb:f3:88:00:-26,f8:0b:cb:f3:88:0a:-40,f8:0b:cb:f3:88:0b:-40,f8:0b:cb:f3:88:0c:-40,f8:0b:cb:f3:88:0e:-40
4/9/2026 13:34,midas_lab,f8:0b:cb:f3:88:00:-31,f8:0b:cb:f3:88:01:-31,6c:31:0e:56:e1:25:-52,f8:0b:cb:f3:88:0e:-58,f8:0b:cb:f3:88:0f:-58
4/9/2026 13:34,midas_lab,40:01:7a:53:97:24:-46,40:01:7a:53:97:21:-46,40:01:7a:53:97:25:-46,40:01:7a:53:97:20:-47,40:01:7a:53:97:23:-47
4/9/2026 13:34,midas_lab,f8:0b:cb:f3:88:00:-33,f8:0b:cb:f3:88:01:-33,f8:0b:cb:f3:88:0a:-48,f8:0b:cb:f3:88:0d:-48,f8:0b:cb:f3:88:0e:-48
4/9/2026 13:34,midas_lab,f8:0b:cb:f3:88:00:-33,f8:0b:cb:f3:88:01:-33,f8:0b:cb:f3:88:0a:-48,f8:0b:cb:f3:88:0d:-48,f8:0b:cb:f3:88:0e:-48
4/9/2026 13:34,midas_lab,40:01:7a:53:97:23:-45,40:01:7a:53:97:22:-45,40:01:7a:53:97:20:-46,40:01:7a:53:97:24:-46,40:01:7a:53:97:21:-46
4/9/2026 13:34,midas_lab,40:01:7a:53:97:23:-45,40:01:7a:53:97:22:-45,40:01:7a:53:97:20:-46,40:01:7a:53:97:24:-46,40:01:7a:53:97:21:-46
4/9/2026 13:34,midas_lab,f8:0b:cb:f3:88:00:-44,40:01:7a:53:96:80:-47,f8:0b:cb:f3:88:0b:-48,f8:0b:cb:f3:88:0c:-48,f8:0b:cb:f3:88:0d:-48
4/9/2026 13:34,midas_lab,f8:0b:cb:f3:88:00:-44,40:01:7a:53:96:80:-47,f8:0b:cb:f3:88:0b:-48,f8:0b:cb:f3:88:0c:-48,f8:0b:cb:f3:88:0d:-48
4/9/2026 13:34,midas_lab,f8:0b:cb:f3:88:00:-30,f8:0b:cb:f3:88:0a:-50,f8:0b:cb:f3:88:0e:-50,f8:0b:cb:f3:88:0f:-50,6c:31:0e:56:e1:25:-50
4/9/2026 13:34,midas_lab,f8:0b:cb:f3:88:01:-27,f8:0b:cb:f3:88:0a:-45,f8:0b:cb:f3:88:0b:-45,f8:0b:cb:f3:88:0c:-45,f8:0b:cb:f3:88:0d:-45
4/9/2026 13:34,midas_lab,f8:0b:cb:f3:88:01:-27,f8:0b:cb:f3:88:0a:-45,f8:0b:cb:f3:88:0b:-45,f8:0b:cb:f3:88:0c:-45,f8:0b:cb:f3:88:0d:-45
4/9/2026 13:35,midas_lab,f8:0b:cb:f3:88:00:-33,f8:0b:cb:f3:88:01:-33,f8:0b:cb:f3:88:0b:-39,f8:0b:cb:f3:88:0c:-39,f8:0b:cb:f3:88:0d:-39
4/9/2026 13:35,midas_lab,f8:0b:cb:f3:88:00:-28,f8:0b:cb:f3:88:01:-28,f8:0b:cb:f3:88:0d:-48,6c:31:0e:56:e1:25:-48,f8:0b:cb:f3:88:0a:-49
4/9/2026 13:35,midas_lab,f8:0b:cb:f3:88:0d:-45,f8:0b:cb:f3:88:0e:-45,f8:0b:cb:f3:88:0f:-45,f8:0b:cb:f3:88:0a:-46,f8:0b:cb:f3:88:0b:-46
4/9/2026 13:35,midas_lab,f8:0b:cb:f3:88:00:-30,f8:0b:cb:f3:88:0a:-47,f8:0b:cb:f3:88:0b:-48,f8:0b:cb:f3:88:0c:-48,f8:0b:cb:f3:88:0d:-48
4/9/2026 13:35,midas_lab,f8:0b:cb:f3:88:00:-37,f8:0b:cb:f3:88:01:-37,f8:0b:cb:f3:88:0a:-45,f8:0b:cb:f3:88:0b:-45,f8:0b:cb:f3:88:0c:-45
4/9/2026 13:36,hmi_lab,40:01:7a:53:97:25:-41,f8:0b:cb:f3:88:0a:-55,f8:0b:cb:f3:88:0b:-55,f8:0b:cb:f3:88:0c:-55,f8:0b:cb:f3:88:0d:-55
4/9/2026 13:36,hmi_lab,40:01:7a:53:97:2d:-44,40:01:7a:53:97:2c:-44,40:01:7a:53:97:2b:-44,40:01:7a:53:97:2a:-44,40:01:7a:53:97:2f:-44
4/9/2026 13:36,hmi_lab,f8:0b:cb:f3:88:05:-37,40:01:7a:53:97:23:-39,40:01:7a:53:97:22:-39,40:01:7a:53:97:21:-39,40:01:7a:53:97:25:-39
4/9/2026 13:36,hmi_lab,40:01:7a:53:97:20:-37,40:01:7a:53:97:24:-37,40:01:7a:53:97:22:-37,40:01:7a:53:97:25:-37,40:01:7a:53:97:23:-39
4/9/2026 13:36,hmi_lab,40:01:7a:53:97:20:-36,40:01:7a:53:97:24:-36,40:01:7a:53:97:23:-36,40:01:7a:53:97:22:-36,40:01:7a:53:97:21:-37
4/9/2026 13:36,hmi_lab,40:01:7a:53:97:20:-36,40:01:7a:53:97:22:-36,40:01:7a:53:97:21:-36,40:01:7a:53:97:2a:-39,40:01:7a:53:97:2d:-40
4/9/2026 13:36,hmi_lab,40:01:7a:53:97:24:-35,40:01:7a:53:97:25:-35,40:01:7a:53:97:2d:-43,40:01:7a:53:97:2c:-43,40:01:7a:53:97:2b:-43
4/9/2026 13:36,hmi_lab,40:01:7a:53:97:24:-35,40:01:7a:53:97:25:-35,40:01:7a:53:97:2d:-43,40:01:7a:53:97:2c:-43,40:01:7a:53:97:2b:-43
4/9/2026 13:36,hmi_lab,40:01:7a:53:97:24:-35,40:01:7a:53:97:25:-35,40:01:7a:53:97:2d:-43,40:01:7a:53:97:2c:-43,40:01:7a:53:97:2b:-43
4/9/2026 13:36,hmi_lab,40:01:7a:53:97:24:-35,40:01:7a:53:97:25:-35,40:01:7a:53:97:2d:-43,40:01:7a:53:97:2c:-43,40:01:7a:53:97:2b:-43
4/9/2026 13:37,hmi_lab,40:01:7a:53:97:2d:-39,40:01:7a:53:97:2b:-39,40:01:7a:53:97:2a:-39,40:01:7a:53:97:2f:-39,40:01:7a:53:97:2e:-39
4/9/2026 13:37,hmi_lab,40:01:7a:53:97:24:-33,40:01:7a:53:97:25:-33,40:01:7a:53:97:2d:-47,40:01:7a:53:97:2b:-47,40:01:7a:53:97:2a:-47
4/9/2026 13:37,hmi_lab,40:01:7a:53:97:24:-33,40:01:7a:53:97:25:-33,40:01:7a:53:97:2d:-47,40:01:7a:53:97:2b:-47,40:01:7a:53:97:2a:-47
4/9/2026 13:37,hmi_lab,40:01:7a:53:97:23:-23,40:01:7a:53:97:20:-25,40:01:7a:53:97:22:-25,40:01:7a:53:97:21:-25,40:01:7a:53:97:24:-26
4/9/2026 13:37,hmi_lab,40:01:7a:53:97:23:-23,40:01:7a:53:97:20:-25,40:01:7a:53:97:22:-25,40:01:7a:53:97:21:-25,40:01:7a:53:97:24:-26
4/9/2026 13:37,hmi_lab,40:01:7a:53:97:2f:-43,40:01:7a:53:97:2e:-44,40:01:7a:53:97:2d:-45,40:01:7a:53:97:2c:-45,40:01:7a:53:97:2b:-45
4/9/2026 13:37,hmi_lab,40:01:7a:53:97:2f:-43,40:01:7a:53:97:2e:-44,40:01:7a:53:97:2d:-45,40:01:7a:53:97:2c:-45,40:01:7a:53:97:2b:-45
4/9/2026 13:37,hmi_lab,40:01:7a:53:97:2d:-43,40:01:7a:53:97:2c:-43,40:01:7a:53:97:2b:-43,40:01:7a:53:97:2a:-43,40:01:7a:53:97:2f:-43
4/9/2026 13:37,hmi_lab,f8:0b:cb:f3:88:00:-49,f8:0b:cb:f3:88:01:-49,40:01:7a:53:97:2b:-57,40:01:7a:53:97:2a:-57,40:01:7a:53:97:2d:-58
4/9/2026 13:37,hmi_lab,f8:0b:cb:f3:88:00:-49,f8:0b:cb:f3:88:01:-49,40:01:7a:53:97:2b:-57,40:01:7a:53:97:2a:-57,40:01:7a:53:97:2d:-58
4/9/2026 13:37,hmi_lab,40:01:7a:53:97:25:-37,32:13:8b:51:cc:00:-56,6c:31:0e:56:e1:25:-57,40:01:7a:53:97:2d:-58,40:01:7a:53:97:2c:-58
4/9/2026 13:38,washroom,b8:11:4b:c9:d8:ad:-68,b8:11:4b:c9:d8:ac:-68,b8:11:4b:c9:d8:ab:-68,b8:11:4b:c9:d8:aa:-68,b8:11:4b:c9:d8:af:-68
4/9/2026 13:38,washroom,b8:11:4b:c9:d8:ad:-68,b8:11:4b:c9:d8:ac:-68,b8:11:4b:c9:d8:ab:-68,b8:11:4b:c9:d8:aa:-68,b8:11:4b:c9:d8:af:-68
4/9/2026 13:38,washroom,f8:0b:cb:f3:88:02:-71,40:01:7a:53:97:23:-72,f8:0b:cb:f3:88:05:-72,40:01:7a:53:97:24:-73,40:01:7a:53:97:25:-73
4/9/2026 13:38,washroom,f8:0b:cb:f3:88:02:-71,40:01:7a:53:97:23:-72,f8:0b:cb:f3:88:05:-72,40:01:7a:53:97:24:-73,40:01:7a:53:97:25:-73
4/9/2026 13:38,washroom,f8:0b:cb:f3:88:02:-71,40:01:7a:53:97:23:-72,f8:0b:cb:f3:88:05:-72,40:01:7a:53:97:24:-73,40:01:7a:53:97:25:-73
4/9/2026 13:38,washroom,4c:06:17:74:64:89:-75,40:01:7a:53:97:25:-76,4c:06:17:74:64:8d:-81,,
4/9/2026 13:38,washroom,4c:06:17:74:64:89:-75,40:01:7a:53:97:25:-76,4c:06:17:74:64:8d:-81,,
4/9/2026 13:38,washroom,b8:11:4b:c9:d8:a3:-60,b8:11:4b:c9:d8:a0:-60,b8:11:4b:c9:d8:a4:-61,b8:11:4b:c9:d8:a2:-61,b8:11:4b:c9:d8:a1:-61
4/9/2026 13:38,washroom,b8:11:4b:c9:d8:a3:-60,b8:11:4b:c9:d8:a0:-60,b8:11:4b:c9:d8:a4:-61,b8:11:4b:c9:d8:a2:-61,b8:11:4b:c9:d8:a1:-61
4/9/2026 13:38,washroom,b8:11:4b:c9:d8:a5:-55,4c:06:17:74:64:8d:-69,40:01:7a:53:97:25:-73,f8:0b:cb:f3:88:00:-74,40:01:7a:53:97:24:-74
4/9/2026 13:38,washroom,b8:11:4b:c9:d8:a5:-55,4c:06:17:74:64:8d:-69,40:01:7a:53:97:25:-73,f8:0b:cb:f3:88:00:-74,40:01:7a:53:97:24:-74
4/9/2026 13:38,washroom,b8:11:4b:c9:d8:a5:-55,4c:06:17:74:64:8d:-69,40:01:7a:53:97:25:-73,f8:0b:cb:f3:88:00:-74,40:01:7a:53:97:24:-74
4/9/2026 13:38,washroom,b8:11:4b:c9:d8:a5:-55,b8:11:4b:c9:d8:ad:-65,b8:11:4b:c9:d8:ac:-66,b8:11:4b:c9:d8:ab:-66,b8:11:4b:c9:d8:aa:-66
4/9/2026 13:38,washroom,b8:11:4b:c9:d8:a5:-55,b8:11:4b:c9:d8:ad:-65,b8:11:4b:c9:d8:ac:-66,b8:11:4b:c9:d8:ab:-66,b8:11:4b:c9:d8:aa:-66
4/9/2026 13:38,washroom,b8:11:4b:c9:d8:a5:-55,b8:11:4b:c9:d8:ad:-65,b8:11:4b:c9:d8:ac:-66,b8:11:4b:c9:d8:ab:-66,b8:11:4b:c9:d8:aa:-66
4/9/2026 13:38,washroom,b8:11:4b:c9:d8:a5:-58,b8:11:4b:c9:d8:ac:-72,b8:11:4b:c9:d8:ab:-72,b8:11:4b:c9:d8:aa:-72,b8:11:4b:c9:d8:af:-72
4/9/2026 13:39,washroom,b8:11:4b:c9:d8:a5:-58,b8:11:4b:c9:d8:ac:-72,b8:11:4b:c9:d8:ab:-72,b8:11:4b:c9:d8:aa:-72,b8:11:4b:c9:d8:af:-72
4/9/2026 13:39,washroom,b8:11:4b:c9:d8:a5:-58,b8:11:4b:c9:d8:ac:-72,b8:11:4b:c9:d8:ab:-72,b8:11:4b:c9:d8:aa:-72,b8:11:4b:c9:d8:af:-72
4/9/2026 13:39,washroom,b8:11:4b:c9:d8:a5:-58,b8:11:4b:c9:d8:ad:-69,b8:11:4b:c9:d8:ab:-69,b8:11:4b:c9:d8:aa:-69,b8:11:4b:c9:d8:af:-69
4/9/2026 13:39,washroom,b8:11:4b:c9:d8:a5:-58,b8:11:4b:c9:d8:ad:-69,b8:11:4b:c9:d8:ab:-69,b8:11:4b:c9:d8:aa:-69,b8:11:4b:c9:d8:af:-69
4/9/2026 13:39,washroom,b8:11:4b:c9:d8:a5:-59,b8:11:4b:c9:d8:ad:-71,b8:11:4b:c9:d8:ac:-71,b8:11:4b:c9:d8:ab:-71,b8:11:4b:c9:d8:aa:-71
4/9/2026 14:01,open-area,ba:9d:95:b6:1c:26:-39,30:8b:b2:61:de:0b:-51,30:8b:b2:61:de:0e:-51,30:8b:b2:61:de:0f:-51,30:8b:b2:61:de:0c:-51
4/9/2026 14:02,open-area,30:8b:b2:61:de:0a:-55,30:8b:b2:61:de:0e:-55,72:7f:f0:12:cf:83:-56,30:8b:b2:61:de:0b:-56,30:8b:b2:61:de:0f:-56
4/9/2026 14:02,open-area,30:8b:b2:61:de:0a:-55,30:8b:b2:61:de:0e:-55,72:7f:f0:12:cf:83:-56,30:8b:b2:61:de:0b:-56,30:8b:b2:61:de:0f:-56
4/9/2026 14:02,open-area,30:8b:b2:61:de:0a:-55,30:8b:b2:61:de:0e:-55,72:7f:f0:12:cf:83:-56,30:8b:b2:61:de:0b:-56,30:8b:b2:61:de:0f:-56
4/9/2026 14:02,open-area,30:8b:b2:61:de:0a:-47,72:7f:f0:12:cf:80:-49,72:7f:f0:12:cf:83:-50,30:8b:b2:61:de:0b:-54,30:8b:b2:61:de:0e:-54
4/9/2026 14:02,open-area,30:8b:b2:61:de:0a:-47,72:7f:f0:12:cf:80:-49,72:7f:f0:12:cf:83:-50,30:8b:b2:61:de:0b:-54,30:8b:b2:61:de:0e:-54
4/9/2026 14:02,open-area,ba:9d:95:b6:1c:26:-42,30:8b:b2:61:de:0a:-53,72:7f:f0:12:cf:83:-55,72:7f:f0:12:cf:80:-56,30:8b:b2:61:de:0b:-58
4/9/2026 14:02,open-area,ba:9d:95:b6:1c:26:-42,30:8b:b2:61:de:0a:-53,72:7f:f0:12:cf:83:-55,72:7f:f0:12:cf:80:-56,30:8b:b2:61:de:0b:-58
4/9/2026 14:02,open-area,ba:9d:95:b6:1c:26:-42,30:8b:b2:61:de:0a:-53,72:7f:f0:12:cf:83:-55,72:7f:f0:12:cf:80:-56,30:8b:b2:61:de:0b:-58
4/9/2026 14:02,open-area,ba:9d:95:b6:1c:26:-42,72:7f:f0:12:cf:83:-52,30:8b:b2:61:de:0a:-54,30:8b:b2:61:de:0b:-57,30:8b:b2:61:de:0e:-57
4/9/2026 14:02,open-area,ba:9d:95:b6:1c:26:-42,72:7f:f0:12:cf:83:-52,30:8b:b2:61:de:0a:-54,30:8b:b2:61:de:0b:-57,30:8b:b2:61:de:0e:-57
4/9/2026 14:02,open-area,ba:9d:95:b6:1c:26:-42,72:7f:f0:12:cf:83:-52,30:8b:b2:61:de:0a:-54,30:8b:b2:61:de:0b:-57,30:8b:b2:61:de:0e:-57
4/9/2026 14:02,open-area,ba:9d:95:b6:1c:26:-48,72:7f:f0:12:cf:80:-51,72:7f:f0:12:cf:83:-52,30:8b:b2:61:de:0b:-52,30:8b:b2:61:de:0e:-52
4/9/2026 14:02,open-area,ba:9d:95:b6:1c:26:-48,72:7f:f0:12:cf:80:-51,72:7f:f0:12:cf:83:-52,30:8b:b2:61:de:0b:-52,30:8b:b2:61:de:0e:-52
4/9/2026 14:02,open-area,ba:9d:95:b6:1c:26:-48,72:7f:f0:12:cf:80:-51,72:7f:f0:12:cf:83:-52,30:8b:b2:61:de:0b:-52,30:8b:b2:61:de:0e:-52
4/9/2026 14:02,open-area,30:8b:b2:61:de:0b:-54,30:8b:b2:61:de:0c:-54,30:8b:b2:61:de:0d:-54,30:8b:b2:61:de:0e:-55,30:8b:b2:61:de:0f:-55
4/9/2026 14:02,open-area,76:7f:f0:12:cf:81:-57,76:7f:f0:12:cf:84:-57,76:7f:f0:12:cf:85:-57,30:8b:b2:61:de:0b:-61,30:8b:b2:61:de:0e:-61
4/9/2026 14:02,open-area,76:7f:f0:12:cf:81:-57,76:7f:f0:12:cf:84:-57,76:7f:f0:12:cf:85:-57,30:8b:b2:61:de:0b:-61,30:8b:b2:61:de:0e:-61
4/9/2026 14:02,open-area,76:7f:f0:12:cf:81:-57,76:7f:f0:12:cf:84:-57,76:7f:f0:12:cf:85:-57,30:8b:b2:61:de:0b:-61,30:8b:b2:61:de:0e:-61
4/9/2026 14:02,open-area,ba:9d:95:b6:1c:26:-54,30:8b:b2:61:de:0a:-58,30:8b:b2:61:de:0b:-59,76:7f:f0:12:cf:81:-59,30:8b:b2:61:de:0e:-59
4/9/2026 14:02,open-area,ba:9d:95:b6:1c:26:-54,30:8b:b2:61:de:0a:-58,30:8b:b2:61:de:0b:-59,76:7f:f0:12:cf:81:-59,30:8b:b2:61:de:0e:-59
4/9/2026 14:02,open-area,ba:9d:95:b6:1c:26:-54,30:8b:b2:61:de:0a:-58,30:8b:b2:61:de:0b:-59,76:7f:f0:12:cf:81:-59,30:8b:b2:61:de:0e:-59
4/9/2026 14:02,open-area,30:8b:b2:61:de:0a:-52,72:7f:f0:12:cf:83:-58,30:8b:b2:61:de:0f:-58,30:8b:b2:61:de:0c:-58,30:8b:b2:61:de:0b:-59
4/9/2026 14:02,open-area,30:8b:b2:61:de:0a:-52,72:7f:f0:12:cf:83:-58,30:8b:b2:61:de:0f:-58,30:8b:b2:61:de:0c:-58,30:8b:b2:61:de:0b:-59
4/9/2026 14:03,open-area,ba:9d:95:b6:1c:26:-54,76:7f:f0:12:cf:81:-57,76:7f:f0:12:cf:84:-57,76:7f:f0:12:cf:85:-57,30:8b:b2:61:de:0a:-58
4/9/2026 14:03,open-area,30:8b:b2:61:de:0f:-46,30:8b:b2:61:de:0d:-46,30:8b:b2:61:de:0b:-47,30:8b:b2:61:de:0e:-47,30:8b:b2:61:de:0c:-47
4/9/2026 14:03,open-area,30:8b:b2:61:de:0a:-48,30:8b:b2:61:de:0e:-50,30:8b:b2:61:de:0f:-51,30:8b:b2:61:de:0d:-51,30:8b:b2:61:de:0b:-52
4/9/2026 14:03,open-area,30:8b:b2:61:de:0a:-48,30:8b:b2:61:de:0e:-50,30:8b:b2:61:de:0f:-51,30:8b:b2:61:de:0d:-51,30:8b:b2:61:de:0b:-52
4/9/2026 14:03,open-area,30:8b:b2:61:de:0a:-48,30:8b:b2:61:de:0e:-50,30:8b:b2:61:de:0f:-51,30:8b:b2:61:de:0d:-51,30:8b:b2:61:de:0b:-52
4/9/2026 14:03,open-area,ba:9d:95:b6:1c:26:-54,30:8b:b2:61:de:0e:-55,30:8b:b2:61:de:0b:-56,30:8b:b2:61:de:0f:-56,30:8b:b2:61:de:0c:-56
4/9/2026 14:03,open-area,ba:9d:95:b6:1c:26:-54,30:8b:b2:61:de:0e:-55,30:8b:b2:61:de:0b:-56,30:8b:b2:61:de:0f:-56,30:8b:b2:61:de:0c:-56
4/9/2026 14:03,open-area,ba:9d:95:b6:1c:26:-54,30:8b:b2:61:de:0e:-55,30:8b:b2:61:de:0b:-56,30:8b:b2:61:de:0f:-56,30:8b:b2:61:de:0c:-56
4/9/2026 14:03,open-area,72:7f:f0:12:cf:80:-49,30:8b:b2:61:de:0b:-51,30:8b:b2:61:de:0e:-51,30:8b:b2:61:de:0f:-51,30:8b:b2:61:de:0a:-52
4/9/2026 14:04,open-area,ba:9d:95:b6:1c:26:-49,72:7f:f0:12:cf:83:-61,72:7f:f0:12:cf:80:-62,30:8b:b2:61:de:0b:-63,30:8b:b2:61:de:0e:-63
4/9/2026 14:05,design-studio,40:01:7a:53:96:85:-56,40:01:7a:53:96:84:-56,40:01:7a:53:96:83:-56,40:01:7a:53:96:82:-56,30:8b:b2:61:de:0a:-60
4/9/2026 14:05,design-studio,40:01:7a:53:96:85:-56,40:01:7a:53:96:84:-56,40:01:7a:53:96:83:-56,40:01:7a:53:96:82:-56,30:8b:b2:61:de:0a:-60
4/9/2026 14:05,design-studio,30:8b:b2:61:de:0a:-54,72:7f:f0:12:cf:80:-56,f8:0b:cb:f3:88:00:-58,30:8b:b2:61:de:0f:-60,30:8b:b2:61:de:0e:-61
4/9/2026 14:05,design-studio,30:8b:b2:61:de:0a:-54,72:7f:f0:12:cf:80:-56,f8:0b:cb:f3:88:00:-58,30:8b:b2:61:de:0f:-60,30:8b:b2:61:de:0e:-61
4/9/2026 14:05,design-studio,30:8b:b2:61:de:0f:-53,30:8b:b2:61:de:0b:-54,30:8b:b2:61:de:0e:-54,30:8b:b2:61:de:0c:-54,30:8b:b2:61:de:0d:-54
4/9/2026 14:05,design-studio,30:8b:b2:61:de:0f:-53,30:8b:b2:61:de:0b:-54,30:8b:b2:61:de:0e:-54,30:8b:b2:61:de:0c:-54,30:8b:b2:61:de:0d:-54
4/9/2026 14:05,design-studio,30:8b:b2:61:de:0a:-48,30:8b:b2:61:de:0e:-62,30:8b:b2:61:de:0d:-62,30:8b:b2:61:de:0b:-63,30:8b:b2:61:de:0f:-63
4/9/2026 14:05,design-studio,30:8b:b2:61:de:0a:-53,30:8b:b2:61:de:0b:-53,30:8b:b2:61:de:0e:-53,30:8b:b2:61:de:0f:-53,30:8b:b2:61:de:0c:-53
4/9/2026 14:06,design-studio,30:8b:b2:61:de:0a:-53,30:8b:b2:61:de:0b:-53,30:8b:b2:61:de:0e:-53,30:8b:b2:61:de:0f:-53,30:8b:b2:61:de:0c:-53
4/9/2026 14:06,design-studio,30:8b:b2:61:de:0f:-46,30:8b:b2:61:de:0b:-48,30:8b:b2:61:de:0e:-48,30:8b:b2:61:de:0c:-48,30:8b:b2:61:de:0d:-49
4/9/2026 14:06,design-studio,30:8b:b2:61:de:0f:-46,30:8b:b2:61:de:0b:-48,30:8b:b2:61:de:0e:-48,30:8b:b2:61:de:0c:-48,30:8b:b2:61:de:0d:-49
4/9/2026 14:06,design-studio,6c:31:0e:56:e1:2f:-52,6c:31:0e:56:e1:2e:-53,40:01:7a:53:96:85:-58,40:01:7a:53:96:84:-58,40:01:7a:53:96:82:-58
4/9/2026 14:06,design-studio,6c:31:0e:56:e1:2f:-52,6c:31:0e:56:e1:2e:-53,40:01:7a:53:96:85:-58,40:01:7a:53:96:84:-58,40:01:7a:53:96:82:-58
4/9/2026 14:06,design-studio,6c:31:0e:56:e1:2b:-55,6c:31:0e:56:e1:2a:-55,6c:31:0e:56:e1:2d:-55,6c:31:0e:56:e1:2c:-55,6c:31:0e:56:e1:2f:-55
4/9/2026 14:06,design-studio,6c:31:0e:56:e1:2b:-55,6c:31:0e:56:e1:2a:-55,6c:31:0e:56:e1:2d:-55,6c:31:0e:56:e1:2c:-55,6c:31:0e:56:e1:2f:-55
4/9/2026 14:06,design-studio,6c:31:0e:56:e1:2b:-55,6c:31:0e:56:e1:2a:-55,6c:31:0e:56:e1:2d:-55,6c:31:0e:56:e1:2c:-55,6c:31:0e:56:e1:2f:-55
4/9/2026 14:06,design-studio,6c:31:0e:56:e1:2b:-55,6c:31:0e:56:e1:2a:-55,6c:31:0e:56:e1:2d:-55,6c:31:0e:56:e1:2c:-55,6c:31:0e:56:e1:2f:-55
4/17/2026 0:45,A401,6c:31:0e:56:e1:2b:-34,6c:31:0e:56:e1:2a:-34,6c:31:0e:56:e1:2d:-34,6c:31:0e:56:e1:2c:-34,6c:31:0e:56:e1:2f:-34
4/17/2026 0:46,A401,6c:31:0e:56:e1:2b:-34,6c:31:0e:56:e1:2a:-34,6c:31:0e:56:e1:2d:-34,6c:31:0e:56:e1:2c:-34,6c:31:0e:56:e1:2f:-34
4/17/2026 0:46,A401,6c:31:0e:56:e1:2b:-34,6c:31:0e:56:e1:2a:-34,6c:31:0e:56:e1:2d:-34,6c:31:0e:56:e1:2c:-34,6c:31:0e:56:e1:2f:-34
4/17/2026 0:46,A401,6c:31:0e:56:e1:2b:-34,6c:31:0e:56:e1:2a:-34,6c:31:0e:56:e1:2d:-34,6c:31:0e:56:e1:2c:-34,6c:31:0e:56:e1:2f:-34
4/17/2026 0:46,A401,6c:31:0e:56:e1:2a:-33,6c:31:0e:56:e1:2d:-33,6c:31:0e:56:e1:2c:-33,6c:31:0e:56:e1:2f:-33,6c:31:0e:56:e1:2e:-33
4/17/2026 0:46,A401,6c:31:0e:56:e1:2a:-33,6c:31:0e:56:e1:2d:-33,6c:31:0e:56:e1:2c:-33,6c:31:0e:56:e1:2f:-33,6c:31:0e:56:e1:2e:-33
4/17/2026 0:46,A401,6c:31:0e:56:e1:2b:-33,6c:31:0e:56:e1:2a:-33,6c:31:0e:56:e1:2d:-33,6c:31:0e:56:e1:2c:-33,6c:31:0e:56:e1:2f:-33
4/17/2026 0:46,A401,6c:31:0e:56:e1:2b:-33,6c:31:0e:56:e1:2a:-33,6c:31:0e:56:e1:2d:-33,6c:31:0e:56:e1:2c:-33,6c:31:0e:56:e1:2f:-33
4/17/2026 0:46,A401,6c:31:0e:56:e1:20:-27,6c:31:0e:56:e1:21:-27,6c:31:0e:56:e1:2b:-33,6c:31:0e:56:e1:2c:-33,6c:31:0e:56:e1:2f:-33
4/17/2026 0:46,A401,6c:31:0e:56:e1:20:-27,6c:31:0e:56:e1:21:-27,6c:31:0e:56:e1:2b:-33,6c:31:0e:56:e1:2c:-33,6c:31:0e:56:e1:2f:-33
4/17/2026 0:46,A401,6c:31:0e:56:e1:20:-27,6c:31:0e:56:e1:21:-27,6c:31:0e:56:e1:2b:-33,6c:31:0e:56:e1:2c:-33,6c:31:0e:56:e1:2f:-33
4/17/2026 0:46,A401,6c:31:0e:56:e1:20:-27,6c:31:0e:56:e1:21:-27,6c:31:0e:56:e1:2b:-32,6c:31:0e:56:e1:2a:-32,6c:31:0e:56:e1:2d:-32
4/17/2026 0:46,A401,6c:31:0e:56:e1:20:-27,6c:31:0e:56:e1:21:-27,6c:31:0e:56:e1:2b:-32,6c:31:0e:56:e1:2a:-32,6c:31:0e:56:e1:2d:-32
4/17/2026 0:46,A401,6c:31:0e:56:e1:20:-27,6c:31:0e:56:e1:21:-27,6c:31:0e:56:e1:2b:-32,6c:31:0e:56:e1:2a:-32,6c:31:0e:56:e1:2d:-32
4/17/2026 0:46,A401,6c:31:0e:56:e1:2b:-35,6c:31:0e:56:e1:2a:-35,6c:31:0e:56:e1:2d:-35,6c:31:0e:56:e1:2c:-35,6c:31:0e:56:e1:2f:-35
4/17/2026 0:46,A401,6c:31:0e:56:e1:2b:-35,6c:31:0e:56:e1:2a:-35,6c:31:0e:56:e1:2d:-35,6c:31:0e:56:e1:2c:-35,6c:31:0e:56:e1:2f:-35
4/17/2026 0:46,A401,6c:31:0e:56:e1:2b:-35,6c:31:0e:56:e1:2a:-35,6c:31:0e:56:e1:2d:-35,6c:31:0e:56:e1:2c:-35,6c:31:0e:56:e1:2f:-35
4/17/2026 0:46,A401,6c:31:0e:56:e1:2b:-33,6c:31:0e:56:e1:2a:-33,6c:31:0e:56:e1:2d:-33,6c:31:0e:56:e1:2c:-33,6c:31:0e:56:e1:2f:-33
4/17/2026 0:46,A401,6c:31:0e:56:e1:2b:-33,6c:31:0e:56:e1:2a:-33,6c:31:0e:56:e1:2d:-33,6c:31:0e:56:e1:2c:-33,6c:31:0e:56:e1:2f:-33
4/17/2026 0:46,A401,6c:31:0e:56:e1:2b:-33,6c:31:0e:56:e1:2a:-33,6c:31:0e:56:e1:2d:-33,6c:31:0e:56:e1:2c:-33,6c:31:0e:56:e1:2f:-33
4/17/2026 0:46,A401,6c:31:0e:56:e1:2d:-39,6c:31:0e:56:e1:2c:-39,6c:31:0e:56:e1:2f:-39,6c:31:0e:56:e1:2e:-39,6c:31:0e:56:e1:2b:-41
4/17/2026 0:46,A401,6c:31:0e:56:e1:2d:-39,6c:31:0e:56:e1:2c:-39,6c:31:0e:56:e1:2f:-39,6c:31:0e:56:e1:2e:-39,6c:31:0e:56:e1:2b:-41
4/17/2026 0:46,A401,6c:31:0e:56:e1:2d:-39,6c:31:0e:56:e1:2c:-39,6c:31:0e:56:e1:2f:-39,6c:31:0e:56:e1:2e:-39,6c:31:0e:56:e1:2b:-41
4/17/2026 0:46,A401,6c:31:0e:56:e1:2a:-39,6c:31:0e:56:e1:2d:-39,6c:31:0e:56:e1:2c:-39,6c:31:0e:56:e1:2f:-39,6c:31:0e:56:e1:2e:-39
4/17/2026 0:46,A401,6c:31:0e:56:e1:2a:-39,6c:31:0e:56:e1:2d:-39,6c:31:0e:56:e1:2c:-39,6c:31:0e:56:e1:2f:-39,6c:31:0e:56:e1:2e:-39
4/17/2026 0:46,A401,6c:31:0e:56:e1:2b:-36,6c:31:0e:56:e1:2a:-36,6c:31:0e:56:e1:2d:-36,6c:31:0e:56:e1:2c:-36,6c:31:0e:56:e1:2f:-36
4/17/2026 0:47,A401,6c:31:0e:56:e1:2b:-36,6c:31:0e:56:e1:2a:-36,6c:31:0e:56:e1:2d:-36,6c:31:0e:56:e1:2c:-36,6c:31:0e:56:e1:2f:-36
4/17/2026 0:47,A401,6c:31:0e:56:e1:2b:-36,6c:31:0e:56:e1:2a:-36,6c:31:0e:56:e1:2d:-36,6c:31:0e:56:e1:2c:-36,6c:31:0e:56:e1:2f:-36
4/17/2026 0:47,A401,6c:31:0e:56:e1:25:-35,6c:31:0e:56:e1:2b:-43,6c:31:0e:56:e1:2a:-43,6c:31:0e:56:e1:2d:-43,6c:31:0e:56:e1:2c:-43
4/17/2026 0:47,A401,6c:31:0e:56:e1:25:-35,6c:31:0e:56:e1:2b:-43,6c:31:0e:56:e1:2a:-43,6c:31:0e:56:e1:2d:-43,6c:31:0e:56:e1:2c:-43
4/17/2026 0:47,A401,6c:31:0e:56:e1:25:-35,6c:31:0e:56:e1:2b:-43,6c:31:0e:56:e1:2a:-43,6c:31:0e:56:e1:2d:-43,6c:31:0e:56:e1:2c:-43
4/17/2026 0:47,A401,6c:31:0e:56:e1:2d:-43,6c:31:0e:56:e1:2b:-44,6c:31:0e:56:e1:2a:-44,6c:31:0e:56:e1:2c:-44,6c:31:0e:56:e1:2f:-44
4/17/2026 0:47,A401,6c:31:0e:56:e1:2d:-43,6c:31:0e:56:e1:2b:-44,6c:31:0e:56:e1:2a:-44,6c:31:0e:56:e1:2c:-44,6c:31:0e:56:e1:2f:-44
4/17/2026 0:47,A401,6c:31:0e:56:e1:2d:-43,6c:31:0e:56:e1:2b:-44,6c:31:0e:56:e1:2a:-44,6c:31:0e:56:e1:2c:-44,6c:31:0e:56:e1:2f:-44
4/17/2026 0:47,A401,6c:31:0e:56:e1:2b:-37,6c:31:0e:56:e1:2a:-37,6c:31:0e:56:e1:2c:-37,6c:31:0e:56:e1:2f:-37,6c:31:0e:56:e1:2e:-37
4/17/2026 0:47,A401,6c:31:0e:56:e1:2b:-37,6c:31:0e:56:e1:2a:-37,6c:31:0e:56:e1:2c:-37,6c:31:0e:56:e1:2f:-37,6c:31:0e:56:e1:2e:-37
4/17/2026 0:47,A401,6c:31:0e:56:e1:2b:-37,6c:31:0e:56:e1:2a:-37,6c:31:0e:56:e1:2c:-37,6c:31:0e:56:e1:2f:-37,6c:31:0e:56:e1:2e:-37
4/17/2026 0:47,A401,6c:31:0e:56:e1:2b:-37,6c:31:0e:56:e1:2a:-37,6c:31:0e:56:e1:2c:-37,6c:31:0e:56:e1:2f:-37,6c:31:0e:56:e1:2e:-37
4/17/2026 0:47,A401,6c:31:0e:56:e1:20:-33,6c:31:0e:56:e1:21:-33,6c:31:0e:56:e1:2b:-37,6c:31:0e:56:e1:2a:-37,6c:31:0e:56:e1:2d:-37
4/17/2026 0:47,A401,6c:31:0e:56:e1:20:-33,6c:31:0e:56:e1:21:-33,6c:31:0e:56:e1:2b:-37,6c:31:0e:56:e1:2a:-37,6c:31:0e:56:e1:2d:-37
4/17/2026 0:47,A401,6c:31:0e:56:e1:20:-33,6c:31:0e:56:e1:21:-33,6c:31:0e:56:e1:2b:-37,6c:31:0e:56:e1:2a:-37,6c:31:0e:56:e1:2d:-37
4/17/2026 0:47,A401,6c:31:0e:56:e1:20:-33,6c:31:0e:56:e1:21:-33,6c:31:0e:56:e1:2b:-37,6c:31:0e:56:e1:2a:-37,6c:31:0e:56:e1:2d:-37
4/17/2026 0:47,A401,6c:31:0e:56:e1:21:-31,6c:31:0e:56:e1:20:-32,6c:31:0e:56:e1:2b:-46,6c:31:0e:56:e1:2a:-46,6c:31:0e:56:e1:2d:-46
4/17/2026 0:47,A401,6c:31:0e:56:e1:21:-31,6c:31:0e:56:e1:20:-32,6c:31:0e:56:e1:2b:-46,6c:31:0e:56:e1:2a:-46,6c:31:0e:56:e1:2d:-46
4/17/2026 0:47,A401,6c:31:0e:56:e1:21:-32,6c:31:0e:56:e1:2b:-38,6c:31:0e:56:e1:2a:-38,6c:31:0e:56:e1:2c:-38,6c:31:0e:56:e1:2f:-38
4/17/2026 0:47,A401,6c:31:0e:56:e1:2d:-40,6c:31:0e:56:e1:2c:-40,6c:31:0e:56:e1:2b:-42,6c:31:0e:56:e1:2a:-42,6c:31:0e:56:e1:2f:-42
4/17/2026 0:47,A401,6c:31:0e:56:e1:2d:-40,6c:31:0e:56:e1:2c:-40,6c:31:0e:56:e1:2b:-42,6c:31:0e:56:e1:2a:-42,6c:31:0e:56:e1:2f:-42
4/17/2026 0:47,A401,6c:31:0e:56:e1:2b:-42,6c:31:0e:56:e1:2a:-42,6c:31:0e:56:e1:2d:-42,6c:31:0e:56:e1:2c:-42,6c:31:0e:56:e1:2f:-42
4/17/2026 0:47,A401,6c:31:0e:56:e1:2b:-42,6c:31:0e:56:e1:2a:-42,6c:31:0e:56:e1:2d:-42,6c:31:0e:56:e1:2c:-42,6c:31:0e:56:e1:2f:-42
4/17/2026 0:47,A401,6c:31:0e:56:e1:20:-34,6c:31:0e:56:e1:21:-34,6c:31:0e:56:e1:2f:-44,6c:31:0e:56:e1:2e:-44,6c:31:0e:56:e1:2b:-45
4/17/2026 0:47,A401,6c:31:0e:56:e1:20:-34,6c:31:0e:56:e1:21:-34,6c:31:0e:56:e1:2f:-44,6c:31:0e:56:e1:2e:-44,6c:31:0e:56:e1:2b:-45
4/17/2026 0:47,A401,6c:31:0e:56:e1:20:-34,6c:31:0e:56:e1:21:-34,6c:31:0e:56:e1:2f:-44,6c:31:0e:56:e1:2e:-44,6c:31:0e:56:e1:2b:-45
4/17/2026 0:47,A401,6c:31:0e:56:e1:2a:-42,6c:31:0e:56:e1:2b:-44,6c:31:0e:56:e1:2d:-44,6c:31:0e:56:e1:2c:-44,6c:31:0e:56:e1:2f:-44
4/17/2026 0:48,A401,6c:31:0e:56:e1:2a:-42,6c:31:0e:56:e1:2b:-44,6c:31:0e:56:e1:2d:-44,6c:31:0e:56:e1:2c:-44,6c:31:0e:56:e1:2f:-44
4/17/2026 0:48,A401,6c:31:0e:56:e1:2a:-42,6c:31:0e:56:e1:2b:-44,6c:31:0e:56:e1:2d:-44,6c:31:0e:56:e1:2c:-44,6c:31:0e:56:e1:2f:-44
4/17/2026 0:48,A401,6c:31:0e:56:e1:2b:-42,6c:31:0e:56:e1:2e:-42,6c:31:0e:56:e1:2d:-43,6c:31:0e:56:e1:2c:-43,6c:31:0e:56:e1:2a:-44
4/17/2026 0:48,A401,6c:31:0e:56:e1:2b:-42,6c:31:0e:56:e1:2e:-42,6c:31:0e:56:e1:2d:-43,6c:31:0e:56:e1:2c:-43,6c:31:0e:56:e1:2a:-44
4/17/2026 0:48,A401,6c:31:0e:56:e1:2b:-41,6c:31:0e:56:e1:2a:-41,6c:31:0e:56:e1:2d:-41,6c:31:0e:56:e1:2f:-41,6c:31:0e:56:e1:2e:-41
4/17/2026 0:48,A401,6c:31:0e:56:e1:2d:-41,6c:31:0e:56:e1:2b:-43,6c:31:0e:56:e1:2a:-43,6c:31:0e:56:e1:2c:-43,6c:31:0e:56:e1:2f:-43
4/17/2026 0:48,A401,6c:31:0e:56:e1:2d:-41,6c:31:0e:56:e1:2b:-43,6c:31:0e:56:e1:2a:-43,6c:31:0e:56:e1:2c:-43,6c:31:0e:56:e1:2f:-43
4/17/2026 0:48,A401,6c:31:0e:56:e1:2e:-40,6c:31:0e:56:e1:2b:-42,6c:31:0e:56:e1:2a:-42,6c:31:0e:56:e1:2d:-42,6c:31:0e:56:e1:2c:-42
4/17/2026 0:48,A401,6c:31:0e:56:e1:2e:-40,6c:31:0e:56:e1:2b:-42,6c:31:0e:56:e1:2a:-42,6c:31:0e:56:e1:2d:-42,6c:31:0e:56:e1:2c:-42
4/17/2026 0:48,A401,6c:31:0e:56:e1:2b:-42,6c:31:0e:56:e1:2a:-42,6c:31:0e:56:e1:2d:-42,6c:31:0e:56:e1:2c:-42,6c:31:0e:56:e1:2f:-42
4/17/2026 0:48,A401,6c:31:0e:56:e1:2b:-42,6c:31:0e:56:e1:2a:-42,6c:31:0e:56:e1:2d:-42,6c:31:0e:56:e1:2c:-42,6c:31:0e:56:e1:2f:-42
4/17/2026 0:48,A401,6c:31:0e:56:e1:2b:-44,6c:31:0e:56:e1:2a:-44,6c:31:0e:56:e1:2d:-44,6c:31:0e:56:e1:2c:-44,6c:31:0e:56:e1:2f:-44
4/17/2026 0:48,A401,6c:31:0e:56:e1:2b:-44,6c:31:0e:56:e1:2a:-44,6c:31:0e:56:e1:2d:-44,6c:31:0e:56:e1:2c:-44,6c:31:0e:56:e1:2f:-44
4/17/2026 0:48,A401,6c:31:0e:56:e1:20:-32,6c:31:0e:56:e1:21:-32,6c:31:0e:56:e1:2a:-36,6c:31:0e:56:e1:2b:-37,6c:31:0e:56:e1:2d:-37
4/17/2026 0:48,A401,6c:31:0e:56:e1:20:-32,6c:31:0e:56:e1:21:-32,6c:31:0e:56:e1:2a:-36,6c:31:0e:56:e1:2b:-37,6c:31:0e:56:e1:2d:-37
4/17/2026 0:48,A401,6c:31:0e:56:e1:21:-34,6c:31:0e:56:e1:2b:-41,6c:31:0e:56:e1:2d:-42,6c:31:0e:56:e1:2c:-42,6c:31:0e:56:e1:2f:-42
4/17/2026 0:48,A401,6c:31:0e:56:e1:21:-34,6c:31:0e:56:e1:2b:-41,6c:31:0e:56:e1:2d:-42,6c:31:0e:56:e1:2c:-42,6c:31:0e:56:e1:2f:-42
4/17/2026 0:48,A401,6c:31:0e:56:e1:24:-34,6c:31:0e:56:e1:25:-34,6c:31:0e:56:e1:2b:-45,6c:31:0e:56:e1:2a:-45,6c:31:0e:56:e1:2d:-45
4/17/2026 0:48,A401,6c:31:0e:56:e1:24:-34,6c:31:0e:56:e1:25:-34,6c:31:0e:56:e1:2b:-45,6c:31:0e:56:e1:2a:-45,6c:31:0e:56:e1:2d:-45
4/17/2026 0:48,A401,6c:31:0e:56:e1:2b:-45,6c:31:0e:56:e1:2a:-45,6c:31:0e:56:e1:2d:-45,6c:31:0e:56:e1:2c:-45,6c:31:0e:56:e1:2f:-45
4/17/2026 0:48,A401,6c:31:0e:56:e1:2b:-45,6c:31:0e:56:e1:2a:-45,6c:31:0e:56:e1:2d:-45,6c:31:0e:56:e1:2c:-45,6c:31:0e:56:e1:2f:-45
4/17/2026 0:48,A401,6c:31:0e:56:e1:2b:-45,6c:31:0e:56:e1:2a:-45,6c:31:0e:56:e1:2d:-45,6c:31:0e:56:e1:2c:-45,6c:31:0e:56:e1:2f:-45
4/17/2026 0:49,A401,6c:31:0e:56:e1:2d:-50,6c:31:0e:56:e1:2b:-51,6c:31:0e:56:e1:2a:-51,6c:31:0e:56:e1:2c:-51,6c:31:0e:56:e1:2f:-51
4/17/2026 0:49,A401,6c:31:0e:56:e1:24:-33,6c:31:0e:56:e1:23:-33,6c:31:0e:56:e1:2c:-44,6c:31:0e:56:e1:2e:-44,6c:31:0e:56:e1:2b:-45
4/17/2026 0:49,A401,6c:31:0e:56:e1:24:-33,6c:31:0e:56:e1:23:-33,6c:31:0e:56:e1:2c:-44,6c:31:0e:56:e1:2e:-44,6c:31:0e:56:e1:2b:-45
4/17/2026 0:49,A401,6c:31:0e:56:e1:24:-33,6c:31:0e:56:e1:23:-33,6c:31:0e:56:e1:2c:-44,6c:31:0e:56:e1:2e:-44,6c:31:0e:56:e1:2b:-45
4/17/2026 0:49,A401,6c:31:0e:56:e1:2b:-43,6c:31:0e:56:e1:2a:-44,6c:31:0e:56:e1:2d:-44,6c:31:0e:56:e1:2c:-44,6c:31:0e:56:e1:2f:-44
4/17/2026 0:49,A401,6c:31:0e:56:e1:2b:-43,6c:31:0e:56:e1:2a:-44,6c:31:0e:56:e1:2d:-44,6c:31:0e:56:e1:2c:-44,6c:31:0e:56:e1:2f:-44
4/17/2026 0:49,A401,6c:31:0e:56:e1:20:-32,6c:31:0e:56:e1:2d:-44,6c:31:0e:56:e1:2b:-45,6c:31:0e:56:e1:2a:-45,6c:31:0e:56:e1:2c:-45
4/17/2026 0:49,A401,6c:31:0e:56:e1:20:-32,6c:31:0e:56:e1:2d:-44,6c:31:0e:56:e1:2b:-45,6c:31:0e:56:e1:2a:-45,6c:31:0e:56:e1:2c:-45
4/17/2026 0:49,A401,6c:31:0e:56:e1:2b:-45,6c:31:0e:56:e1:2a:-45,6c:31:0e:56:e1:2d:-45,6c:31:0e:56:e1:2c:-45,6c:31:0e:56:e1:2f:-45
4/17/2026 0:49,A401,6c:31:0e:56:e1:2b:-45,6c:31:0e:56:e1:2a:-45,6c:31:0e:56:e1:2d:-45,6c:31:0e:56:e1:2c:-45,6c:31:0e:56:e1:2f:-45
4/17/2026 0:49,A401,6c:31:0e:56:e1:24:-32,6c:31:0e:56:e1:23:-32,6c:31:0e:56:e1:25:-32,6c:31:0e:56:e1:2b:-45,6c:31:0e:56:e1:2a:-45
4/17/2026 0:49,A401,6c:31:0e:56:e1:24:-32,6c:31:0e:56:e1:23:-32,6c:31:0e:56:e1:25:-32,6c:31:0e:56:e1:2b:-45,6c:31:0e:56:e1:2a:-45
4/17/2026 0:49,A401,6c:31:0e:56:e1:2b:-45,6c:31:0e:56:e1:2a:-45,6c:31:0e:56:e1:2d:-45,6c:31:0e:56:e1:2c:-45,6c:31:0e:56:e1:2f:-45
4/17/2026 0:49,A401,6c:31:0e:56:e1:2b:-45,6c:31:0e:56:e1:2a:-45,6c:31:0e:56:e1:2d:-45,6c:31:0e:56:e1:2c:-45,6c:31:0e:56:e1:2f:-45
4/17/2026 0:49,A401,6c:31:0e:56:e1:2f:-43,6c:31:0e:56:e1:2b:-44,6c:31:0e:56:e1:2d:-44,6c:31:0e:56:e1:2c:-44,6c:31:0e:56:e1:2e:-44
4/17/2026 0:49,A401,6c:31:0e:56:e1:2f:-43,6c:31:0e:56:e1:2b:-44,6c:31:0e:56:e1:2d:-44,6c:31:0e:56:e1:2c:-44,6c:31:0e:56:e1:2e:-44
4/17/2026 0:49,A401,6c:31:0e:56:e1:2b:-43,6c:31:0e:56:e1:2a:-43,6c:31:0e:56:e1:2d:-43,6c:31:0e:56:e1:2c:-43,6c:31:0e:56:e1:2f:-43
4/17/2026 0:49,A401,6c:31:0e:56:e1:2b:-43,6c:31:0e:56:e1:2a:-43,6c:31:0e:56:e1:2d:-43,6c:31:0e:56:e1:2c:-43,6c:31:0e:56:e1:2f:-43
4/17/2026 0:49,A401,6c:31:0e:56:e1:2b:-43,6c:31:0e:56:e1:2a:-43,6c:31:0e:56:e1:2d:-43,6c:31:0e:56:e1:2c:-43,6c:31:0e:56:e1:2f:-43
4/17/2026 0:49,A401,6c:31:0e:56:e1:20:-33,6c:31:0e:56:e1:21:-33,6c:31:0e:56:e1:2c:-42,6c:31:0e:56:e1:2b:-43,6c:31:0e:56:e1:2d:-43
4/17/2026 0:49,A401,6c:31:0e:56:e1:20:-33,6c:31:0e:56:e1:21:-33,6c:31:0e:56:e1:2c:-42,6c:31:0e:56:e1:2b:-43,6c:31:0e:56:e1:2d:-43
4/17/2026 0:50,A401,6c:31:0e:56:e1:20:-32,6c:31:0e:56:e1:21:-32,6c:31:0e:56:e1:2f:-41,6c:31:0e:56:e1:2b:-43,6c:31:0e:56:e1:2a:-43
4/17/2026 0:50,A401,6c:31:0e:56:e1:20:-32,6c:31:0e:56:e1:21:-32,6c:31:0e:56:e1:2f:-41,6c:31:0e:56:e1:2b:-43,6c:31:0e:56:e1:2a:-43
4/17/2026 0:50,A401,6c:31:0e:56:e1:2b:-52,6c:31:0e:56:e1:2a:-52,6c:31:0e:56:e1:2c:-52,6c:31:0e:56:e1:2f:-52,6c:31:0e:56:e1:2e:-52
4/17/2026 0:50,A401,6c:31:0e:56:e1:2b:-52,6c:31:0e:56:e1:2a:-52,6c:31:0e:56:e1:2c:-52,6c:31:0e:56:e1:2f:-52,6c:31:0e:56:e1:2e:-52
4/17/2026 0:50,A401,6c:31:0e:56:e1:21:-31,6c:31:0e:56:e1:20:-32,6c:31:0e:56:e1:2e:-46,6c:31:0e:56:e1:2b:-47,6c:31:0e:56:e1:2a:-47
4/17/2026 0:50,A401,6c:31:0e:56:e1:21:-31,6c:31:0e:56:e1:20:-32,6c:31:0e:56:e1:2e:-46,6c:31:0e:56:e1:2b:-47,6c:31:0e:56:e1:2a:-47
4/17/2026 0:50,A401,6c:31:0e:56:e1:2b:-50,6c:31:0e:56:e1:2a:-50,6c:31:0e:56:e1:2c:-50,6c:31:0e:56:e1:2f:-50,6c:31:0e:56:e1:2d:-51
4/17/2026 0:50,A401,6c:31:0e:56:e1:2b:-50,6c:31:0e:56:e1:2a:-50,6c:31:0e:56:e1:2c:-50,6c:31:0e:56:e1:2f:-50,6c:31:0e:56:e1:2d:-51
4/17/2026 0:50,A401,6c:31:0e:56:e1:2b:-50,6c:31:0e:56:e1:2a:-50,6c:31:0e:56:e1:2c:-50,6c:31:0e:56:e1:2f:-50,6c:31:0e:56:e1:2d:-51
4/17/2026 0:50,A401,6c:31:0e:56:e1:21:-32,6c:31:0e:56:e1:20:-33,6c:31:0e:56:e1:2e:-47,6c:31:0e:56:e1:2a:-48,6c:31:0e:56:e1:2c:-48
4/17/2026 0:50,A401,6c:31:0e:56:e1:21:-32,6c:31:0e:56:e1:20:-33,6c:31:0e:56:e1:2e:-47,6c:31:0e:56:e1:2a:-48,6c:31:0e:56:e1:2c:-48
4/17/2026 0:50,A401,6c:31:0e:56:e1:2b:-45,6c:31:0e:56:e1:2a:-45,6c:31:0e:56:e1:2d:-45,6c:31:0e:56:e1:2c:-45,6c:31:0e:56:e1:2f:-45
4/17/2026 0:50,A401,6c:31:0e:56:e1:2b:-45,6c:31:0e:56:e1:2a:-45,6c:31:0e:56:e1:2d:-45,6c:31:0e:56:e1:2c:-45,6c:31:0e:56:e1:2f:-45
4/17/2026 0:50,A401,6c:31:0e:56:e1:2b:-45,6c:31:0e:56:e1:2a:-45,6c:31:0e:56:e1:2d:-45,6c:31:0e:56:e1:2c:-45,6c:31:0e:56:e1:2f:-45
4/17/2026 0:50,A401,6c:31:0e:56:e1:2b:-33,6c:31:0e:56:e1:2a:-33,6c:31:0e:56:e1:2d:-33,6c:31:0e:56:e1:2c:-33,6c:31:0e:56:e1:2f:-33
4/17/2026 0:50,A401,6c:31:0e:56:e1:2b:-33,6c:31:0e:56:e1:2a:-33,6c:31:0e:56:e1:2d:-33,6c:31:0e:56:e1:2c:-33,6c:31:0e:56:e1:2f:-33
4/17/2026 0:50,A401,6c:31:0e:56:e1:2b:-33,6c:31:0e:56:e1:2a:-33,6c:31:0e:56:e1:2d:-33,6c:31:0e:56:e1:2c:-33,6c:31:0e:56:e1:2f:-33
4/17/2026 0:50,A401,6c:31:0e:56:e1:2b:-33,6c:31:0e:56:e1:2a:-33,6c:31:0e:56:e1:2d:-33,6c:31:0e:56:e1:2c:-33,6c:31:0e:56:e1:2f:-33
4/17/2026 0:50,A402,6c:31:0e:56:e1:2b:-34,6c:31:0e:56:e1:2a:-34,6c:31:0e:56:e1:2d:-34,6c:31:0e:56:e1:2c:-34,6c:31:0e:56:e1:2f:-34
4/17/2026 0:50,A402,6c:31:0e:56:e1:2b:-34,6c:31:0e:56:e1:2a:-34,6c:31:0e:56:e1:2d:-34,6c:31:0e:56:e1:2c:-34,6c:31:0e:56:e1:2f:-34
4/17/2026 0:50,A402,6c:31:0e:56:e1:20:-31,6c:31:0e:56:e1:21:-31,6c:31:0e:56:e1:2a:-42,6c:31:0e:56:e1:2c:-42,6c:31:0e:56:e1:2f:-42
4/17/2026 0:51,A402,6c:31:0e:56:e1:20:-31,6c:31:0e:56:e1:21:-31,6c:31:0e:56:e1:2a:-42,6c:31:0e:56:e1:2c:-42,6c:31:0e:56:e1:2f:-42
4/17/2026 0:51,A402,6c:31:0e:56:e1:2b:-46,6c:31:0e:56:e1:2a:-46,6c:31:0e:56:e1:2d:-46,6c:31:0e:56:e1:2c:-46,6c:31:0e:56:e1:2f:-46
4/17/2026 0:51,A402,6c:31:0e:56:e1:2b:-46,6c:31:0e:56:e1:2a:-46,6c:31:0e:56:e1:2d:-46,6c:31:0e:56:e1:2c:-46,6c:31:0e:56:e1:2f:-46
4/17/2026 0:51,A402,6c:31:0e:56:e1:21:-31,6c:31:0e:56:e1:20:-32,40:01:7a:53:96:81:-53,40:01:7a:53:96:80:-53,40:01:7a:53:96:85:-53
4/17/2026 0:51,A402,6c:31:0e:56:e1:21:-31,6c:31:0e:56:e1:20:-32,40:01:7a:53:96:81:-53,40:01:7a:53:96:80:-53,40:01:7a:53:96:85:-53
4/17/2026 0:51,A402,6c:31:0e:56:e1:21:-31,6c:31:0e:56:e1:20:-32,40:01:7a:53:96:81:-53,40:01:7a:53:96:80:-53,40:01:7a:53:96:85:-53
4/17/2026 0:51,A402,6c:31:0e:56:e1:21:-31,6c:31:0e:56:e1:20:-32,40:01:7a:53:96:81:-53,40:01:7a:53:96:80:-53,40:01:7a:53:96:85:-53
4/17/2026 0:51,A402,6c:31:0e:56:e1:2b:-42,6c:31:0e:56:e1:2a:-42,6c:31:0e:56:e1:2d:-43,6c:31:0e:56:e1:2c:-43,6c:31:0e:56:e1:2f:-43
4/17/2026 0:51,A402,6c:31:0e:56:e1:2b:-42,6c:31:0e:56:e1:2a:-42,6c:31:0e:56:e1:2d:-43,6c:31:0e:56:e1:2c:-43,6c:31:0e:56:e1:2f:-43
4/17/2026 0:51,A402,6c:31:0e:56:e1:2b:-42,6c:31:0e:56:e1:2a:-42,6c:31:0e:56:e1:2d:-43,6c:31:0e:56:e1:2c:-43,6c:31:0e:56:e1:2f:-43
4/17/2026 0:51,A402,6c:31:0e:56:e1:24:-30,6c:31:0e:56:e1:25:-30,6c:31:0e:56:e1:2a:-35,6c:31:0e:56:e1:2d:-36,6c:31:0e:56:e1:2c:-37
4/17/2026 0:51,A402,6c:31:0e:56:e1:24:-30,6c:31:0e:56:e1:25:-30,6c:31:0e:56:e1:2a:-35,6c:31:0e:56:e1:2d:-36,6c:31:0e:56:e1:2c:-37
4/17/2026 0:51,A402,6c:31:0e:56:e1:24:-30,6c:31:0e:56:e1:25:-30,6c:31:0e:56:e1:2a:-35,6c:31:0e:56:e1:2d:-36,6c:31:0e:56:e1:2c:-37
4/17/2026 0:51,A402,6c:31:0e:56:e1:2e:-34,6c:31:0e:56:e1:2b:-35,6c:31:0e:56:e1:2a:-35,6c:31:0e:56:e1:2f:-35,6c:31:0e:56:e1:2d:-36
4/17/2026 0:51,A402,6c:31:0e:56:e1:2e:-34,6c:31:0e:56:e1:2b:-35,6c:31:0e:56:e1:2a:-35,6c:31:0e:56:e1:2f:-35,6c:31:0e:56:e1:2d:-36
4/17/2026 0:51,A402,6c:31:0e:56:e1:2e:-34,6c:31:0e:56:e1:2b:-35,6c:31:0e:56:e1:2a:-35,6c:31:0e:56:e1:2f:-35,6c:31:0e:56:e1:2d:-36
4/17/2026 0:51,A402,6c:31:0e:56:e1:2b:-36,6c:31:0e:56:e1:2c:-36,6c:31:0e:56:e1:2f:-36,6c:31:0e:56:e1:2e:-36,6c:31:0e:56:e1:22:-37
4/17/2026 0:51,A402,6c:31:0e:56:e1:2b:-36,6c:31:0e:56:e1:2c:-36,6c:31:0e:56:e1:2f:-36,6c:31:0e:56:e1:2e:-36,6c:31:0e:56:e1:22:-37
4/17/2026 0:51,A402,6c:31:0e:56:e1:2b:-36,6c:31:0e:56:e1:2c:-36,6c:31:0e:56:e1:2f:-36,6c:31:0e:56:e1:2e:-36,6c:31:0e:56:e1:22:-37
4/17/2026 0:51,A402,6c:31:0e:56:e1:24:-28,6c:31:0e:56:e1:25:-28,6c:31:0e:56:e1:23:-29,6c:31:0e:56:e1:2b:-37,6c:31:0e:56:e1:2e:-37
4/17/2026 0:51,A402,6c:31:0e:56:e1:24:-28,6c:31:0e:56:e1:25:-28,6c:31:0e:56:e1:23:-29,6c:31:0e:56:e1:2b:-37,6c:31:0e:56:e1:2e:-37
4/17/2026 0:51,A402,6c:31:0e:56:e1:24:-28,6c:31:0e:56:e1:25:-28,6c:31:0e:56:e1:23:-29,6c:31:0e:56:e1:2b:-37,6c:31:0e:56:e1:2e:-37
4/17/2026 0:51,A402,6c:31:0e:56:e1:2b:-40,6c:31:0e:56:e1:2d:-40,6c:31:0e:56:e1:2c:-40,6c:31:0e:56:e1:2e:-40,6c:31:0e:56:e1:2f:-41
4/17/2026 0:51,A402,6c:31:0e:56:e1:2b:-40,6c:31:0e:56:e1:2d:-40,6c:31:0e:56:e1:2c:-40,6c:31:0e:56:e1:2e:-40,6c:31:0e:56:e1:2f:-41
4/17/2026 0:51,A402,6c:31:0e:56:e1:2b:-40,6c:31:0e:56:e1:2d:-40,6c:31:0e:56:e1:2c:-40,6c:31:0e:56:e1:2e:-40,6c:31:0e:56:e1:2f:-41
4/17/2026 0:51,A402,6c:31:0e:56:e1:2b:-44,6c:31:0e:56:e1:2d:-44,6c:31:0e:56:e1:2c:-44,6c:31:0e:56:e1:2f:-44,6c:31:0e:56:e1:2e:-44
4/17/2026 0:51,A402,6c:31:0e:56:e1:2b:-44,6c:31:0e:56:e1:2d:-44,6c:31:0e:56:e1:2c:-44,6c:31:0e:56:e1:2f:-44,6c:31:0e:56:e1:2e:-44
4/17/2026 0:51,A402,6c:31:0e:56:e1:2b:-44,6c:31:0e:56:e1:2d:-44,6c:31:0e:56:e1:2c:-44,6c:31:0e:56:e1:2f:-44,6c:31:0e:56:e1:2e:-44
4/17/2026 0:52,A402,6c:31:0e:56:e1:2a:-43,6c:31:0e:56:e1:2d:-43,6c:31:0e:56:e1:2c:-43,6c:31:0e:56:e1:2e:-43,6c:31:0e:56:e1:2b:-44
4/17/2026 0:52,A402,6c:31:0e:56:e1:2a:-43,6c:31:0e:56:e1:2d:-43,6c:31:0e:56:e1:2c:-43,6c:31:0e:56:e1:2e:-43,6c:31:0e:56:e1:2b:-44
4/17/2026 0:52,A402,6c:31:0e:56:e1:2a:-40,6c:31:0e:56:e1:2b:-45,6c:31:0e:56:e1:2d:-45,6c:31:0e:56:e1:2c:-45,6c:31:0e:56:e1:2f:-45
4/17/2026 0:52,A402,6c:31:0e:56:e1:2a:-40,6c:31:0e:56:e1:2b:-45,6c:31:0e:56:e1:2d:-45,6c:31:0e:56:e1:2c:-45,6c:31:0e:56:e1:2f:-45
4/17/2026 0:52,A402,6c:31:0e:56:e1:2a:-40,6c:31:0e:56:e1:2b:-45,6c:31:0e:56:e1:2d:-45,6c:31:0e:56:e1:2c:-45,6c:31:0e:56:e1:2f:-45
4/17/2026 0:52,A402,6c:31:0e:56:e1:2c:-40,6c:31:0e:56:e1:2b:-41,6c:31:0e:56:e1:2d:-41,6c:31:0e:56:e1:2f:-41,6c:31:0e:56:e1:2e:-41
4/17/2026 0:52,A402,6c:31:0e:56:e1:2c:-40,6c:31:0e:56:e1:2b:-41,6c:31:0e:56:e1:2d:-41,6c:31:0e:56:e1:2f:-41,6c:31:0e:56:e1:2e:-41
4/17/2026 0:52,A402,6c:31:0e:56:e1:2a:-47,6c:31:0e:56:e1:2d:-47,6c:31:0e:56:e1:2c:-47,6c:31:0e:56:e1:2f:-47,6c:31:0e:56:e1:2e:-47
4/17/2026 0:52,A402,6c:31:0e:56:e1:2a:-47,6c:31:0e:56:e1:2d:-47,6c:31:0e:56:e1:2c:-47,6c:31:0e:56:e1:2f:-47,6c:31:0e:56:e1:2e:-47
4/17/2026 0:52,A402,6c:31:0e:56:e1:2a:-47,6c:31:0e:56:e1:2d:-47,6c:31:0e:56:e1:2c:-47,6c:31:0e:56:e1:2f:-47,6c:31:0e:56:e1:2e:-47
4/17/2026 0:52,A402,6c:31:0e:56:e1:2a:-40,6c:31:0e:56:e1:2d:-46,6c:31:0e:56:e1:2f:-46,6c:31:0e:56:e1:2e:-46,6c:31:0e:56:e1:2b:-47
4/17/2026 0:52,A402,6c:31:0e:56:e1:2a:-40,6c:31:0e:56:e1:2d:-46,6c:31:0e:56:e1:2f:-46,6c:31:0e:56:e1:2e:-46,6c:31:0e:56:e1:2b:-47
4/17/2026 0:52,A402,6c:31:0e:56:e1:2b:-41,6c:31:0e:56:e1:2d:-41,6c:31:0e:56:e1:2c:-41,6c:31:0e:56:e1:2f:-41,6c:31:0e:56:e1:2e:-41
4/17/2026 0:52,A402,6c:31:0e:56:e1:2b:-41,6c:31:0e:56:e1:2d:-41,6c:31:0e:56:e1:2c:-41,6c:31:0e:56:e1:2f:-41,6c:31:0e:56:e1:2e:-41
4/17/2026 0:52,A402,6c:31:0e:56:e1:2b:-41,6c:31:0e:56:e1:2d:-41,6c:31:0e:56:e1:2c:-41,6c:31:0e:56:e1:2f:-41,6c:31:0e:56:e1:2e:-41
4/17/2026 0:52,A402,6c:31:0e:56:e1:2d:-46,6c:31:0e:56:e1:2c:-46,6c:31:0e:56:e1:2f:-46,6c:31:0e:56:e1:2e:-46,6c:31:0e:56:e1:2b:-48
4/17/2026 0:52,A402,6c:31:0e:56:e1:2d:-46,6c:31:0e:56:e1:2c:-46,6c:31:0e:56:e1:2f:-46,6c:31:0e:56:e1:2e:-46,6c:31:0e:56:e1:2b:-48
4/17/2026 0:52,A402,6c:31:0e:56:e1:2d:-46,6c:31:0e:56:e1:2c:-46,6c:31:0e:56:e1:2f:-46,6c:31:0e:56:e1:2e:-46,6c:31:0e:56:e1:2b:-48
4/17/2026 0:52,A402,6c:31:0e:56:e1:2a:-44,6c:31:0e:56:e1:2b:-48,6c:31:0e:56:e1:2e:-48,6c:31:0e:56:e1:2d:-49,6c:31:0e:56:e1:2c:-50
4/17/2026 0:52,A402,6c:31:0e:56:e1:2a:-44,6c:31:0e:56:e1:2b:-48,6c:31:0e:56:e1:2e:-48,6c:31:0e:56:e1:2d:-49,6c:31:0e:56:e1:2c:-50
4/17/2026 0:52,A402,6c:31:0e:56:e1:2b:-48,6c:31:0e:56:e1:2d:-48,6c:31:0e:56:e1:2c:-48,6c:31:0e:56:e1:2f:-48,6c:31:0e:56:e1:2e:-48
4/17/2026 0:52,A402,6c:31:0e:56:e1:2c:-33,6c:31:0e:56:e1:2b:-34,6c:31:0e:56:e1:2a:-34,6c:31:0e:56:e1:2d:-34,6c:31:0e:56:e1:2f:-34
4/17/2026 0:52,A402,6c:31:0e:56:e1:2c:-33,6c:31:0e:56:e1:2b:-34,6c:31:0e:56:e1:2a:-34,6c:31:0e:56:e1:2d:-34,6c:31:0e:56:e1:2f:-34
4/17/2026 0:52,A402,6c:31:0e:56:e1:2c:-33,6c:31:0e:56:e1:2b:-34,6c:31:0e:56:e1:2a:-34,6c:31:0e:56:e1:2d:-34,6c:31:0e:56:e1:2f:-34
4/17/2026 0:52,A402,6c:31:0e:56:e1:20:-32,6c:31:0e:56:e1:22:-32,6c:31:0e:56:e1:21:-32,6c:31:0e:56:e1:24:-32,6c:31:0e:56:e1:23:-32
4/17/2026 0:53,A402,6c:31:0e:56:e1:20:-32,6c:31:0e:56:e1:22:-32,6c:31:0e:56:e1:21:-32,6c:31:0e:56:e1:24:-32,6c:31:0e:56:e1:23:-32
4/17/2026 0:53,A402,6c:31:0e:56:e1:2a:-33,6c:31:0e:56:e1:2b:-34,6c:31:0e:56:e1:2d:-34,6c:31:0e:56:e1:2c:-34,6c:31:0e:56:e1:2e:-34
4/17/2026 0:53,A402,6c:31:0e:56:e1:2a:-33,6c:31:0e:56:e1:2b:-34,6c:31:0e:56:e1:2d:-34,6c:31:0e:56:e1:2c:-34,6c:31:0e:56:e1:2e:-34
4/17/2026 0:53,A402,6c:31:0e:56:e1:2a:-33,6c:31:0e:56:e1:2b:-34,6c:31:0e:56:e1:2d:-34,6c:31:0e:56:e1:2c:-34,6c:31:0e:56:e1:2e:-34
4/17/2026 0:53,A402,6c:31:0e:56:e1:2e:-35,6c:31:0e:56:e1:2b:-36,6c:31:0e:56:e1:2a:-36,6c:31:0e:56:e1:2f:-36,6c:31:0e:56:e1:2d:-37
4/17/2026 0:53,A402,6c:31:0e:56:e1:2e:-35,6c:31:0e:56:e1:2b:-36,6c:31:0e:56:e1:2a:-36,6c:31:0e:56:e1:2f:-36,6c:31:0e:56:e1:2d:-37
4/17/2026 0:53,A402,6c:31:0e:56:e1:2e:-35,6c:31:0e:56:e1:2b:-36,6c:31:0e:56:e1:2a:-36,6c:31:0e:56:e1:2f:-36,6c:31:0e:56:e1:2d:-37
4/17/2026 0:53,A402,6c:31:0e:56:e1:2a:-36,6c:31:0e:56:e1:2f:-36,6c:31:0e:56:e1:2d:-37,6c:31:0e:56:e1:2c:-37,6c:31:0e:56:e1:2e:-37
4/17/2026 0:53,A402,6c:31:0e:56:e1:2a:-36,6c:31:0e:56:e1:2f:-36,6c:31:0e:56:e1:2d:-37,6c:31:0e:56:e1:2c:-37,6c:31:0e:56:e1:2e:-37
4/17/2026 0:53,A402,6c:31:0e:56:e1:24:-31,6c:31:0e:56:e1:23:-31,6c:31:0e:56:e1:25:-31,6c:31:0e:56:e1:2b:-35,6c:31:0e:56:e1:2e:-35
4/17/2026 0:53,A402,6c:31:0e:56:e1:24:-31,6c:31:0e:56:e1:23:-31,6c:31:0e:56:e1:25:-31,6c:31:0e:56:e1:2b:-35,6c:31:0e:56:e1:2e:-35
4/17/2026 0:53,A402,6c:31:0e:56:e1:2b:-35,6c:31:0e:56:e1:2d:-35,6c:31:0e:56:e1:2c:-35,6c:31:0e:56:e1:2a:-36,6c:31:0e:56:e1:2f:-36
4/17/2026 0:53,A402,6c:31:0e:56:e1:2b:-35,6c:31:0e:56:e1:2d:-35,6c:31:0e:56:e1:2c:-35,6c:31:0e:56:e1:2a:-36,6c:31:0e:56:e1:2f:-36
4/17/2026 0:53,A402,6c:31:0e:56:e1:2b:-35,6c:31:0e:56:e1:2d:-35,6c:31:0e:56:e1:2c:-35,6c:31:0e:56:e1:2a:-36,6c:31:0e:56:e1:2f:-36
4/17/2026 0:53,A402,6c:31:0e:56:e1:2b:-35,6c:31:0e:56:e1:2d:-35,6c:31:0e:56:e1:2c:-35,6c:31:0e:56:e1:2a:-36,6c:31:0e:56:e1:2f:-36
4/17/2026 0:53,A402,6c:31:0e:56:e1:2b:-35,6c:31:0e:56:e1:2d:-35,6c:31:0e:56:e1:2c:-35,6c:31:0e:56:e1:2a:-36,6c:31:0e:56:e1:2f:-36
4/17/2026 0:53,A402,6c:31:0e:56:e1:2b:-35,6c:31:0e:56:e1:2d:-35,6c:31:0e:56:e1:2c:-35,6c:31:0e:56:e1:2a:-36,6c:31:0e:56:e1:2f:-36
4/17/2026 0:53,A402,6c:31:0e:56:e1:2d:-34,6c:31:0e:56:e1:2f:-34,6c:31:0e:56:e1:2b:-35,6c:31:0e:56:e1:2a:-35,6c:31:0e:56:e1:2e:-35
4/17/2026 0:53,A402,6c:31:0e:56:e1:2d:-34,6c:31:0e:56:e1:2f:-34,6c:31:0e:56:e1:2b:-35,6c:31:0e:56:e1:2a:-35,6c:31:0e:56:e1:2e:-35
4/17/2026 0:53,A402,6c:31:0e:56:e1:2d:-34,6c:31:0e:56:e1:2f:-34,6c:31:0e:56:e1:2b:-35,6c:31:0e:56:e1:2a:-35,6c:31:0e:56:e1:2e:-35
4/17/2026 0:53,A402,6c:31:0e:56:e1:2f:-37,6c:31:0e:56:e1:2e:-37,6c:31:0e:56:e1:2b:-39,6c:31:0e:56:e1:2d:-40,6c:31:0e:56:e1:2c:-40
4/17/2026 0:53,A402,6c:31:0e:56:e1:2f:-37,6c:31:0e:56:e1:2e:-37,6c:31:0e:56:e1:2b:-39,6c:31:0e:56:e1:2d:-40,6c:31:0e:56:e1:2c:-40
4/17/2026 0:53,A402,6c:31:0e:56:e1:2f:-37,6c:31:0e:56:e1:2e:-37,6c:31:0e:56:e1:2b:-39,6c:31:0e:56:e1:2d:-40,6c:31:0e:56:e1:2c:-40
4/17/2026 0:53,A402,6c:31:0e:56:e1:2f:-34,6c:31:0e:56:e1:2b:-35,6c:31:0e:56:e1:2d:-35,6c:31:0e:56:e1:2c:-35,6c:31:0e:56:e1:2e:-35
4/17/2026 0:53,A402,6c:31:0e:56:e1:2f:-34,6c:31:0e:56:e1:2b:-35,6c:31:0e:56:e1:2d:-35,6c:31:0e:56:e1:2c:-35,6c:31:0e:56:e1:2e:-35
4/17/2026 0:53,A402,6c:31:0e:56:e1:22:-31,6c:31:0e:56:e1:24:-31,6c:31:0e:56:e1:23:-31,6c:31:0e:56:e1:25:-31,6c:31:0e:56:e1:2d:-33
4/17/2026 0:53,A402,6c:31:0e:56:e1:22:-31,6c:31:0e:56:e1:24:-31,6c:31:0e:56:e1:23:-31,6c:31:0e:56:e1:25:-31,6c:31:0e:56:e1:2d:-33
4/17/2026 0:53,A402,6c:31:0e:56:e1:22:-31,6c:31:0e:56:e1:24:-31,6c:31:0e:56:e1:23:-31,6c:31:0e:56:e1:25:-31,6c:31:0e:56:e1:2d:-33
4/17/2026 0:54,A402,6c:31:0e:56:e1:2a:-37,6c:31:0e:56:e1:2d:-37,6c:31:0e:56:e1:2c:-37,6c:31:0e:56:e1:2f:-37,6c:31:0e:56:e1:2b:-38
4/17/2026 0:54,A402,6c:31:0e:56:e1:2a:-37,6c:31:0e:56:e1:2d:-37,6c:31:0e:56:e1:2c:-37,6c:31:0e:56:e1:2f:-37,6c:31:0e:56:e1:2b:-38
4/17/2026 0:54,A402,6c:31:0e:56:e1:2a:-37,6c:31:0e:56:e1:2d:-37,6c:31:0e:56:e1:2c:-37,6c:31:0e:56:e1:2f:-37,6c:31:0e:56:e1:2b:-38
4/17/2026 0:54,A402,6c:31:0e:56:e1:2c:-34,6c:31:0e:56:e1:2b:-35,6c:31:0e:56:e1:2a:-35,6c:31:0e:56:e1:2d:-35,6c:31:0e:56:e1:2e:-35
4/17/2026 0:54,A402,6c:31:0e:56:e1:2c:-34,6c:31:0e:56:e1:2b:-35,6c:31:0e:56:e1:2a:-35,6c:31:0e:56:e1:2d:-35,6c:31:0e:56:e1:2e:-35
4/17/2026 0:54,A402,6c:31:0e:56:e1:2c:-34,6c:31:0e:56:e1:2b:-35,6c:31:0e:56:e1:2a:-35,6c:31:0e:56:e1:2d:-35,6c:31:0e:56:e1:2e:-35
4/17/2026 0:54,A402,6c:31:0e:56:e1:24:-30,6c:31:0e:56:e1:23:-30,6c:31:0e:56:e1:25:-30,6c:31:0e:56:e1:2a:-35,f8:0b:cb:f3:88:05:-60
4/17/2026 0:54,A402,6c:31:0e:56:e1:24:-30,6c:31:0e:56:e1:23:-30,6c:31:0e:56:e1:25:-30,6c:31:0e:56:e1:2a:-35,f8:0b:cb:f3:88:05:-60
4/17/2026 0:54,A402,6c:31:0e:56:e1:2b:-32,6c:31:0e:56:e1:2d:-33,6c:31:0e:56:e1:2a:-34,6c:31:0e:56:e1:2c:-34,6c:31:0e:56:e1:2f:-34
4/17/2026 0:54,A402,6c:31:0e:56:e1:2b:-32,6c:31:0e:56:e1:2d:-33,6c:31:0e:56:e1:2a:-34,6c:31:0e:56:e1:2c:-34,6c:31:0e:56:e1:2f:-34
4/17/2026 0:54,A402,6c:31:0e:56:e1:2b:-32,6c:31:0e:56:e1:2d:-33,6c:31:0e:56:e1:2a:-34,6c:31:0e:56:e1:2c:-34,6c:31:0e:56:e1:2f:-34
4/17/2026 0:54,A402,6c:31:0e:56:e1:25:-31,6c:31:0e:56:e1:2b:-34,6c:31:0e:56:e1:2c:-34,6c:31:0e:56:e1:2f:-34,6c:31:0e:56:e1:2d:-35
4/17/2026 0:54,A402,6c:31:0e:56:e1:25:-31,6c:31:0e:56:e1:2b:-34,6c:31:0e:56:e1:2c:-34,6c:31:0e:56:e1:2f:-34,6c:31:0e:56:e1:2d:-35
4/17/2026 0:54,A402,6c:31:0e:56:e1:25:-31,6c:31:0e:56:e1:2b:-34,6c:31:0e:56:e1:2c:-34,6c:31:0e:56:e1:2f:-34,6c:31:0e:56:e1:2d:-35
4/17/2026 0:54,A402,6c:31:0e:56:e1:2a:-34,6c:31:0e:56:e1:2b:-35,6c:31:0e:56:e1:2d:-36,6c:31:0e:56:e1:2f:-36,6c:31:0e:56:e1:2e:-36
4/17/2026 0:54,A402,6c:31:0e:56:e1:2c:-38,6c:31:0e:56:e1:2b:-39,6c:31:0e:56:e1:2f:-39,6c:31:0e:56:e1:2a:-40,6c:31:0e:56:e1:2d:-40
4/17/2026 0:54,A402,6c:31:0e:56:e1:2c:-38,6c:31:0e:56:e1:2b:-39,6c:31:0e:56:e1:2f:-39,6c:31:0e:56:e1:2a:-40,6c:31:0e:56:e1:2d:-40
4/17/2026 0:54,A402,6c:31:0e:56:e1:2d:-36,6c:31:0e:56:e1:2e:-36,6c:31:0e:56:e1:2f:-37,6c:31:0e:56:e1:2b:-38,6c:31:0e:56:e1:2a:-38
4/17/2026 0:54,A402,6c:31:0e:56:e1:2d:-36,6c:31:0e:56:e1:2e:-36,6c:31:0e:56:e1:2f:-37,6c:31:0e:56:e1:2b:-38,6c:31:0e:56:e1:2a:-38
4/17/2026 0:54,A402,6c:31:0e:56:e1:2b:-36,6c:31:0e:56:e1:2c:-36,6c:31:0e:56:e1:2f:-36,6c:31:0e:56:e1:2a:-37,6c:31:0e:56:e1:2d:-37
4/17/2026 0:54,A402,6c:31:0e:56:e1:2b:-36,6c:31:0e:56:e1:2c:-36,6c:31:0e:56:e1:2f:-36,6c:31:0e:56:e1:2a:-37,6c:31:0e:56:e1:2d:-37
4/17/2026 0:54,A402,6c:31:0e:56:e1:2b:-36,6c:31:0e:56:e1:2c:-36,6c:31:0e:56:e1:2f:-36,6c:31:0e:56:e1:2a:-37,6c:31:0e:56:e1:2d:-37
4/17/2026 0:54,A402,6c:31:0e:56:e1:2c:-35,6c:31:0e:56:e1:2f:-35,6c:31:0e:56:e1:2b:-36,6c:31:0e:56:e1:2a:-36,6c:31:0e:56:e1:2e:-36
4/17/2026 0:54,A402,6c:31:0e:56:e1:2c:-35,6c:31:0e:56:e1:2f:-35,6c:31:0e:56:e1:2b:-36,6c:31:0e:56:e1:2a:-36,6c:31:0e:56:e1:2e:-36
4/17/2026 0:54,A402,6c:31:0e:56:e1:2c:-35,6c:31:0e:56:e1:2f:-35,6c:31:0e:56:e1:2b:-36,6c:31:0e:56:e1:2a:-36,6c:31:0e:56:e1:2e:-36
4/17/2026 0:54,A402,6c:31:0e:56:e1:2c:-35,6c:31:0e:56:e1:2f:-35,6c:31:0e:56:e1:2b:-36,6c:31:0e:56:e1:2a:-36,6c:31:0e:56:e1:2e:-36
4/17/2026 0:54,A402,6c:31:0e:56:e1:22:-31,6c:31:0e:56:e1:23:-31,6c:31:0e:56:e1:24:-32,6c:31:0e:56:e1:25:-32,6c:31:0e:56:e1:2f:-34
4/17/2026 0:54,A402,6c:31:0e:56:e1:22:-31,6c:31:0e:56:e1:23:-31,6c:31:0e:56:e1:24:-32,6c:31:0e:56:e1:25:-32,6c:31:0e:56:e1:2f:-34
4/17/2026 0:55,A402,6c:31:0e:56:e1:2d:-37,6c:31:0e:56:e1:2c:-37,6c:31:0e:56:e1:2f:-37,6c:31:0e:56:e1:2b:-38,6c:31:0e:56:e1:2e:-38
4/17/2026 0:55,A402,6c:31:0e:56:e1:2d:-37,6c:31:0e:56:e1:2c:-37,6c:31:0e:56:e1:2f:-37,6c:31:0e:56:e1:2b:-38,6c:31:0e:56:e1:2e:-38
4/17/2026 0:55,A402,6c:31:0e:56:e1:2d:-37,6c:31:0e:56:e1:2c:-37,6c:31:0e:56:e1:2f:-37,6c:31:0e:56:e1:2b:-38,6c:31:0e:56:e1:2e:-38
4/17/2026 0:55,A402,6c:31:0e:56:e1:2e:-35,6c:31:0e:56:e1:2b:-36,6c:31:0e:56:e1:2d:-36,6c:31:0e:56:e1:2c:-36,6c:31:0e:56:e1:2f:-36
4/17/2026 0:55,A402,6c:31:0e:56:e1:2e:-35,6c:31:0e:56:e1:2b:-36,6c:31:0e:56:e1:2d:-36,6c:31:0e:56:e1:2c:-36,6c:31:0e:56:e1:2f:-36
4/17/2026 0:55,A402,6c:31:0e:56:e1:2e:-35,6c:31:0e:56:e1:2b:-36,6c:31:0e:56:e1:2d:-36,6c:31:0e:56:e1:2c:-36,6c:31:0e:56:e1:2f:-36
4/17/2026 0:55,A402,6c:31:0e:56:e1:2b:-36,6c:31:0e:56:e1:2e:-36,6c:31:0e:56:e1:2d:-37,6c:31:0e:56:e1:2c:-37,6c:31:0e:56:e1:2f:-37
4/17/2026 0:55,A402,6c:31:0e:56:e1:2b:-36,6c:31:0e:56:e1:2e:-36,6c:31:0e:56:e1:2d:-37,6c:31:0e:56:e1:2c:-37,6c:31:0e:56:e1:2f:-37
4/17/2026 0:55,A402,6c:31:0e:56:e1:24:-32,6c:31:0e:56:e1:25:-33,6c:31:0e:56:e1:2d:-34,6c:31:0e:56:e1:2b:-35,6c:31:0e:56:e1:2a:-35
4/17/2026 0:55,A402,6c:31:0e:56:e1:24:-32,6c:31:0e:56:e1:25:-33,6c:31:0e:56:e1:2d:-34,6c:31:0e:56:e1:2b:-35,6c:31:0e:56:e1:2a:-35
4/17/2026 0:55,A402,6c:31:0e:56:e1:24:-32,6c:31:0e:56:e1:25:-33,6c:31:0e:56:e1:2d:-34,6c:31:0e:56:e1:2b:-35,6c:31:0e:56:e1:2a:-35
4/17/2026 0:55,A402,6c:31:0e:56:e1:22:-35,6c:31:0e:56:e1:24:-35,6c:31:0e:56:e1:25:-35,6c:31:0e:56:e1:21:-36,6c:31:0e:56:e1:23:-36
4/17/2026 0:55,A402,6c:31:0e:56:e1:22:-35,6c:31:0e:56:e1:24:-35,6c:31:0e:56:e1:25:-35,6c:31:0e:56:e1:21:-36,6c:31:0e:56:e1:23:-36
4/17/2026 0:56,A403,6c:31:0e:56:e1:2b:-41,6c:31:0e:56:e1:2d:-41,6c:31:0e:56:e1:2c:-42,6c:31:0e:56:e1:2f:-42,6c:31:0e:56:e1:2e:-42
4/17/2026 0:56,A403,6c:31:0e:56:e1:25:-32,6c:31:0e:56:e1:2b:-42,6c:31:0e:56:e1:2a:-42,6c:31:0e:56:e1:2c:-42,6c:31:0e:56:e1:2f:-42
4/17/2026 0:56,A403,6c:31:0e:56:e1:25:-32,6c:31:0e:56:e1:2b:-42,6c:31:0e:56:e1:2a:-42,6c:31:0e:56:e1:2c:-42,6c:31:0e:56:e1:2f:-42
4/17/2026 0:56,A403,6c:31:0e:56:e1:22:-35,6c:31:0e:56:e1:24:-35,6c:31:0e:56:e1:25:-35,6c:31:0e:56:e1:23:-36,6c:31:0e:56:e1:2f:-39
4/17/2026 0:56,A403,6c:31:0e:56:e1:22:-35,6c:31:0e:56:e1:24:-35,6c:31:0e:56:e1:25:-35,6c:31:0e:56:e1:23:-36,6c:31:0e:56:e1:2f:-39
4/17/2026 0:56,A403,6c:31:0e:56:e1:22:-35,6c:31:0e:56:e1:24:-35,6c:31:0e:56:e1:25:-35,6c:31:0e:56:e1:23:-36,6c:31:0e:56:e1:2f:-39
4/17/2026 0:56,A403,6c:31:0e:56:e1:2f:-43,6c:31:0e:56:e1:2b:-44,6c:31:0e:56:e1:2a:-44,6c:31:0e:56:e1:2e:-44,6c:31:0e:56:e1:2d:-45
4/17/2026 0:56,A403,6c:31:0e:56:e1:2f:-43,6c:31:0e:56:e1:2b:-44,6c:31:0e:56:e1:2a:-44,6c:31:0e:56:e1:2e:-44,6c:31:0e:56:e1:2d:-45
4/17/2026 0:56,A403,6c:31:0e:56:e1:2d:-40,6c:31:0e:56:e1:2c:-40,6c:31:0e:56:e1:2e:-40,6c:31:0e:56:e1:2b:-41,6c:31:0e:56:e1:2f:-41
4/17/2026 0:56,A403,6c:31:0e:56:e1:2d:-40,6c:31:0e:56:e1:2c:-40,6c:31:0e:56:e1:2e:-40,6c:31:0e:56:e1:2b:-41,6c:31:0e:56:e1:2f:-41
4/17/2026 0:56,A403,6c:31:0e:56:e1:2d:-40,6c:31:0e:56:e1:2c:-40,6c:31:0e:56:e1:2e:-40,6c:31:0e:56:e1:2b:-41,6c:31:0e:56:e1:2f:-41
4/17/2026 0:56,A403,6c:31:0e:56:e1:22:-32,6c:31:0e:56:e1:24:-32,6c:31:0e:56:e1:25:-32,6c:31:0e:56:e1:2e:-45,6c:31:0e:56:e1:2b:-46
4/17/2026 0:56,A403,6c:31:0e:56:e1:22:-32,6c:31:0e:56:e1:24:-32,6c:31:0e:56:e1:25:-32,6c:31:0e:56:e1:2e:-45,6c:31:0e:56:e1:2b:-46
4/17/2026 0:56,A403,6c:31:0e:56:e1:22:-32,6c:31:0e:56:e1:24:-32,6c:31:0e:56:e1:25:-32,6c:31:0e:56:e1:2e:-45,6c:31:0e:56:e1:2b:-46
4/17/2026 0:56,A403,6c:31:0e:56:e1:2a:-43,6c:31:0e:56:e1:2e:-43,6c:31:0e:56:e1:2b:-44,6c:31:0e:56:e1:2d:-44,6c:31:0e:56:e1:2c:-44
4/17/2026 0:56,A403,6c:31:0e:56:e1:2a:-43,6c:31:0e:56:e1:2e:-43,6c:31:0e:56:e1:2b:-44,6c:31:0e:56:e1:2d:-44,6c:31:0e:56:e1:2c:-44
4/17/2026 0:56,A403,6c:31:0e:56:e1:2a:-43,6c:31:0e:56:e1:2e:-43,6c:31:0e:56:e1:2b:-44,6c:31:0e:56:e1:2d:-44,6c:31:0e:56:e1:2c:-44
4/17/2026 0:56,A403,6c:31:0e:56:e1:2a:-43,6c:31:0e:56:e1:2d:-47,6c:31:0e:56:e1:2c:-47,6c:31:0e:56:e1:2f:-47,6c:31:0e:56:e1:2e:-47
4/17/2026 0:56,A403,6c:31:0e:56:e1:2a:-43,6c:31:0e:56:e1:2d:-47,6c:31:0e:56:e1:2c:-47,6c:31:0e:56:e1:2f:-47,6c:31:0e:56:e1:2e:-47
4/17/2026 0:56,A403,6c:31:0e:56:e1:2c:-48,6c:31:0e:56:e1:2b:-49,6c:31:0e:56:e1:2d:-49,6c:31:0e:56:e1:2e:-49,6c:31:0e:56:e1:2f:-50
4/17/2026 0:56,A403,6c:31:0e:56:e1:2c:-48,6c:31:0e:56:e1:2b:-49,6c:31:0e:56:e1:2d:-49,6c:31:0e:56:e1:2e:-49,6c:31:0e:56:e1:2f:-50
4/17/2026 0:56,A403,6c:31:0e:56:e1:2c:-48,6c:31:0e:56:e1:2b:-49,6c:31:0e:56:e1:2d:-49,6c:31:0e:56:e1:2e:-49,6c:31:0e:56:e1:2f:-50
4/17/2026 0:57,A403,6c:31:0e:56:e1:25:-32,6c:31:0e:56:e1:2b:-45,6c:31:0e:56:e1:2d:-45,6c:31:0e:56:e1:2c:-45,6c:31:0e:56:e1:2f:-45
4/17/2026 0:57,A403,6c:31:0e:56:e1:25:-32,6c:31:0e:56:e1:2b:-45,6c:31:0e:56:e1:2d:-45,6c:31:0e:56:e1:2c:-45,6c:31:0e:56:e1:2f:-45
4/17/2026 0:57,A403,6c:31:0e:56:e1:25:-32,6c:31:0e:56:e1:2b:-45,6c:31:0e:56:e1:2d:-45,6c:31:0e:56:e1:2c:-45,6c:31:0e:56:e1:2f:-45
4/17/2026 0:57,A403,6c:31:0e:56:e1:25:-32,6c:31:0e:56:e1:2b:-45,6c:31:0e:56:e1:2d:-45,6c:31:0e:56:e1:2c:-45,6c:31:0e:56:e1:2f:-45
4/17/2026 0:57,A403,6c:31:0e:56:e1:2b:-48,6c:31:0e:56:e1:2d:-50,6c:31:0e:56:e1:2c:-50,6c:31:0e:56:e1:2f:-50,6c:31:0e:56:e1:2e:-50
4/17/2026 0:57,A403,6c:31:0e:56:e1:2b:-48,6c:31:0e:56:e1:2d:-50,6c:31:0e:56:e1:2c:-50,6c:31:0e:56:e1:2f:-50,6c:31:0e:56:e1:2e:-50
4/17/2026 0:57,A403,6c:31:0e:56:e1:2d:-49,6c:31:0e:56:e1:2f:-49,6c:31:0e:56:e1:2e:-49,6c:31:0e:56:e1:2b:-50,6c:31:0e:56:e1:2c:-50
4/17/2026 0:57,A403,6c:31:0e:56:e1:2d:-49,6c:31:0e:56:e1:2f:-49,6c:31:0e:56:e1:2e:-49,6c:31:0e:56:e1:2b:-50,6c:31:0e:56:e1:2c:-50
4/17/2026 0:57,A403,6c:31:0e:56:e1:2d:-49,6c:31:0e:56:e1:2f:-49,6c:31:0e:56:e1:2e:-49,6c:31:0e:56:e1:2b:-50,6c:31:0e:56:e1:2c:-50
4/17/2026 0:57,A403,6c:31:0e:56:e1:2a:-47,6c:31:0e:56:e1:2b:-49,6c:31:0e:56:e1:2c:-50,6c:31:0e:56:e1:2f:-50,6c:31:0e:56:e1:2d:-51
4/17/2026 0:57,A403,6c:31:0e:56:e1:2a:-47,6c:31:0e:56:e1:2b:-49,6c:31:0e:56:e1:2c:-50,6c:31:0e:56:e1:2f:-50,6c:31:0e:56:e1:2d:-51
4/17/2026 0:57,A403,6c:31:0e:56:e1:2a:-47,6c:31:0e:56:e1:2b:-49,6c:31:0e:56:e1:2c:-50,6c:31:0e:56:e1:2f:-50,6c:31:0e:56:e1:2d:-51
4/17/2026 0:57,A403,6c:31:0e:56:e1:25:-31,6c:31:0e:56:e1:2a:-45,6c:31:0e:56:e1:2b:-47,6c:31:0e:56:e1:2d:-47,6c:31:0e:56:e1:2c:-47
4/17/2026 0:57,A403,6c:31:0e:56:e1:25:-31,6c:31:0e:56:e1:2a:-45,6c:31:0e:56:e1:2b:-47,6c:31:0e:56:e1:2d:-47,6c:31:0e:56:e1:2c:-47
4/17/2026 0:57,A403,6c:31:0e:56:e1:2b:-45,6c:31:0e:56:e1:2d:-45,6c:31:0e:56:e1:2a:-46,6c:31:0e:56:e1:2c:-46,6c:31:0e:56:e1:2f:-46
4/17/2026 0:57,A403,6c:31:0e:56:e1:2b:-45,6c:31:0e:56:e1:2d:-45,6c:31:0e:56:e1:2a:-46,6c:31:0e:56:e1:2c:-46,6c:31:0e:56:e1:2f:-46
4/17/2026 0:57,A403,6c:31:0e:56:e1:2b:-45,6c:31:0e:56:e1:2d:-45,6c:31:0e:56:e1:2a:-46,6c:31:0e:56:e1:2c:-46,6c:31:0e:56:e1:2f:-46
4/17/2026 0:57,A403,6c:31:0e:56:e1:2a:-44,6c:31:0e:56:e1:2b:-45,6c:31:0e:56:e1:2d:-45,6c:31:0e:56:e1:2c:-45,6c:31:0e:56:e1:2f:-45
4/17/2026 0:57,A403,6c:31:0e:56:e1:2a:-44,6c:31:0e:56:e1:2b:-45,6c:31:0e:56:e1:2d:-45,6c:31:0e:56:e1:2c:-45,6c:31:0e:56:e1:2f:-45
4/17/2026 0:57,A403,6c:31:0e:56:e1:2a:-44,6c:31:0e:56:e1:2b:-45,6c:31:0e:56:e1:2d:-45,6c:31:0e:56:e1:2c:-45,6c:31:0e:56:e1:2f:-45
4/17/2026 0:57,A403,6c:31:0e:56:e1:2e:-38,6c:31:0e:56:e1:2b:-39,6c:31:0e:56:e1:2d:-39,6c:31:0e:56:e1:2c:-39,6c:31:0e:56:e1:2f:-39
4/17/2026 0:57,A403,6c:31:0e:56:e1:2e:-38,6c:31:0e:56:e1:2b:-39,6c:31:0e:56:e1:2d:-39,6c:31:0e:56:e1:2c:-39,6c:31:0e:56:e1:2f:-39
4/17/2026 0:57,A403,6c:31:0e:56:e1:2e:-38,6c:31:0e:56:e1:2b:-39,6c:31:0e:56:e1:2d:-39,6c:31:0e:56:e1:2c:-39,6c:31:0e:56:e1:2f:-39
4/17/2026 0:57,A403,6c:31:0e:56:e1:22:-34,6c:31:0e:56:e1:24:-34,6c:31:0e:56:e1:23:-34,6c:31:0e:56:e1:25:-34,6c:31:0e:56:e1:2a:-44
4/17/2026 0:57,A403,6c:31:0e:56:e1:22:-34,6c:31:0e:56:e1:24:-34,6c:31:0e:56:e1:23:-34,6c:31:0e:56:e1:25:-34,6c:31:0e:56:e1:2a:-44
4/17/2026 0:57,A403,6c:31:0e:56:e1:22:-34,6c:31:0e:56:e1:24:-34,6c:31:0e:56:e1:23:-34,6c:31:0e:56:e1:25:-34,6c:31:0e:56:e1:2a:-44
4/17/2026 0:57,A403,6c:31:0e:56:e1:2d:-43,6c:31:0e:56:e1:2e:-44,6c:31:0e:56:e1:2c:-45,6c:31:0e:56:e1:2f:-45,6c:31:0e:56:e1:2b:-46
4/17/2026 0:57,A403,6c:31:0e:56:e1:2d:-43,6c:31:0e:56:e1:2e:-44,6c:31:0e:56:e1:2c:-45,6c:31:0e:56:e1:2f:-45,6c:31:0e:56:e1:2b:-46
4/17/2026 0:57,A403,6c:31:0e:56:e1:2d:-43,6c:31:0e:56:e1:2e:-44,6c:31:0e:56:e1:2c:-45,6c:31:0e:56:e1:2f:-45,6c:31:0e:56:e1:2b:-46
4/17/2026 0:57,A403,6c:31:0e:56:e1:22:-33,6c:31:0e:56:e1:23:-34,6c:31:0e:56:e1:25:-34,6c:31:0e:56:e1:24:-35,6c:31:0e:56:e1:2a:-45
4/17/2026 0:58,A403,6c:31:0e:56:e1:22:-33,6c:31:0e:56:e1:23:-34,6c:31:0e:56:e1:25:-34,6c:31:0e:56:e1:24:-35,6c:31:0e:56:e1:2a:-45
4/17/2026 0:58,A403,6c:31:0e:56:e1:2a:-45,6c:31:0e:56:e1:2c:-46,6c:31:0e:56:e1:2f:-46,6c:31:0e:56:e1:2e:-46,6c:31:0e:56:e1:2b:-47
4/17/2026 0:58,A403,6c:31:0e:56:e1:2a:-45,6c:31:0e:56:e1:2c:-46,6c:31:0e:56:e1:2f:-46,6c:31:0e:56:e1:2e:-46,6c:31:0e:56:e1:2b:-47
4/17/2026 0:58,A403,6c:31:0e:56:e1:2a:-45,6c:31:0e:56:e1:2c:-46,6c:31:0e:56:e1:2f:-46,6c:31:0e:56:e1:2e:-46,6c:31:0e:56:e1:2b:-47
4/17/2026 0:58,A403,6c:31:0e:56:e1:2b:-44,6c:31:0e:56:e1:2d:-44,6c:31:0e:56:e1:2f:-44,6c:31:0e:56:e1:2a:-45,6c:31:0e:56:e1:2c:-45
4/17/2026 0:58,A403,6c:31:0e:56:e1:2b:-44,6c:31:0e:56:e1:2d:-44,6c:31:0e:56:e1:2f:-44,6c:31:0e:56:e1:2a:-45,6c:31:0e:56:e1:2c:-45
4/17/2026 0:58,A403,6c:31:0e:56:e1:2b:-44,6c:31:0e:56:e1:2d:-44,6c:31:0e:56:e1:2f:-44,6c:31:0e:56:e1:2a:-45,6c:31:0e:56:e1:2c:-45
4/17/2026 0:58,A403,6c:31:0e:56:e1:2c:-42,6c:31:0e:56:e1:2f:-42,6c:31:0e:56:e1:2e:-42,6c:31:0e:56:e1:2a:-43,6c:31:0e:56:e1:2d:-43
4/17/2026 0:58,A403,6c:31:0e:56:e1:2c:-42,6c:31:0e:56:e1:2f:-42,6c:31:0e:56:e1:2e:-42,6c:31:0e:56:e1:2a:-43,6c:31:0e:56:e1:2d:-43
4/17/2026 0:58,A403,6c:31:0e:56:e1:2c:-42,6c:31:0e:56:e1:2f:-42,6c:31:0e:56:e1:2e:-42,6c:31:0e:56:e1:2a:-43,6c:31:0e:56:e1:2d:-43
4/17/2026 0:58,A403,6c:31:0e:56:e1:2b:-41,6c:31:0e:56:e1:2c:-41,6c:31:0e:56:e1:2f:-41,6c:31:0e:56:e1:2e:-41,6c:31:0e:56:e1:2d:-42
4/17/2026 0:58,A403,6c:31:0e:56:e1:2b:-41,6c:31:0e:56:e1:2c:-41,6c:31:0e:56:e1:2f:-41,6c:31:0e:56:e1:2e:-41,6c:31:0e:56:e1:2d:-42
4/17/2026 0:58,A403,6c:31:0e:56:e1:2b:-41,6c:31:0e:56:e1:2c:-41,6c:31:0e:56:e1:2f:-41,6c:31:0e:56:e1:2e:-41,6c:31:0e:56:e1:2d:-42
4/17/2026 0:58,A403,6c:31:0e:56:e1:24:-32,6c:31:0e:56:e1:23:-32,6c:31:0e:56:e1:25:-32,6c:31:0e:56:e1:2b:-42,6c:31:0e:56:e1:2d:-42
4/17/2026 0:58,A403,6c:31:0e:56:e1:24:-32,6c:31:0e:56:e1:23:-32,6c:31:0e:56:e1:25:-32,6c:31:0e:56:e1:2b:-42,6c:31:0e:56:e1:2d:-42
4/17/2026 0:58,A403,6c:31:0e:56:e1:2c:-34,6c:31:0e:56:e1:2a:-35,6c:31:0e:56:e1:2d:-35,6c:31:0e:56:e1:2f:-35,6c:31:0e:56:e1:2e:-35
4/17/2026 0:58,A403,6c:31:0e:56:e1:2c:-34,6c:31:0e:56:e1:2a:-35,6c:31:0e:56:e1:2d:-35,6c:31:0e:56:e1:2f:-35,6c:31:0e:56:e1:2e:-35
4/17/2026 0:58,A403,6c:31:0e:56:e1:24:-30,6c:31:0e:56:e1:25:-31,6c:31:0e:56:e1:2a:-38,6c:31:0e:56:e1:2e:-40,6c:31:0e:56:e1:2b:-41
4/17/2026 0:58,A403,6c:31:0e:56:e1:24:-30,6c:31:0e:56:e1:25:-31,6c:31:0e:56:e1:2a:-38,6c:31:0e:56:e1:2e:-40,6c:31:0e:56:e1:2b:-41
4/17/2026 0:58,A403,6c:31:0e:56:e1:24:-30,6c:31:0e:56:e1:25:-31,6c:31:0e:56:e1:2a:-38,6c:31:0e:56:e1:2e:-40,6c:31:0e:56:e1:2b:-41
4/17/2026 0:58,A403,6c:31:0e:56:e1:2f:-40,6c:31:0e:56:e1:2b:-41,6c:31:0e:56:e1:2d:-41,6c:31:0e:56:e1:2e:-41,6c:31:0e:56:e1:2c:-42
4/17/2026 0:58,A403,6c:31:0e:56:e1:2f:-40,6c:31:0e:56:e1:2b:-41,6c:31:0e:56:e1:2d:-41,6c:31:0e:56:e1:2e:-41,6c:31:0e:56:e1:2c:-42
4/17/2026 0:58,A403,6c:31:0e:56:e1:2f:-40,6c:31:0e:56:e1:2b:-41,6c:31:0e:56:e1:2d:-41,6c:31:0e:56:e1:2e:-41,6c:31:0e:56:e1:2c:-42
4/17/2026 0:58,A403,6c:31:0e:56:e1:22:-31,6c:31:0e:56:e1:24:-31,6c:31:0e:56:e1:25:-31,6c:31:0e:56:e1:23:-32,6c:31:0e:56:e1:2a:-46
4/17/2026 0:58,A403,6c:31:0e:56:e1:22:-31,6c:31:0e:56:e1:24:-31,6c:31:0e:56:e1:25:-31,6c:31:0e:56:e1:23:-32,6c:31:0e:56:e1:2a:-46
4/17/2026 0:58,A403,6c:31:0e:56:e1:22:-31,6c:31:0e:56:e1:24:-31,6c:31:0e:56:e1:25:-31,6c:31:0e:56:e1:23:-32,6c:31:0e:56:e1:2a:-46
4/17/2026 0:58,A403,6c:31:0e:56:e1:24:-31,6c:31:0e:56:e1:22:-32,6c:31:0e:56:e1:21:-32,6c:31:0e:56:e1:23:-32,6c:31:0e:56:e1:25:-32
4/17/2026 0:58,A403,6c:31:0e:56:e1:24:-31,6c:31:0e:56:e1:22:-32,6c:31:0e:56:e1:21:-32,6c:31:0e:56:e1:23:-32,6c:31:0e:56:e1:25:-32
4/17/2026 0:59,A403,6c:31:0e:56:e1:2a:-43,6c:31:0e:56:e1:2d:-48,6c:31:0e:56:e1:2b:-49,6c:31:0e:56:e1:2c:-49,6c:31:0e:56:e1:2f:-49
4/17/2026 0:59,A403,6c:31:0e:56:e1:2a:-43,6c:31:0e:56:e1:2d:-48,6c:31:0e:56:e1:2b:-49,6c:31:0e:56:e1:2c:-49,6c:31:0e:56:e1:2f:-49
4/17/2026 0:59,A403,6c:31:0e:56:e1:2a:-43,6c:31:0e:56:e1:2d:-48,6c:31:0e:56:e1:2b:-49,6c:31:0e:56:e1:2c:-49,6c:31:0e:56:e1:2f:-49
4/17/2026 0:59,A403,6c:31:0e:56:e1:2a:-41,6c:31:0e:56:e1:2b:-42,6c:31:0e:56:e1:2d:-42,6c:31:0e:56:e1:2f:-42,6c:31:0e:56:e1:2c:-43
4/17/2026 0:59,A403,6c:31:0e:56:e1:2a:-41,6c:31:0e:56:e1:2b:-42,6c:31:0e:56:e1:2d:-42,6c:31:0e:56:e1:2f:-42,6c:31:0e:56:e1:2c:-43
4/17/2026 0:59,A403,6c:31:0e:56:e1:2a:-41,6c:31:0e:56:e1:2b:-42,6c:31:0e:56:e1:2d:-42,6c:31:0e:56:e1:2f:-42,6c:31:0e:56:e1:2c:-43
4/17/2026 0:59,A403,6c:31:0e:56:e1:22:-33,6c:31:0e:56:e1:24:-33,6c:31:0e:56:e1:23:-33,6c:31:0e:56:e1:25:-33,6c:31:0e:56:e1:2c:-43
4/17/2026 0:59,A403,6c:31:0e:56:e1:22:-33,6c:31:0e:56:e1:24:-33,6c:31:0e:56:e1:23:-33,6c:31:0e:56:e1:25:-33,6c:31:0e:56:e1:2c:-43
4/17/2026 0:59,A403,6c:31:0e:56:e1:22:-33,6c:31:0e:56:e1:24:-33,6c:31:0e:56:e1:23:-33,6c:31:0e:56:e1:25:-33,6c:31:0e:56:e1:2c:-43
4/17/2026 0:59,A403,6c:31:0e:56:e1:22:-33,6c:31:0e:56:e1:24:-33,6c:31:0e:56:e1:25:-33,6c:31:0e:56:e1:23:-34,6c:31:0e:56:e1:2a:-44
4/17/2026 0:59,A403,6c:31:0e:56:e1:22:-33,6c:31:0e:56:e1:24:-33,6c:31:0e:56:e1:25:-33,6c:31:0e:56:e1:23:-34,6c:31:0e:56:e1:2a:-44
4/17/2026 0:59,A403,6c:31:0e:56:e1:22:-33,6c:31:0e:56:e1:24:-33,6c:31:0e:56:e1:25:-33,6c:31:0e:56:e1:23:-34,6c:31:0e:56:e1:2a:-44
4/17/2026 0:59,A403,6c:31:0e:56:e1:2b:-41,6c:31:0e:56:e1:2d:-41,6c:31:0e:56:e1:2c:-41,6c:31:0e:56:e1:2f:-41,6c:31:0e:56:e1:2e:-41
4/17/2026 0:59,A403,6c:31:0e:56:e1:2b:-41,6c:31:0e:56:e1:2d:-41,6c:31:0e:56:e1:2c:-41,6c:31:0e:56:e1:2f:-41,6c:31:0e:56:e1:2e:-41
4/17/2026 0:59,A403,6c:31:0e:56:e1:2b:-41,6c:31:0e:56:e1:2d:-41,6c:31:0e:56:e1:2c:-41,6c:31:0e:56:e1:2f:-41,6c:31:0e:56:e1:2e:-41
4/17/2026 0:59,A403,6c:31:0e:56:e1:2c:-44,6c:31:0e:56:e1:2f:-44,6c:31:0e:56:e1:2b:-45,6c:31:0e:56:e1:2a:-45,6c:31:0e:56:e1:2d:-45
4/17/2026 0:59,A403,6c:31:0e:56:e1:2c:-44,6c:31:0e:56:e1:2f:-44,6c:31:0e:56:e1:2b:-45,6c:31:0e:56:e1:2a:-45,6c:31:0e:56:e1:2d:-45
4/17/2026 0:59,A403,6c:31:0e:56:e1:2c:-44,6c:31:0e:56:e1:2f:-44,6c:31:0e:56:e1:2b:-45,6c:31:0e:56:e1:2a:-45,6c:31:0e:56:e1:2d:-45
4/17/2026 0:59,A403,6c:31:0e:56:e1:2d:-38,6c:31:0e:56:e1:2c:-38,6c:31:0e:56:e1:2b:-39,6c:31:0e:56:e1:2f:-39,6c:31:0e:56:e1:2e:-39
4/17/2026 0:59,A403,6c:31:0e:56:e1:2d:-38,6c:31:0e:56:e1:2c:-38,6c:31:0e:56:e1:2b:-39,6c:31:0e:56:e1:2f:-39,6c:31:0e:56:e1:2e:-39
4/17/2026 0:59,A403,6c:31:0e:56:e1:2a:-40,6c:31:0e:56:e1:2d:-44,6c:31:0e:56:e1:2c:-44,6c:31:0e:56:e1:2f:-44,6c:31:0e:56:e1:2b:-45
4/17/2026 0:59,A403,6c:31:0e:56:e1:2a:-40,6c:31:0e:56:e1:2d:-44,6c:31:0e:56:e1:2c:-44,6c:31:0e:56:e1:2f:-44,6c:31:0e:56:e1:2b:-45
4/17/2026 0:59,A403,6c:31:0e:56:e1:24:-30,6c:31:0e:56:e1:23:-30,6c:31:0e:56:e1:25:-30,6c:31:0e:56:e1:2a:-40,6c:31:0e:56:e1:2b:-42
4/17/2026 0:59,A403,6c:31:0e:56:e1:24:-30,6c:31:0e:56:e1:23:-30,6c:31:0e:56:e1:25:-30,6c:31:0e:56:e1:2a:-40,6c:31:0e:56:e1:2b:-42
4/17/2026 0:59,A403,6c:31:0e:56:e1:24:-30,6c:31:0e:56:e1:23:-30,6c:31:0e:56:e1:25:-30,6c:31:0e:56:e1:2a:-40,6c:31:0e:56:e1:2b:-42
4/17/2026 0:59,A403,6c:31:0e:56:e1:24:-36,6c:31:0e:56:e1:23:-36,6c:31:0e:56:e1:25:-36,6c:31:0e:56:e1:2a:-37,6c:31:0e:56:e1:2f:-40
4/17/2026 0:59,A403,6c:31:0e:56:e1:24:-36,6c:31:0e:56:e1:23:-36,6c:31:0e:56:e1:25:-36,6c:31:0e:56:e1:2a:-37,6c:31:0e:56:e1:2f:-40
4/17/2026 1:00,A404,40:01:7a:53:96:8c:-35,40:01:7a:53:96:8d:-36,40:01:7a:53:96:8f:-36,40:01:7a:53:96:8a:-36,40:01:7a:53:96:8e:-37
4/17/2026 1:00,A404,40:01:7a:53:96:8c:-35,40:01:7a:53:96:8d:-36,40:01:7a:53:96:8f:-36,40:01:7a:53:96:8a:-36,40:01:7a:53:96:8e:-37
4/17/2026 1:00,A404,40:01:7a:53:96:81:-35,40:01:7a:53:96:80:-35,40:01:7a:53:96:82:-35,40:01:7a:53:96:8c:-36,40:01:7a:53:96:8f:-36
4/17/2026 1:00,A404,40:01:7a:53:96:81:-35,40:01:7a:53:96:80:-35,40:01:7a:53:96:82:-35,40:01:7a:53:96:8c:-36,40:01:7a:53:96:8f:-36
4/17/2026 1:01,A404,40:01:7a:53:96:82:-39,40:01:7a:53:96:8d:-40,40:01:7a:53:96:81:-40,40:01:7a:53:96:80:-40,40:01:7a:53:96:8e:-41
4/17/2026 1:01,A404,40:01:7a:53:96:82:-39,40:01:7a:53:96:8d:-40,40:01:7a:53:96:81:-40,40:01:7a:53:96:80:-40,40:01:7a:53:96:8e:-41
4/17/2026 1:01,A404,40:01:7a:53:96:82:-39,40:01:7a:53:96:8d:-40,40:01:7a:53:96:81:-40,40:01:7a:53:96:80:-40,40:01:7a:53:96:8e:-41
4/17/2026 1:01,A404,40:01:7a:53:96:80:-34,40:01:7a:53:96:84:-35,40:01:7a:53:96:83:-35,40:01:7a:53:96:82:-35,5c:60:ba:2c:29:05:-44
4/17/2026 1:01,A404,40:01:7a:53:96:80:-34,40:01:7a:53:96:84:-35,40:01:7a:53:96:83:-35,40:01:7a:53:96:82:-35,5c:60:ba:2c:29:05:-44
4/17/2026 1:01,A404,40:01:7a:53:96:80:-34,40:01:7a:53:96:84:-35,40:01:7a:53:96:83:-35,40:01:7a:53:96:82:-35,5c:60:ba:2c:29:05:-44
4/17/2026 1:01,A404,40:01:7a:53:96:81:-32,40:01:7a:53:96:82:-32,40:01:7a:53:96:8b:-33,40:01:7a:53:96:8e:-34,40:01:7a:53:96:8c:-34
4/17/2026 1:01,A404,40:01:7a:53:96:81:-32,40:01:7a:53:96:82:-32,40:01:7a:53:96:8b:-33,40:01:7a:53:96:8e:-34,40:01:7a:53:96:8c:-34
4/17/2026 1:01,A404,40:01:7a:53:96:81:-32,40:01:7a:53:96:82:-32,40:01:7a:53:96:8b:-33,40:01:7a:53:96:8e:-34,40:01:7a:53:96:8c:-34
4/17/2026 1:01,A404,40:01:7a:53:96:81:-31,40:01:7a:53:96:82:-31,40:01:7a:53:96:8d:-32,40:01:7a:53:96:8f:-32,40:01:7a:53:96:80:-32
4/17/2026 1:01,A404,40:01:7a:53:96:81:-31,40:01:7a:53:96:82:-31,40:01:7a:53:96:8d:-32,40:01:7a:53:96:8f:-32,40:01:7a:53:96:80:-32
4/17/2026 1:01,A404,40:01:7a:53:96:81:-31,40:01:7a:53:96:82:-31,40:01:7a:53:96:8d:-32,40:01:7a:53:96:8f:-32,40:01:7a:53:96:80:-32
4/17/2026 1:01,A404,40:01:7a:53:96:82:-32,40:01:7a:53:96:81:-33,40:01:7a:53:96:80:-33,40:01:7a:53:96:83:-34,40:01:7a:53:96:8b:-44
4/17/2026 1:01,A404,40:01:7a:53:96:82:-32,40:01:7a:53:96:81:-33,40:01:7a:53:96:80:-33,40:01:7a:53:96:83:-34,40:01:7a:53:96:8b:-44
4/17/2026 1:01,A404,40:01:7a:53:96:82:-32,40:01:7a:53:96:81:-33,40:01:7a:53:96:80:-33,40:01:7a:53:96:83:-34,40:01:7a:53:96:8b:-44
4/17/2026 1:01,A404,40:01:7a:53:96:8e:-35,40:01:7a:53:96:81:-35,40:01:7a:53:96:82:-35,40:01:7a:53:96:8d:-36,40:01:7a:53:96:8c:-36
4/17/2026 1:01,A404,40:01:7a:53:96:8e:-35,40:01:7a:53:96:81:-35,40:01:7a:53:96:82:-35,40:01:7a:53:96:8d:-36,40:01:7a:53:96:8c:-36
4/17/2026 1:01,A404,40:01:7a:53:96:8e:-35,40:01:7a:53:96:81:-35,40:01:7a:53:96:82:-35,40:01:7a:53:96:8d:-36,40:01:7a:53:96:8c:-36
4/17/2026 1:01,A404,40:01:7a:53:96:8e:-35,40:01:7a:53:96:81:-35,40:01:7a:53:96:82:-35,40:01:7a:53:96:8d:-36,40:01:7a:53:96:8c:-36
4/17/2026 1:01,A404,40:01:7a:53:96:80:-32,40:01:7a:53:96:82:-32,40:01:7a:53:96:83:-34,40:01:7a:53:96:8b:-48,40:01:7a:53:96:8d:-49
4/17/2026 1:01,A404,40:01:7a:53:96:80:-32,40:01:7a:53:96:82:-32,40:01:7a:53:96:83:-34,40:01:7a:53:96:8b:-48,40:01:7a:53:96:8d:-49
4/17/2026 1:01,A404,40:01:7a:53:96:81:-34,40:01:7a:53:96:80:-34,40:01:7a:53:96:83:-34,40:01:7a:53:96:82:-34,40:01:7a:53:96:8b:-38
4/17/2026 1:01,A404,40:01:7a:53:96:81:-34,40:01:7a:53:96:80:-34,40:01:7a:53:96:83:-34,40:01:7a:53:96:82:-34,40:01:7a:53:96:8b:-38
4/17/2026 1:01,A404,40:01:7a:53:96:81:-34,40:01:7a:53:96:80:-34,40:01:7a:53:96:83:-34,40:01:7a:53:96:82:-34,40:01:7a:53:96:8b:-38
4/17/2026 1:01,A404,40:01:7a:53:96:81:-34,40:01:7a:53:96:80:-34,40:01:7a:53:96:82:-34,40:01:7a:53:96:8a:-41,40:01:7a:53:96:8e:-41
4/17/2026 1:01,A404,40:01:7a:53:96:81:-34,40:01:7a:53:96:80:-34,40:01:7a:53:96:82:-34,40:01:7a:53:96:8a:-41,40:01:7a:53:96:8e:-41
4/17/2026 1:01,A404,40:01:7a:53:96:81:-33,40:01:7a:53:96:80:-33,40:01:7a:53:96:82:-33,40:01:7a:53:96:8a:-38,40:01:7a:53:96:8e:-38
4/17/2026 1:01,A404,40:01:7a:53:96:81:-33,40:01:7a:53:96:80:-33,40:01:7a:53:96:82:-33,40:01:7a:53:96:8a:-38,40:01:7a:53:96:8e:-38
4/17/2026 1:01,A404,40:01:7a:53:96:81:-33,40:01:7a:53:96:80:-33,40:01:7a:53:96:82:-33,40:01:7a:53:96:8a:-38,40:01:7a:53:96:8e:-38
4/17/2026 1:01,A404,40:01:7a:53:96:81:-35,40:01:7a:53:96:80:-35,40:01:7a:53:96:83:-35,40:01:7a:53:96:82:-35,40:01:7a:53:96:8b:-38
4/17/2026 1:02,A404,40:01:7a:53:96:81:-35,40:01:7a:53:96:80:-35,40:01:7a:53:96:83:-35,40:01:7a:53:96:82:-35,40:01:7a:53:96:8b:-38
4/17/2026 1:02,A404,40:01:7a:53:96:81:-35,40:01:7a:53:96:80:-35,40:01:7a:53:96:83:-35,40:01:7a:53:96:82:-35,40:01:7a:53:96:8b:-38
4/17/2026 1:02,A404,40:01:7a:53:96:81:-35,40:01:7a:53:96:80:-35,40:01:7a:53:96:83:-35,40:01:7a:53:96:82:-35,40:01:7a:53:96:8b:-38
4/17/2026 1:02,A404,40:01:7a:53:96:80:-35,40:01:7a:53:96:82:-35,40:01:7a:53:96:81:-36,40:01:7a:53:96:83:-37,40:01:7a:53:96:8a:-39
4/17/2026 1:02,A404,40:01:7a:53:96:80:-35,40:01:7a:53:96:82:-35,40:01:7a:53:96:81:-36,40:01:7a:53:96:83:-37,40:01:7a:53:96:8a:-39
4/17/2026 1:02,A404,40:01:7a:53:96:81:-38,40:01:7a:53:96:80:-38,40:01:7a:53:96:82:-38,40:01:7a:53:96:8e:-41,40:01:7a:53:96:8f:-41
4/17/2026 1:02,A404,40:01:7a:53:96:81:-38,40:01:7a:53:96:80:-38,40:01:7a:53:96:82:-38,40:01:7a:53:96:8e:-41,40:01:7a:53:96:8f:-41
4/17/2026 1:02,A404,40:01:7a:53:96:81:-38,40:01:7a:53:96:80:-38,40:01:7a:53:96:82:-38,40:01:7a:53:96:8e:-41,40:01:7a:53:96:8f:-41
4/17/2026 1:02,A404,40:01:7a:53:96:8c:-45,40:01:7a:53:96:8b:-45,40:01:7a:53:96:8f:-45,40:01:7a:53:96:8e:-46,40:01:7a:53:96:8d:-46
4/17/2026 1:02,A404,40:01:7a:53:96:8c:-45,40:01:7a:53:96:8b:-45,40:01:7a:53:96:8f:-45,40:01:7a:53:96:8e:-46,40:01:7a:53:96:8d:-46
4/17/2026 1:02,A404,40:01:7a:53:96:8c:-45,40:01:7a:53:96:8b:-45,40:01:7a:53:96:8f:-45,40:01:7a:53:96:8e:-46,40:01:7a:53:96:8d:-46
4/17/2026 1:02,A404,40:01:7a:53:96:81:-35,40:01:7a:53:96:80:-35,40:01:7a:53:96:82:-35,40:01:7a:53:96:8a:-47,40:01:7a:53:96:8e:-48
4/17/2026 1:02,A404,40:01:7a:53:96:81:-35,40:01:7a:53:96:80:-35,40:01:7a:53:96:82:-35,40:01:7a:53:96:8a:-47,40:01:7a:53:96:8e:-48
4/17/2026 1:02,A404,40:01:7a:53:96:80:-37,40:01:7a:53:96:81:-38,40:01:7a:53:96:82:-38,40:01:7a:53:96:8d:-41,40:01:7a:53:96:8c:-41
4/17/2026 1:02,A404,40:01:7a:53:96:80:-37,40:01:7a:53:96:81:-38,40:01:7a:53:96:82:-38,40:01:7a:53:96:8d:-41,40:01:7a:53:96:8c:-41
4/17/2026 1:02,A404,40:01:7a:53:96:8e:-33,40:01:7a:53:96:8c:-33,40:01:7a:53:96:8f:-33,40:01:7a:53:96:8d:-34,40:01:7a:53:96:8b:-34
4/17/2026 1:02,A404,40:01:7a:53:96:8e:-33,40:01:7a:53:96:8c:-33,40:01:7a:53:96:8f:-33,40:01:7a:53:96:8d:-34,40:01:7a:53:96:8b:-34
4/17/2026 1:02,A404,40:01:7a:53:96:8e:-33,40:01:7a:53:96:8c:-33,40:01:7a:53:96:8f:-33,40:01:7a:53:96:8d:-34,40:01:7a:53:96:8b:-34
4/17/2026 1:02,A404,40:01:7a:53:96:81:-38,40:01:7a:53:96:8d:-40,40:01:7a:53:96:8c:-40,40:01:7a:53:96:80:-40,40:01:7a:53:96:82:-40
4/17/2026 1:02,A404,40:01:7a:53:96:81:-38,40:01:7a:53:96:8d:-40,40:01:7a:53:96:8c:-40,40:01:7a:53:96:80:-40,40:01:7a:53:96:82:-40
4/17/2026 1:02,A404,40:01:7a:53:96:8e:-35,40:01:7a:53:96:8f:-35,40:01:7a:53:96:8a:-35,40:01:7a:53:96:8c:-36,40:01:7a:53:96:8b:-36
4/17/2026 1:02,A404,40:01:7a:53:96:8e:-35,40:01:7a:53:96:8f:-35,40:01:7a:53:96:8a:-35,40:01:7a:53:96:8c:-36,40:01:7a:53:96:8b:-36
4/17/2026 1:02,A404,40:01:7a:53:96:8d:-37,40:01:7a:53:96:8e:-38,40:01:7a:53:96:8c:-38,40:01:7a:53:96:8b:-38,40:01:7a:53:96:8f:-38
4/17/2026 1:02,A404,40:01:7a:53:96:8d:-37,40:01:7a:53:96:8e:-38,40:01:7a:53:96:8c:-38,40:01:7a:53:96:8b:-38,40:01:7a:53:96:8f:-38
4/17/2026 1:02,A404,40:01:7a:53:96:8d:-37,40:01:7a:53:96:8e:-38,40:01:7a:53:96:8c:-38,40:01:7a:53:96:8b:-38,40:01:7a:53:96:8f:-38
4/17/2026 1:02,A404,40:01:7a:53:96:8a:-42,40:01:7a:53:96:8b:-42,40:01:7a:53:96:8f:-42,40:01:7a:53:96:8e:-43,40:01:7a:53:96:8d:-43
4/17/2026 1:02,A404,40:01:7a:53:96:8a:-42,40:01:7a:53:96:8b:-42,40:01:7a:53:96:8f:-42,40:01:7a:53:96:8e:-43,40:01:7a:53:96:8d:-43
4/17/2026 1:03,A404,40:01:7a:53:96:8a:-34,40:01:7a:53:96:8e:-35,40:01:7a:53:96:8c:-35,40:01:7a:53:96:8f:-35,40:01:7a:53:96:8d:-36
4/17/2026 1:03,A404,40:01:7a:53:96:8a:-34,40:01:7a:53:96:8e:-35,40:01:7a:53:96:8c:-35,40:01:7a:53:96:8f:-35,40:01:7a:53:96:8d:-36
4/17/2026 1:03,A404,40:01:7a:53:96:8a:-34,40:01:7a:53:96:8e:-35,40:01:7a:53:96:8c:-35,40:01:7a:53:96:8f:-35,40:01:7a:53:96:8d:-36
4/17/2026 1:03,A404,40:01:7a:53:96:8c:-34,40:01:7a:53:96:8b:-34,40:01:7a:53:96:8f:-34,40:01:7a:53:96:8e:-35,40:01:7a:53:96:8d:-35
4/17/2026 1:03,A404,40:01:7a:53:96:8c:-34,40:01:7a:53:96:8b:-34,40:01:7a:53:96:8f:-34,40:01:7a:53:96:8e:-35,40:01:7a:53:96:8d:-35
4/17/2026 1:03,A404,40:01:7a:53:96:8c:-34,40:01:7a:53:96:8b:-34,40:01:7a:53:96:8f:-34,40:01:7a:53:96:8e:-35,40:01:7a:53:96:8d:-35
4/17/2026 1:03,A404,40:01:7a:53:96:81:-36,40:01:7a:53:96:83:-36,40:01:7a:53:96:82:-36,40:01:7a:53:96:80:-37,40:01:7a:53:96:8b:-40
4/17/2026 1:03,A404,40:01:7a:53:96:81:-36,40:01:7a:53:96:83:-36,40:01:7a:53:96:82:-36,40:01:7a:53:96:80:-37,40:01:7a:53:96:8b:-40
4/17/2026 1:03,A404,40:01:7a:53:96:8a:-35,40:01:7a:53:96:8f:-36,40:01:7a:53:96:8e:-37,40:01:7a:53:96:8d:-37,40:01:7a:53:96:8c:-37
4/17/2026 1:03,A404,40:01:7a:53:96:8a:-35,40:01:7a:53:96:8f:-36,40:01:7a:53:96:8e:-37,40:01:7a:53:96:8d:-37,40:01:7a:53:96:8c:-37
4/17/2026 1:03,A404,40:01:7a:53:96:8a:-35,40:01:7a:53:96:8f:-36,40:01:7a:53:96:8e:-37,40:01:7a:53:96:8d:-37,40:01:7a:53:96:8c:-37
4/17/2026 1:03,A404,40:01:7a:53:96:82:-35,40:01:7a:53:96:83:-37,40:01:7a:53:96:81:-38,40:01:7a:53:96:80:-38,40:01:7a:53:96:8d:-40
4/17/2026 1:03,A404,40:01:7a:53:96:82:-35,40:01:7a:53:96:83:-37,40:01:7a:53:96:81:-38,40:01:7a:53:96:80:-38,40:01:7a:53:96:8d:-40
4/17/2026 1:03,A404,40:01:7a:53:96:81:-36,40:01:7a:53:96:82:-36,40:01:7a:53:96:80:-37,40:01:7a:53:96:8e:-45,40:01:7a:53:96:8d:-45
4/17/2026 1:03,A404,40:01:7a:53:96:81:-36,40:01:7a:53:96:82:-36,40:01:7a:53:96:80:-37,40:01:7a:53:96:8e:-45,40:01:7a:53:96:8d:-45
4/17/2026 1:03,A404,40:01:7a:53:96:81:-36,40:01:7a:53:96:82:-36,40:01:7a:53:96:80:-37,40:01:7a:53:96:8e:-45,40:01:7a:53:96:8d:-45
4/17/2026 1:03,A404,40:01:7a:53:96:81:-38,40:01:7a:53:96:80:-38,40:01:7a:53:96:82:-38,40:01:7a:53:96:8d:-39,40:01:7a:53:96:8e:-40
4/17/2026 1:03,A404,40:01:7a:53:96:81:-38,40:01:7a:53:96:80:-38,40:01:7a:53:96:82:-38,40:01:7a:53:96:8d:-39,40:01:7a:53:96:8e:-40
4/17/2026 1:03,A404,40:01:7a:53:96:81:-38,40:01:7a:53:96:80:-38,40:01:7a:53:96:82:-38,40:01:7a:53:96:8d:-39,40:01:7a:53:96:8e:-40
4/17/2026 1:03,A404,40:01:7a:53:96:8d:-36,40:01:7a:53:96:8b:-36,40:01:7a:53:96:8e:-38,40:01:7a:53:96:8c:-38,40:01:7a:53:96:8f:-38
4/17/2026 1:03,A404,40:01:7a:53:96:8d:-36,40:01:7a:53:96:8b:-36,40:01:7a:53:96:8e:-38,40:01:7a:53:96:8c:-38,40:01:7a:53:96:8f:-38
4/17/2026 1:03,A404,40:01:7a:53:96:8d:-36,40:01:7a:53:96:8b:-36,40:01:7a:53:96:8e:-38,40:01:7a:53:96:8c:-38,40:01:7a:53:96:8f:-38
4/17/2026 1:03,A404,40:01:7a:53:96:80:-36,40:01:7a:53:96:81:-38,40:01:7a:53:96:8a:-41,40:01:7a:53:96:8e:-42,40:01:7a:53:96:8b:-42
4/17/2026 1:03,A404,40:01:7a:53:96:80:-36,40:01:7a:53:96:81:-38,40:01:7a:53:96:8a:-41,40:01:7a:53:96:8e:-42,40:01:7a:53:96:8b:-42
4/17/2026 1:03,A404,40:01:7a:53:96:8e:-36,40:01:7a:53:96:8c:-37,40:01:7a:53:96:8f:-37,40:01:7a:53:96:8d:-38,40:01:7a:53:96:8b:-38
4/17/2026 1:03,A404,40:01:7a:53:96:8e:-36,40:01:7a:53:96:8c:-37,40:01:7a:53:96:8f:-37,40:01:7a:53:96:8d:-38,40:01:7a:53:96:8b:-38
4/17/2026 1:03,A404,40:01:7a:53:96:81:-37,40:01:7a:53:96:82:-39,40:01:7a:53:96:80:-40,40:01:7a:53:96:8a:-42,40:01:7a:53:96:8e:-43
4/17/2026 1:04,A404,40:01:7a:53:96:81:-37,40:01:7a:53:96:82:-39,40:01:7a:53:96:80:-40,40:01:7a:53:96:8a:-42,40:01:7a:53:96:8e:-43
4/17/2026 1:04,A404,40:01:7a:53:96:81:-37,40:01:7a:53:96:82:-39,40:01:7a:53:96:80:-40,40:01:7a:53:96:8a:-42,40:01:7a:53:96:8e:-43
4/17/2026 1:04,A404,40:01:7a:53:96:8d:-34,40:01:7a:53:96:8c:-34,40:01:7a:53:96:8b:-35,40:01:7a:53:96:8a:-35,40:01:7a:53:96:8e:-36
4/17/2026 1:04,A404,40:01:7a:53:96:8d:-34,40:01:7a:53:96:8c:-34,40:01:7a:53:96:8b:-35,40:01:7a:53:96:8a:-35,40:01:7a:53:96:8e:-36
4/17/2026 1:04,A404,40:01:7a:53:96:81:-40,40:01:7a:53:96:80:-40,40:01:7a:53:96:82:-41,40:01:7a:53:96:8e:-43,40:01:7a:53:96:8b:-43
4/17/2026 1:04,A404,40:01:7a:53:96:81:-40,40:01:7a:53:96:80:-40,40:01:7a:53:96:82:-41,40:01:7a:53:96:8e:-43,40:01:7a:53:96:8b:-43
4/17/2026 1:04,A404,40:01:7a:53:96:81:-40,40:01:7a:53:96:80:-40,40:01:7a:53:96:82:-41,40:01:7a:53:96:8e:-43,40:01:7a:53:96:8b:-43
4/17/2026 1:04,A404,40:01:7a:53:96:80:-38,40:01:7a:53:96:82:-39,40:01:7a:53:96:8e:-40,40:01:7a:53:96:8d:-40,40:01:7a:53:96:8c:-40
4/17/2026 1:04,A404,40:01:7a:53:96:80:-38,40:01:7a:53:96:82:-39,40:01:7a:53:96:8e:-40,40:01:7a:53:96:8d:-40,40:01:7a:53:96:8c:-40
4/17/2026 1:04,A404,40:01:7a:53:96:81:-38,40:01:7a:53:96:82:-38,40:01:7a:53:96:8e:-40,40:01:7a:53:96:8d:-40,40:01:7a:53:96:8c:-40
4/17/2026 1:09,A405,40:01:7a:53:96:8f:-35,40:01:7a:53:96:8a:-35,40:01:7a:53:96:8e:-36,40:01:7a:53:96:8d:-36,40:01:7a:53:96:8c:-36
4/17/2026 1:10,A405,40:01:7a:53:96:81:-28,40:01:7a:53:96:85:-28,40:01:7a:53:96:83:-28,40:01:7a:53:96:82:-28,40:01:7a:53:96:80:-29
4/17/2026 1:10,A405,40:01:7a:53:96:81:-28,40:01:7a:53:96:85:-28,40:01:7a:53:96:83:-28,40:01:7a:53:96:82:-28,40:01:7a:53:96:80:-29
4/17/2026 1:10,A405,40:01:7a:53:96:81:-31,40:01:7a:53:96:83:-31,40:01:7a:53:96:82:-31,40:01:7a:53:96:85:-32,40:01:7a:53:96:84:-32
4/17/2026 1:10,A405,40:01:7a:53:96:81:-31,40:01:7a:53:96:83:-31,40:01:7a:53:96:82:-31,40:01:7a:53:96:85:-32,40:01:7a:53:96:84:-32
4/17/2026 1:10,A405,40:01:7a:53:96:81:-32,40:01:7a:53:96:80:-32,40:01:7a:53:96:85:-32,40:01:7a:53:96:84:-32,40:01:7a:53:96:83:-32
4/17/2026 1:10,A405,40:01:7a:53:96:81:-32,40:01:7a:53:96:80:-32,40:01:7a:53:96:85:-32,40:01:7a:53:96:84:-32,40:01:7a:53:96:83:-32
4/17/2026 1:10,A405,40:01:7a:53:96:81:-32,40:01:7a:53:96:80:-32,40:01:7a:53:96:85:-32,40:01:7a:53:96:84:-32,40:01:7a:53:96:83:-32
4/17/2026 1:10,A405,40:01:7a:53:96:84:-31,40:01:7a:53:96:83:-31,40:01:7a:53:96:82:-31,40:01:7a:53:96:81:-32,40:01:7a:53:96:80:-32
4/17/2026 1:10,A405,40:01:7a:53:96:84:-31,40:01:7a:53:96:83:-31,40:01:7a:53:96:82:-31,40:01:7a:53:96:81:-32,40:01:7a:53:96:80:-32
4/17/2026 1:10,A405,40:01:7a:53:96:84:-31,40:01:7a:53:96:83:-31,40:01:7a:53:96:82:-31,40:01:7a:53:96:81:-32,40:01:7a:53:96:80:-32
4/17/2026 1:10,A405,40:01:7a:53:96:80:-29,40:01:7a:53:96:85:-32,40:01:7a:53:96:84:-32,40:01:7a:53:96:83:-32,40:01:7a:53:96:82:-32
4/17/2026 1:10,A405,40:01:7a:53:96:80:-29,40:01:7a:53:96:85:-32,40:01:7a:53:96:84:-32,40:01:7a:53:96:83:-32,40:01:7a:53:96:82:-32
4/17/2026 1:10,A405,40:01:7a:53:96:80:-29,40:01:7a:53:96:85:-32,40:01:7a:53:96:84:-32,40:01:7a:53:96:83:-32,40:01:7a:53:96:82:-32
4/17/2026 1:10,A405,40:01:7a:53:96:80:-29,40:01:7a:53:96:85:-32,40:01:7a:53:96:84:-32,40:01:7a:53:96:83:-32,40:01:7a:53:96:82:-32
4/17/2026 1:10,A405,40:01:7a:53:96:81:-32,40:01:7a:53:96:80:-32,40:01:7a:53:96:85:-32,40:01:7a:53:96:82:-32,40:01:7a:53:96:83:-33
4/17/2026 1:10,A405,40:01:7a:53:96:81:-32,40:01:7a:53:96:80:-32,40:01:7a:53:96:85:-32,40:01:7a:53:96:82:-32,40:01:7a:53:96:83:-33
4/17/2026 1:10,A405,40:01:7a:53:96:81:-32,40:01:7a:53:96:80:-32,40:01:7a:53:96:85:-32,40:01:7a:53:96:82:-32,40:01:7a:53:96:83:-33
4/17/2026 1:10,A405,40:01:7a:53:96:81:-32,40:01:7a:53:96:80:-32,40:01:7a:53:96:85:-32,40:01:7a:53:96:84:-32,40:01:7a:53:96:83:-32
4/17/2026 1:10,A405,40:01:7a:53:96:81:-32,40:01:7a:53:96:80:-32,40:01:7a:53:96:85:-32,40:01:7a:53:96:84:-32,40:01:7a:53:96:83:-32
4/17/2026 1:10,A405,40:01:7a:53:96:81:-32,40:01:7a:53:96:80:-32,40:01:7a:53:96:85:-32,40:01:7a:53:96:84:-32,40:01:7a:53:96:82:-32
4/17/2026 1:10,A405,40:01:7a:53:96:81:-32,40:01:7a:53:96:80:-32,40:01:7a:53:96:85:-32,40:01:7a:53:96:84:-32,40:01:7a:53:96:82:-32
4/17/2026 1:11,A405,40:01:7a:53:96:81:-27,40:01:7a:53:96:80:-27,40:01:7a:53:96:85:-27,40:01:7a:53:96:84:-27,40:01:7a:53:96:83:-27
4/17/2026 1:11,A405,40:01:7a:53:96:81:-27,40:01:7a:53:96:80:-27,40:01:7a:53:96:85:-27,40:01:7a:53:96:84:-27,40:01:7a:53:96:83:-27
4/17/2026 1:11,A405,40:01:7a:53:96:81:-30,40:01:7a:53:96:80:-30,40:01:7a:53:96:85:-30,40:01:7a:53:96:83:-30,40:01:7a:53:96:82:-30
4/17/2026 1:11,A405,40:01:7a:53:96:81:-30,40:01:7a:53:96:80:-30,40:01:7a:53:96:85:-30,40:01:7a:53:96:83:-30,40:01:7a:53:96:82:-30
4/17/2026 1:11,A405,40:01:7a:53:96:81:-30,40:01:7a:53:96:80:-30,40:01:7a:53:96:85:-30,40:01:7a:53:96:83:-30,40:01:7a:53:96:82:-30
4/17/2026 1:11,A405,40:01:7a:53:96:81:-31,40:01:7a:53:96:84:-31,40:01:7a:53:96:83:-31,40:01:7a:53:96:82:-31,40:01:7a:53:96:80:-32
4/17/2026 1:11,A405,40:01:7a:53:96:81:-31,40:01:7a:53:96:84:-31,40:01:7a:53:96:83:-31,40:01:7a:53:96:82:-31,40:01:7a:53:96:80:-32
4/17/2026 1:11,A405,40:01:7a:53:96:81:-32,40:01:7a:53:96:80:-32,40:01:7a:53:96:83:-32,40:01:7a:53:96:82:-32,40:01:7a:53:96:84:-33
4/17/2026 1:11,A405,40:01:7a:53:96:81:-32,40:01:7a:53:96:80:-32,40:01:7a:53:96:83:-32,40:01:7a:53:96:82:-32,40:01:7a:53:96:84:-33
4/17/2026 1:11,A405,40:01:7a:53:96:81:-32,40:01:7a:53:96:80:-32,40:01:7a:53:96:83:-32,40:01:7a:53:96:82:-32,40:01:7a:53:96:84:-33
4/17/2026 1:11,A405,40:01:7a:53:96:8a:-47,40:01:7a:53:96:8e:-47,40:01:7a:53:96:8d:-47,40:01:7a:53:96:8c:-47,40:01:7a:53:96:8b:-47
4/17/2026 1:11,A405,40:01:7a:53:96:8a:-47,40:01:7a:53:96:8e:-47,40:01:7a:53:96:8d:-47,40:01:7a:53:96:8c:-47,40:01:7a:53:96:8b:-47
4/17/2026 1:11,A405,40:01:7a:53:96:8a:-47,40:01:7a:53:96:8e:-47,40:01:7a:53:96:8d:-47,40:01:7a:53:96:8c:-47,40:01:7a:53:96:8b:-47
4/17/2026 1:11,A405,40:01:7a:53:96:8c:-45,40:01:7a:53:96:8d:-46,40:01:7a:53:96:8f:-46,40:01:7a:53:96:8a:-47,40:01:7a:53:96:8e:-47
4/17/2026 1:11,A405,40:01:7a:53:96:8c:-45,40:01:7a:53:96:8d:-46,40:01:7a:53:96:8f:-46,40:01:7a:53:96:8a:-47,40:01:7a:53:96:8e:-47
4/17/2026 1:11,A405,40:01:7a:53:96:8c:-45,40:01:7a:53:96:8d:-46,40:01:7a:53:96:8f:-46,40:01:7a:53:96:8a:-47,40:01:7a:53:96:8e:-47
4/17/2026 1:11,A405,40:01:7a:53:96:85:-29,40:01:7a:53:96:81:-31,40:01:7a:53:96:80:-31,40:01:7a:53:96:84:-31,40:01:7a:53:96:83:-31
4/17/2026 1:11,A405,40:01:7a:53:96:85:-29,40:01:7a:53:96:81:-31,40:01:7a:53:96:80:-31,40:01:7a:53:96:84:-31,40:01:7a:53:96:83:-31
4/17/2026 1:11,A405,40:01:7a:53:96:85:-29,40:01:7a:53:96:81:-31,40:01:7a:53:96:80:-31,40:01:7a:53:96:84:-31,40:01:7a:53:96:83:-31
4/17/2026 1:11,A405,40:01:7a:53:96:81:-33,40:01:7a:53:96:80:-33,40:01:7a:53:96:85:-33,40:01:7a:53:96:84:-33,40:01:7a:53:96:83:-33
4/17/2026 1:11,A405,40:01:7a:53:96:81:-33,40:01:7a:53:96:80:-33,40:01:7a:53:96:85:-33,40:01:7a:53:96:84:-33,40:01:7a:53:96:83:-33
4/17/2026 1:11,A405,40:01:7a:53:96:81:-33,40:01:7a:53:96:80:-33,40:01:7a:53:96:85:-33,40:01:7a:53:96:84:-33,40:01:7a:53:96:83:-33
4/17/2026 1:11,A405,40:01:7a:53:96:8a:-44,40:01:7a:53:96:8e:-44,40:01:7a:53:96:8d:-44,40:01:7a:53:96:8c:-44,40:01:7a:53:96:8b:-44
4/17/2026 1:12,A405,40:01:7a:53:96:8a:-44,40:01:7a:53:96:8e:-44,40:01:7a:53:96:8d:-44,40:01:7a:53:96:8c:-44,40:01:7a:53:96:8b:-44
4/17/2026 1:12,A405,40:01:7a:53:96:8a:-44,40:01:7a:53:96:8e:-44,40:01:7a:53:96:8d:-44,40:01:7a:53:96:8c:-44,40:01:7a:53:96:8b:-44
4/17/2026 1:12,A405,40:01:7a:53:96:8c:-39,40:01:7a:53:96:8f:-39,40:01:7a:53:96:8e:-40,40:01:7a:53:96:8b:-40,40:01:7a:53:96:8a:-40
4/17/2026 1:12,A405,40:01:7a:53:96:8c:-39,40:01:7a:53:96:8f:-39,40:01:7a:53:96:8e:-40,40:01:7a:53:96:8b:-40,40:01:7a:53:96:8a:-40
4/17/2026 1:12,A405,40:01:7a:53:96:8c:-39,40:01:7a:53:96:8f:-39,40:01:7a:53:96:8e:-40,40:01:7a:53:96:8b:-40,40:01:7a:53:96:8a:-40
4/17/2026 1:12,A405,40:01:7a:53:96:84:-31,40:01:7a:53:96:85:-32,40:01:7a:53:96:8a:-41,40:01:7a:53:96:8e:-42,40:01:7a:53:96:8d:-42
4/17/2026 1:12,A405,40:01:7a:53:96:84:-31,40:01:7a:53:96:85:-32,40:01:7a:53:96:8a:-41,40:01:7a:53:96:8e:-42,40:01:7a:53:96:8d:-42
4/17/2026 1:12,A405,40:01:7a:53:96:84:-31,40:01:7a:53:96:85:-32,40:01:7a:53:96:8a:-41,40:01:7a:53:96:8e:-42,40:01:7a:53:96:8d:-42
4/17/2026 1:12,A405,40:01:7a:53:96:80:-31,40:01:7a:53:96:83:-31,40:01:7a:53:96:82:-31,40:01:7a:53:96:81:-32,40:01:7a:53:96:85:-32
4/17/2026 1:12,A405,40:01:7a:53:96:80:-31,40:01:7a:53:96:83:-31,40:01:7a:53:96:82:-31,40:01:7a:53:96:81:-32,40:01:7a:53:96:85:-32
4/17/2026 1:12,A405,40:01:7a:53:96:80:-31,40:01:7a:53:96:83:-31,40:01:7a:53:96:82:-31,40:01:7a:53:96:81:-32,40:01:7a:53:96:85:-32
4/17/2026 1:12,A405,40:01:7a:53:96:84:-31,40:01:7a:53:96:81:-32,40:01:7a:53:96:80:-32,40:01:7a:53:96:85:-32,40:01:7a:53:96:83:-32
4/17/2026 1:12,A405,40:01:7a:53:96:84:-31,40:01:7a:53:96:81:-32,40:01:7a:53:96:80:-32,40:01:7a:53:96:85:-32,40:01:7a:53:96:83:-32
4/17/2026 1:12,A405,40:01:7a:53:96:84:-31,40:01:7a:53:96:81:-32,40:01:7a:53:96:80:-32,40:01:7a:53:96:85:-32,40:01:7a:53:96:83:-32
4/17/2026 1:12,A405,40:01:7a:53:96:8a:-44,40:01:7a:53:96:8e:-46,40:01:7a:53:96:8d:-46,40:01:7a:53:96:8c:-46,40:01:7a:53:96:8b:-46
4/17/2026 1:12,A405,40:01:7a:53:96:8a:-44,40:01:7a:53:96:8e:-46,40:01:7a:53:96:8d:-46,40:01:7a:53:96:8c:-46,40:01:7a:53:96:8b:-46
4/17/2026 1:12,A405,40:01:7a:53:96:8a:-44,40:01:7a:53:96:8e:-46,40:01:7a:53:96:8d:-46,40:01:7a:53:96:8c:-46,40:01:7a:53:96:8b:-46
4/17/2026 1:12,A405,40:01:7a:53:96:8a:-44,40:01:7a:53:96:8e:-46,40:01:7a:53:96:8d:-46,40:01:7a:53:96:8c:-46,40:01:7a:53:96:8b:-46
4/17/2026 1:12,A405,40:01:7a:53:96:81:-29,40:01:7a:53:96:80:-29,40:01:7a:53:96:84:-29,40:01:7a:53:96:83:-29,40:01:7a:53:96:82:-29
4/17/2026 1:12,A405,40:01:7a:53:96:81:-29,40:01:7a:53:96:80:-29,40:01:7a:53:96:84:-29,40:01:7a:53:96:83:-29,40:01:7a:53:96:82:-29
4/17/2026 1:12,A405,40:01:7a:53:96:81:-29,40:01:7a:53:96:80:-29,40:01:7a:53:96:84:-29,40:01:7a:53:96:83:-29,40:01:7a:53:96:82:-29
4/17/2026 1:12,A405,f8:0b:cb:f3:88:05:-47,40:01:7a:53:96:8e:-54,40:01:7a:53:96:8d:-54,40:01:7a:53:96:8c:-54,40:01:7a:53:96:8b:-54
4/17/2026 1:12,A405,f8:0b:cb:f3:88:05:-47,40:01:7a:53:96:8e:-54,40:01:7a:53:96:8d:-54,40:01:7a:53:96:8c:-54,40:01:7a:53:96:8b:-54
4/17/2026 1:12,A405,f8:0b:cb:f3:88:05:-47,40:01:7a:53:96:8e:-54,40:01:7a:53:96:8d:-54,40:01:7a:53:96:8c:-54,40:01:7a:53:96:8b:-54
4/17/2026 1:12,A405,f8:0b:cb:f3:88:05:-47,40:01:7a:53:96:8e:-54,40:01:7a:53:96:8d:-54,40:01:7a:53:96:8c:-54,40:01:7a:53:96:8b:-54
4/17/2026 1:12,A405,40:01:7a:53:96:81:-30,40:01:7a:53:96:85:-30,40:01:7a:53:96:83:-30,40:01:7a:53:96:82:-30,40:01:7a:53:96:84:-31
4/17/2026 1:12,A405,40:01:7a:53:96:81:-30,40:01:7a:53:96:85:-30,40:01:7a:53:96:83:-30,40:01:7a:53:96:82:-30,40:01:7a:53:96:84:-31
4/17/2026 1:12,A405,40:01:7a:53:96:81:-30,40:01:7a:53:96:85:-30,40:01:7a:53:96:83:-30,40:01:7a:53:96:82:-30,40:01:7a:53:96:84:-31
4/17/2026 1:12,A405,40:01:7a:53:96:8e:-37,40:01:7a:53:96:8d:-37,40:01:7a:53:96:8c:-37,40:01:7a:53:96:8b:-37,40:01:7a:53:96:8f:-37
4/17/2026 1:12,A405,40:01:7a:53:96:8e:-37,40:01:7a:53:96:8d:-37,40:01:7a:53:96:8c:-37,40:01:7a:53:96:8b:-37,40:01:7a:53:96:8f:-37
4/17/2026 1:12,A405,40:01:7a:53:96:8e:-37,40:01:7a:53:96:8d:-37,40:01:7a:53:96:8c:-37,40:01:7a:53:96:8b:-37,40:01:7a:53:96:8f:-37
4/17/2026 1:12,A405,40:01:7a:53:96:81:-32,40:01:7a:53:96:85:-32,40:01:7a:53:96:84:-32,40:01:7a:53:96:83:-32,40:01:7a:53:96:82:-32
4/17/2026 1:12,A405,40:01:7a:53:96:81:-32,40:01:7a:53:96:85:-32,40:01:7a:53:96:84:-32,40:01:7a:53:96:83:-32,40:01:7a:53:96:82:-32
4/17/2026 1:12,A405,40:01:7a:53:96:81:-27,40:01:7a:53:96:80:-27,40:01:7a:53:96:84:-27,40:01:7a:53:96:83:-27,40:01:7a:53:96:82:-27
4/17/2026 1:12,A405,40:01:7a:53:96:81:-27,40:01:7a:53:96:80:-27,40:01:7a:53:96:84:-27,40:01:7a:53:96:83:-27,40:01:7a:53:96:82:-27
4/17/2026 1:13,A405,40:01:7a:53:96:81:-27,40:01:7a:53:96:80:-27,40:01:7a:53:96:84:-27,40:01:7a:53:96:83:-27,40:01:7a:53:96:82:-27
4/17/2026 1:13,A405,40:01:7a:53:96:81:-26,40:01:7a:53:96:85:-27,40:01:7a:53:96:84:-27,40:01:7a:53:96:83:-27,40:01:7a:53:96:82:-27
4/17/2026 1:13,A405,40:01:7a:53:96:81:-26,40:01:7a:53:96:85:-27,40:01:7a:53:96:84:-27,40:01:7a:53:96:83:-27,40:01:7a:53:96:82:-27
4/17/2026 1:13,A405,40:01:7a:53:96:81:-26,40:01:7a:53:96:85:-27,40:01:7a:53:96:84:-27,40:01:7a:53:96:83:-27,40:01:7a:53:96:82:-27
4/17/2026 1:13,A405,40:01:7a:53:96:81:-26,40:01:7a:53:96:85:-27,40:01:7a:53:96:84:-27,40:01:7a:53:96:83:-27,40:01:7a:53:96:82:-27
4/17/2026 1:13,A405,40:01:7a:53:96:81:-30,40:01:7a:53:96:85:-31,40:01:7a:53:96:84:-31,40:01:7a:53:96:83:-31,40:01:7a:53:96:82:-31
4/17/2026 1:13,A405,40:01:7a:53:96:81:-30,40:01:7a:53:96:85:-31,40:01:7a:53:96:84:-31,40:01:7a:53:96:83:-31,40:01:7a:53:96:82:-31
4/17/2026 1:13,A405,40:01:7a:53:96:81:-30,40:01:7a:53:96:85:-31,40:01:7a:53:96:84:-31,40:01:7a:53:96:83:-31,40:01:7a:53:96:82:-31
4/17/2026 1:13,A405,40:01:7a:53:96:81:-30,40:01:7a:53:96:80:-30,40:01:7a:53:96:84:-30,40:01:7a:53:96:83:-30,40:01:7a:53:96:82:-30
4/17/2026 1:13,A405,40:01:7a:53:96:81:-30,40:01:7a:53:96:80:-30,40:01:7a:53:96:84:-30,40:01:7a:53:96:83:-30,40:01:7a:53:96:82:-30
4/17/2026 1:13,A405,40:01:7a:53:96:81:-30,40:01:7a:53:96:80:-30,40:01:7a:53:96:84:-30,40:01:7a:53:96:83:-30,40:01:7a:53:96:82:-30
4/17/2026 1:13,A405,40:01:7a:53:96:80:-30,40:01:7a:53:96:83:-30,40:01:7a:53:96:81:-31,40:01:7a:53:96:85:-31,40:01:7a:53:96:84:-31
4/17/2026 1:13,A405,40:01:7a:53:96:80:-30,40:01:7a:53:96:83:-30,40:01:7a:53:96:81:-31,40:01:7a:53:96:85:-31,40:01:7a:53:96:84:-31
4/17/2026 1:13,A405,40:01:7a:53:96:80:-30,40:01:7a:53:96:83:-30,40:01:7a:53:96:81:-31,40:01:7a:53:96:85:-31,40:01:7a:53:96:84:-31
4/17/2026 1:13,A405,40:01:7a:53:96:80:-30,40:01:7a:53:96:83:-30,40:01:7a:53:96:81:-31,40:01:7a:53:96:85:-31,40:01:7a:53:96:84:-31
4/17/2026 1:13,A405,40:01:7a:53:96:85:-32,40:01:7a:53:96:83:-32,40:01:7a:53:96:81:-33,40:01:7a:53:96:80:-33,40:01:7a:53:96:84:-33
4/17/2026 1:13,A405,40:01:7a:53:96:85:-32,40:01:7a:53:96:83:-32,40:01:7a:53:96:81:-33,40:01:7a:53:96:80:-33,40:01:7a:53:96:84:-33
4/17/2026 1:13,A405,40:01:7a:53:96:8e:-41,40:01:7a:53:96:8c:-41,40:01:7a:53:96:8d:-43,40:01:7a:53:96:8b:-43,40:01:7a:53:96:8f:-43
4/17/2026 1:13,A405,40:01:7a:53:96:8e:-41,40:01:7a:53:96:8c:-41,40:01:7a:53:96:8d:-43,40:01:7a:53:96:8b:-43,40:01:7a:53:96:8f:-43
4/17/2026 1:13,A405,40:01:7a:53:96:8e:-41,40:01:7a:53:96:8c:-41,40:01:7a:53:96:8d:-43,40:01:7a:53:96:8b:-43,40:01:7a:53:96:8f:-43
4/17/2026 1:13,A405,40:01:7a:53:96:8e:-41,40:01:7a:53:96:8c:-41,40:01:7a:53:96:8d:-43,40:01:7a:53:96:8b:-43,40:01:7a:53:96:8f:-43
4/17/2026 1:13,A405,40:01:7a:53:96:81:-31,40:01:7a:53:96:80:-31,40:01:7a:53:96:85:-31,40:01:7a:53:96:84:-31,40:01:7a:53:96:83:-31
4/17/2026 1:13,A405,40:01:7a:53:96:81:-31,40:01:7a:53:96:80:-31,40:01:7a:53:96:85:-31,40:01:7a:53:96:84:-31,40:01:7a:53:96:83:-31
4/17/2026 1:13,A405,40:01:7a:53:96:81:-31,40:01:7a:53:96:80:-31,40:01:7a:53:96:85:-31,40:01:7a:53:96:84:-31,40:01:7a:53:96:83:-31
4/17/2026 1:13,A405,40:01:7a:53:96:81:-31,40:01:7a:53:96:80:-31,40:01:7a:53:96:85:-31,40:01:7a:53:96:84:-31,40:01:7a:53:96:83:-31
4/17/2026 1:13,A405,40:01:7a:53:96:81:-31,40:01:7a:53:96:80:-31,40:01:7a:53:96:85:-31,40:01:7a:53:96:84:-31,40:01:7a:53:96:83:-31
4/17/2026 1:13,A405,40:01:7a:53:96:81:-30,40:01:7a:53:96:83:-30,40:01:7a:53:96:80:-31,40:01:7a:53:96:85:-31,40:01:7a:53:96:84:-31
4/17/2026 1:13,A405,40:01:7a:53:96:81:-30,40:01:7a:53:96:83:-30,40:01:7a:53:96:80:-31,40:01:7a:53:96:85:-31,40:01:7a:53:96:84:-31
4/17/2026 1:13,A405,40:01:7a:53:96:81:-30,40:01:7a:53:96:83:-30,40:01:7a:53:96:80:-31,40:01:7a:53:96:85:-31,40:01:7a:53:96:84:-31
4/17/2026 1:13,A405,40:01:7a:53:96:81:-29,40:01:7a:53:96:85:-29,40:01:7a:53:96:83:-29,40:01:7a:53:96:82:-29,40:01:7a:53:96:80:-30
4/17/2026 1:13,A405,40:01:7a:53:96:81:-29,40:01:7a:53:96:85:-29,40:01:7a:53:96:83:-29,40:01:7a:53:96:82:-29,40:01:7a:53:96:80:-30
4/17/2026 1:13,A405,40:01:7a:53:96:81:-29,40:01:7a:53:96:85:-29,40:01:7a:53:96:83:-29,40:01:7a:53:96:82:-29,40:01:7a:53:96:80:-30
4/17/2026 1:13,A405,40:01:7a:53:96:8b:-42,40:01:7a:53:96:8f:-42,40:01:7a:53:96:8e:-43,40:01:7a:53:96:8d:-43,40:01:7a:53:96:8c:-43
4/17/2026 1:13,A405,40:01:7a:53:96:8b:-42,40:01:7a:53:96:8f:-42,40:01:7a:53:96:8e:-43,40:01:7a:53:96:8d:-43,40:01:7a:53:96:8c:-43
4/17/2026 1:14,A405,40:01:7a:53:96:8b:-42,40:01:7a:53:96:8f:-42,40:01:7a:53:96:8e:-43,40:01:7a:53:96:8d:-43,40:01:7a:53:96:8c:-43
4/17/2026 1:14,A405,40:01:7a:53:96:8b:-42,40:01:7a:53:96:8f:-42,40:01:7a:53:96:8e:-43,40:01:7a:53:96:8d:-43,40:01:7a:53:96:8c:-43
4/17/2026 1:14,A405,40:01:7a:53:96:81:-32,40:01:7a:53:96:80:-32,40:01:7a:53:96:84:-32,40:01:7a:53:96:83:-32,40:01:7a:53:96:82:-32
4/17/2026 1:15,A406,f8:0b:cb:f3:88:05:-39,40:01:7a:53:96:81:-41,40:01:7a:53:96:80:-41,40:01:7a:53:96:82:-41,40:01:7a:53:96:8e:-47
4/17/2026 1:15,A406,f8:0b:cb:f3:88:05:-39,40:01:7a:53:96:81:-41,40:01:7a:53:96:80:-41,40:01:7a:53:96:82:-41,40:01:7a:53:96:8e:-47
4/17/2026 1:15,A406,40:01:7a:53:96:81:-35,40:01:7a:53:96:85:-36,40:01:7a:53:96:84:-36,40:01:7a:53:96:83:-36,40:01:7a:53:96:82:-36
4/17/2026 1:15,A406,40:01:7a:53:96:81:-35,40:01:7a:53:96:85:-36,40:01:7a:53:96:84:-36,40:01:7a:53:96:83:-36,40:01:7a:53:96:82:-36
4/17/2026 1:15,A406,40:01:7a:53:96:81:-35,40:01:7a:53:96:85:-36,40:01:7a:53:96:84:-36,40:01:7a:53:96:83:-36,40:01:7a:53:96:82:-36
4/17/2026 1:15,A406,40:01:7a:53:96:81:-37,40:01:7a:53:96:80:-38,40:01:7a:53:96:8e:-39,40:01:7a:53:96:8d:-39,40:01:7a:53:96:8b:-39
4/17/2026 1:15,A406,40:01:7a:53:96:81:-37,40:01:7a:53:96:80:-38,40:01:7a:53:96:8e:-39,40:01:7a:53:96:8d:-39,40:01:7a:53:96:8b:-39
4/17/2026 1:15,A406,40:01:7a:53:96:81:-42,40:01:7a:53:96:82:-42,40:01:7a:53:96:80:-45,40:01:7a:53:96:85:-45,40:01:7a:53:96:84:-45
4/17/2026 1:15,A406,40:01:7a:53:96:81:-42,40:01:7a:53:96:82:-42,40:01:7a:53:96:80:-45,40:01:7a:53:96:85:-45,40:01:7a:53:96:84:-45
4/17/2026 1:15,A406,40:01:7a:53:96:81:-42,40:01:7a:53:96:82:-42,40:01:7a:53:96:80:-45,40:01:7a:53:96:85:-45,40:01:7a:53:96:84:-45
4/17/2026 1:15,A406,40:01:7a:53:96:80:-40,40:01:7a:53:96:81:-43,40:01:7a:53:96:85:-43,40:01:7a:53:96:84:-43,40:01:7a:53:96:83:-43
4/17/2026 1:15,A406,40:01:7a:53:96:80:-40,40:01:7a:53:96:81:-43,40:01:7a:53:96:85:-43,40:01:7a:53:96:84:-43,40:01:7a:53:96:83:-43
4/17/2026 1:15,A406,40:01:7a:53:96:80:-40,40:01:7a:53:96:81:-43,40:01:7a:53:96:85:-43,40:01:7a:53:96:84:-43,40:01:7a:53:96:83:-43
4/17/2026 1:15,A406,c4:0a:cb:2d:aa:42:-48,c4:0a:cb:2d:aa:41:-48,f8:0b:cb:f3:88:05:-49,40:01:7a:53:96:8c:-51,40:01:7a:53:96:8e:-52
4/17/2026 1:15,A406,c4:0a:cb:2d:aa:42:-48,c4:0a:cb:2d:aa:41:-48,f8:0b:cb:f3:88:05:-49,40:01:7a:53:96:8c:-51,40:01:7a:53:96:8e:-52
4/17/2026 1:15,A406,c4:0a:cb:2d:aa:42:-48,c4:0a:cb:2d:aa:41:-48,f8:0b:cb:f3:88:05:-49,40:01:7a:53:96:8c:-51,40:01:7a:53:96:8e:-52
4/17/2026 1:15,A406,40:01:7a:53:96:80:-36,40:01:7a:53:96:85:-36,40:01:7a:53:96:84:-36,40:01:7a:53:96:83:-36,40:01:7a:53:96:81:-38
4/17/2026 1:15,A406,40:01:7a:53:96:80:-36,40:01:7a:53:96:85:-36,40:01:7a:53:96:84:-36,40:01:7a:53:96:83:-36,40:01:7a:53:96:81:-38
4/17/2026 1:15,A406,40:01:7a:53:96:80:-36,40:01:7a:53:96:85:-36,40:01:7a:53:96:84:-36,40:01:7a:53:96:83:-36,40:01:7a:53:96:81:-38
4/17/2026 1:15,A406,40:01:7a:53:96:81:-36,40:01:7a:53:96:84:-36,40:01:7a:53:96:83:-37,40:01:7a:53:96:85:-39,40:01:7a:53:96:82:-39
4/17/2026 1:15,A406,40:01:7a:53:96:81:-36,40:01:7a:53:96:84:-36,40:01:7a:53:96:83:-37,40:01:7a:53:96:85:-39,40:01:7a:53:96:82:-39
4/17/2026 1:16,A406,40:01:7a:53:96:85:-40,40:01:7a:53:96:84:-40,40:01:7a:53:96:81:-41,40:01:7a:53:96:80:-41,40:01:7a:53:96:83:-41
4/17/2026 1:16,A406,40:01:7a:53:96:85:-40,40:01:7a:53:96:84:-40,40:01:7a:53:96:81:-41,40:01:7a:53:96:80:-41,40:01:7a:53:96:83:-41
4/17/2026 1:16,A406,40:01:7a:53:96:84:-36,40:01:7a:53:96:83:-36,40:01:7a:53:96:81:-38,40:01:7a:53:96:85:-38,40:01:7a:53:96:82:-38
4/17/2026 1:16,A406,40:01:7a:53:96:84:-36,40:01:7a:53:96:83:-36,40:01:7a:53:96:81:-38,40:01:7a:53:96:85:-38,40:01:7a:53:96:82:-38
4/17/2026 1:16,A406,40:01:7a:53:96:80:-38,40:01:7a:53:96:81:-41,40:01:7a:53:96:85:-41,40:01:7a:53:96:84:-41,40:01:7a:53:96:83:-41
4/17/2026 1:16,A406,40:01:7a:53:96:80:-38,40:01:7a:53:96:81:-41,40:01:7a:53:96:85:-41,40:01:7a:53:96:84:-41,40:01:7a:53:96:83:-41
4/17/2026 1:16,A406,40:01:7a:53:96:8d:-36,40:01:7a:53:96:8c:-36,40:01:7a:53:96:8b:-36,40:01:7a:53:96:8f:-36,40:01:7a:53:96:8a:-36
4/17/2026 1:16,A406,40:01:7a:53:96:8d:-36,40:01:7a:53:96:8c:-36,40:01:7a:53:96:8b:-36,40:01:7a:53:96:8f:-36,40:01:7a:53:96:8a:-36
4/17/2026 1:16,A406,40:01:7a:53:96:8d:-36,40:01:7a:53:96:8c:-36,40:01:7a:53:96:8b:-36,40:01:7a:53:96:8f:-36,40:01:7a:53:96:8a:-36
4/17/2026 1:16,A406,40:01:7a:53:96:8f:-41,f8:0b:cb:f3:88:05:-42,40:01:7a:53:96:8e:-43,40:01:7a:53:96:8d:-43,40:01:7a:53:96:8c:-43
4/17/2026 1:16,A406,40:01:7a:53:96:8f:-41,f8:0b:cb:f3:88:05:-42,40:01:7a:53:96:8e:-43,40:01:7a:53:96:8d:-43,40:01:7a:53:96:8c:-43
4/17/2026 1:16,A406,40:01:7a:53:96:8f:-41,f8:0b:cb:f3:88:05:-42,40:01:7a:53:96:8e:-43,40:01:7a:53:96:8d:-43,40:01:7a:53:96:8c:-43
4/17/2026 1:16,A406,40:01:7a:53:96:84:-35,40:01:7a:53:96:85:-37,40:01:7a:53:96:83:-37,40:01:7a:53:96:82:-37,40:01:7a:53:96:81:-38
4/17/2026 1:16,A406,40:01:7a:53:96:84:-35,40:01:7a:53:96:85:-37,40:01:7a:53:96:83:-37,40:01:7a:53:96:82:-37,40:01:7a:53:96:81:-38
4/17/2026 1:16,A406,40:01:7a:53:96:80:-38,40:01:7a:53:96:85:-38,40:01:7a:53:96:83:-38,40:01:7a:53:96:81:-39,40:01:7a:53:96:84:-39
4/17/2026 1:16,A406,40:01:7a:53:96:80:-38,40:01:7a:53:96:85:-38,40:01:7a:53:96:83:-38,40:01:7a:53:96:81:-39,40:01:7a:53:96:84:-39
4/17/2026 1:16,A406,40:01:7a:53:96:8e:-39,40:01:7a:53:96:8d:-40,40:01:7a:53:96:8c:-40,40:01:7a:53:96:8b:-40,40:01:7a:53:96:8f:-40
4/17/2026 1:16,A406,40:01:7a:53:96:8e:-39,40:01:7a:53:96:8d:-40,40:01:7a:53:96:8c:-40,40:01:7a:53:96:8b:-40,40:01:7a:53:96:8f:-40
4/17/2026 1:16,A406,40:01:7a:53:96:8e:-39,40:01:7a:53:96:8d:-40,40:01:7a:53:96:8c:-40,40:01:7a:53:96:8b:-40,40:01:7a:53:96:8f:-40
4/17/2026 1:16,A406,40:01:7a:53:96:85:-33,40:01:7a:53:96:84:-33,40:01:7a:53:96:83:-33,40:01:7a:53:96:82:-33,40:01:7a:53:96:8e:-36
4/17/2026 1:16,A406,40:01:7a:53:96:85:-33,40:01:7a:53:96:84:-33,40:01:7a:53:96:83:-33,40:01:7a:53:96:82:-33,40:01:7a:53:96:8e:-36
4/17/2026 1:16,A406,40:01:7a:53:96:8e:-35,40:01:7a:53:96:8d:-35,40:01:7a:53:96:8c:-35,40:01:7a:53:96:8b:-35,40:01:7a:53:96:8f:-35
4/17/2026 1:16,A406,40:01:7a:53:96:8e:-35,40:01:7a:53:96:8d:-35,40:01:7a:53:96:8c:-35,40:01:7a:53:96:8b:-35,40:01:7a:53:96:8f:-35
4/17/2026 1:16,A406,40:01:7a:53:96:8e:-35,40:01:7a:53:96:8d:-35,40:01:7a:53:96:8c:-35,40:01:7a:53:96:8b:-35,40:01:7a:53:96:8f:-35
4/17/2026 1:16,A406,40:01:7a:53:96:81:-40,40:01:7a:53:96:85:-40,40:01:7a:53:96:84:-40,40:01:7a:53:96:82:-40,40:01:7a:53:96:83:-43
4/17/2026 1:16,A406,40:01:7a:53:96:81:-40,40:01:7a:53:96:85:-40,40:01:7a:53:96:84:-40,40:01:7a:53:96:82:-40,40:01:7a:53:96:83:-43
4/17/2026 1:16,A406,40:01:7a:53:96:81:-40,40:01:7a:53:96:85:-40,40:01:7a:53:96:84:-40,40:01:7a:53:96:82:-40,40:01:7a:53:96:83:-43
4/17/2026 1:17,A406,40:01:7a:53:96:81:-40,40:01:7a:53:96:85:-40,40:01:7a:53:96:84:-40,40:01:7a:53:96:82:-40,40:01:7a:53:96:83:-43
4/17/2026 1:17,A406,40:01:7a:53:96:8d:-36,40:01:7a:53:96:8c:-36,40:01:7a:53:96:8a:-36,40:01:7a:53:96:81:-36,40:01:7a:53:96:85:-36
4/17/2026 1:17,A406,40:01:7a:53:96:82:-38,40:01:7a:53:96:81:-39,40:01:7a:53:96:80:-39,40:01:7a:53:96:85:-39,40:01:7a:53:96:84:-39
4/17/2026 1:17,A406,40:01:7a:53:96:82:-38,40:01:7a:53:96:81:-39,40:01:7a:53:96:80:-39,40:01:7a:53:96:85:-39,40:01:7a:53:96:84:-39
4/17/2026 1:17,A406,40:01:7a:53:96:81:-39,40:01:7a:53:96:85:-42,40:01:7a:53:96:84:-42,40:01:7a:53:96:83:-42,40:01:7a:53:96:82:-42
4/17/2026 1:17,A406,40:01:7a:53:96:81:-39,40:01:7a:53:96:85:-42,40:01:7a:53:96:84:-42,40:01:7a:53:96:83:-42,40:01:7a:53:96:82:-42
4/17/2026 1:17,A406,40:01:7a:53:96:81:-39,40:01:7a:53:96:85:-42,40:01:7a:53:96:84:-42,40:01:7a:53:96:83:-42,40:01:7a:53:96:82:-42
4/17/2026 1:17,A406,40:01:7a:53:96:81:-39,40:01:7a:53:96:85:-42,40:01:7a:53:96:84:-42,40:01:7a:53:96:83:-42,40:01:7a:53:96:82:-42
4/17/2026 1:17,A406,40:01:7a:53:96:8d:-38,40:01:7a:53:96:8c:-38,40:01:7a:53:96:8a:-38,40:01:7a:53:96:81:-38,40:01:7a:53:96:85:-38
4/17/2026 1:17,A406,40:01:7a:53:96:8d:-38,40:01:7a:53:96:8c:-38,40:01:7a:53:96:8a:-38,40:01:7a:53:96:81:-38,40:01:7a:53:96:85:-38
4/17/2026 1:17,A406,40:01:7a:53:96:83:-37,40:01:7a:53:96:8e:-38,40:01:7a:53:96:8d:-38,40:01:7a:53:96:8c:-38,40:01:7a:53:96:8b:-38
4/17/2026 1:17,A406,40:01:7a:53:96:83:-37,40:01:7a:53:96:8e:-38,40:01:7a:53:96:8d:-38,40:01:7a:53:96:8c:-38,40:01:7a:53:96:8b:-38
4/17/2026 1:17,A406,40:01:7a:53:96:83:-37,40:01:7a:53:96:8e:-38,40:01:7a:53:96:8d:-38,40:01:7a:53:96:8c:-38,40:01:7a:53:96:8b:-38
4/17/2026 1:17,A406,40:01:7a:53:96:83:-37,40:01:7a:53:96:8e:-38,40:01:7a:53:96:8d:-38,40:01:7a:53:96:8c:-38,40:01:7a:53:96:8b:-38
4/17/2026 1:17,A406,40:01:7a:53:96:85:-43,40:01:7a:53:96:84:-43,40:01:7a:53:96:83:-43,40:01:7a:53:96:82:-43,f8:0b:cb:f3:88:05:-46
4/17/2026 1:17,A406,40:01:7a:53:96:85:-43,40:01:7a:53:96:84:-43,40:01:7a:53:96:83:-43,40:01:7a:53:96:82:-43,f8:0b:cb:f3:88:05:-46
4/17/2026 1:17,A406,40:01:7a:53:96:81:-41,40:01:7a:53:96:82:-41,40:01:7a:53:96:80:-42,40:01:7a:53:96:83:-45,40:01:7a:53:96:8e:-47
4/17/2026 1:17,A406,40:01:7a:53:96:81:-41,40:01:7a:53:96:82:-41,40:01:7a:53:96:80:-42,40:01:7a:53:96:83:-45,40:01:7a:53:96:8e:-47
4/17/2026 1:17,A406,40:01:7a:53:96:81:-41,40:01:7a:53:96:82:-41,40:01:7a:53:96:80:-42,40:01:7a:53:96:83:-45,40:01:7a:53:96:8e:-47
4/17/2026 1:17,A406,40:01:7a:53:96:81:-41,40:01:7a:53:96:82:-41,40:01:7a:53:96:80:-42,40:01:7a:53:96:83:-45,40:01:7a:53:96:8e:-47
4/17/2026 1:17,A406,40:01:7a:53:96:80:-41,40:01:7a:53:96:84:-41,40:01:7a:53:96:82:-41,40:01:7a:53:96:81:-44,40:01:7a:53:96:85:-44
4/17/2026 1:17,A406,40:01:7a:53:96:80:-41,40:01:7a:53:96:84:-41,40:01:7a:53:96:82:-41,40:01:7a:53:96:81:-44,40:01:7a:53:96:85:-44
4/17/2026 1:17,A406,40:01:7a:53:96:85:-41,40:01:7a:53:96:84:-41,40:01:7a:53:96:83:-41,40:01:7a:53:96:8b:-45,40:01:7a:53:96:81:-45
4/17/2026 1:17,A406,40:01:7a:53:96:85:-41,40:01:7a:53:96:84:-41,40:01:7a:53:96:83:-41,40:01:7a:53:96:8b:-45,40:01:7a:53:96:81:-45
4/17/2026 1:17,A406,40:01:7a:53:96:85:-41,40:01:7a:53:96:84:-41,40:01:7a:53:96:83:-41,40:01:7a:53:96:8b:-45,40:01:7a:53:96:81:-45
4/17/2026 1:17,A406,f8:0b:cb:f3:88:05:-42,40:01:7a:53:96:81:-44,40:01:7a:53:96:84:-44,40:01:7a:53:96:82:-44,40:01:7a:53:96:80:-45
4/17/2026 1:17,A406,f8:0b:cb:f3:88:05:-42,40:01:7a:53:96:81:-44,40:01:7a:53:96:84:-44,40:01:7a:53:96:82:-44,40:01:7a:53:96:80:-45
4/17/2026 1:17,A406,f8:0b:cb:f3:88:05:-42,40:01:7a:53:96:81:-44,40:01:7a:53:96:84:-44,40:01:7a:53:96:82:-44,40:01:7a:53:96:80:-45
4/17/2026 1:17,A406,40:01:7a:53:96:80:-33,40:01:7a:53:96:81:-35,40:01:7a:53:96:84:-36,40:01:7a:53:96:83:-36,40:01:7a:53:96:82:-36
4/17/2026 1:18,A406,40:01:7a:53:96:80:-33,40:01:7a:53:96:81:-35,40:01:7a:53:96:84:-36,40:01:7a:53:96:83:-36,40:01:7a:53:96:82:-36
4/17/2026 1:18,A406,f8:0b:cb:f3:88:05:-41,40:01:7a:53:96:8e:-52,40:01:7a:53:96:8d:-52,40:01:7a:53:96:8c:-52,40:01:7a:53:96:8b:-52
4/17/2026 1:18,A406,f8:0b:cb:f3:88:05:-41,40:01:7a:53:96:8e:-52,40:01:7a:53:96:8d:-52,40:01:7a:53:96:8c:-52,40:01:7a:53:96:8b:-52
4/17/2026 1:18,A406,f8:0b:cb:f3:88:05:-41,40:01:7a:53:96:8e:-52,40:01:7a:53:96:8d:-52,40:01:7a:53:96:8c:-52,40:01:7a:53:96:8b:-52
4/17/2026 1:18,A406,40:01:7a:53:96:8d:-38,40:01:7a:53:96:8c:-38,40:01:7a:53:96:8b:-38,40:01:7a:53:96:8f:-38,40:01:7a:53:96:8a:-38
4/17/2026 1:18,A406,40:01:7a:53:96:8d:-38,40:01:7a:53:96:8c:-38,40:01:7a:53:96:8b:-38,40:01:7a:53:96:8f:-38,40:01:7a:53:96:8a:-38
4/17/2026 1:18,A406,40:01:7a:53:96:80:-35,40:01:7a:53:96:84:-35,40:01:7a:53:96:83:-36,40:01:7a:53:96:85:-37,40:01:7a:53:96:82:-37
4/17/2026 1:18,A406,40:01:7a:53:96:80:-35,40:01:7a:53:96:84:-35,40:01:7a:53:96:83:-36,40:01:7a:53:96:85:-37,40:01:7a:53:96:82:-37
4/17/2026 1:18,A406,f8:0b:cb:f3:88:05:-39,40:01:7a:53:96:81:-41,40:01:7a:53:96:80:-41,40:01:7a:53:96:85:-41,40:01:7a:53:96:84:-41
4/17/2026 1:18,A406,f8:0b:cb:f3:88:05:-39,40:01:7a:53:96:81:-41,40:01:7a:53:96:80:-41,40:01:7a:53:96:85:-41,40:01:7a:53:96:84:-41
4/17/2026 1:18,A406,f8:0b:cb:f3:88:05:-39,40:01:7a:53:96:81:-41,40:01:7a:53:96:80:-41,40:01:7a:53:96:85:-41,40:01:7a:53:96:84:-41
4/17/2026 1:18,A406,f8:0b:cb:f3:88:05:-38,40:01:7a:53:96:82:-40,40:01:7a:53:96:81:-41,40:01:7a:53:96:80:-41,40:01:7a:53:96:84:-41
4/17/2026 1:18,A406,f8:0b:cb:f3:88:05:-38,40:01:7a:53:96:82:-40,40:01:7a:53:96:81:-41,40:01:7a:53:96:80:-41,40:01:7a:53:96:84:-41
4/17/2026 1:18,A406,f8:0b:cb:f3:88:05:-38,40:01:7a:53:96:82:-40,40:01:7a:53:96:81:-41,40:01:7a:53:96:80:-41,40:01:7a:53:96:84:-41
4/17/2026 1:18,A406,40:01:7a:53:96:81:-41,40:01:7a:53:96:80:-41,40:01:7a:53:96:85:-41,40:01:7a:53:96:84:-41,40:01:7a:53:96:83:-41
4/17/2026 1:19,A407,f8:0b:cb:f3:88:05:-32,40:01:7a:53:96:81:-34,40:01:7a:53:96:80:-34,40:01:7a:53:96:84:-35,40:01:7a:53:96:83:-35
4/17/2026 1:19,A407,f8:0b:cb:f3:88:05:-32,40:01:7a:53:96:81:-34,40:01:7a:53:96:80:-34,40:01:7a:53:96:84:-35,40:01:7a:53:96:83:-35
4/17/2026 1:19,A407,f8:0b:cb:f3:88:05:-29,40:01:7a:53:96:80:-44,40:01:7a:53:96:85:-44,40:01:7a:53:96:84:-44,40:01:7a:53:96:83:-44
4/17/2026 1:19,A407,f8:0b:cb:f3:88:05:-29,40:01:7a:53:96:80:-44,40:01:7a:53:96:85:-44,40:01:7a:53:96:84:-44,40:01:7a:53:96:83:-44
4/17/2026 1:19,A407,f8:0b:cb:f3:88:05:-31,40:01:7a:53:96:81:-47,40:01:7a:53:96:80:-47,40:01:7a:53:96:85:-47,40:01:7a:53:96:84:-47
4/17/2026 1:19,A407,f8:0b:cb:f3:88:05:-31,40:01:7a:53:96:81:-47,40:01:7a:53:96:80:-47,40:01:7a:53:96:85:-47,40:01:7a:53:96:84:-47
4/17/2026 1:19,A407,f8:0b:cb:f3:88:05:-31,40:01:7a:53:96:81:-47,40:01:7a:53:96:80:-47,40:01:7a:53:96:85:-47,40:01:7a:53:96:84:-47
4/17/2026 1:19,A407,f8:0b:cb:f3:88:05:-29,40:01:7a:53:96:8e:-48,40:01:7a:53:96:8d:-48,40:01:7a:53:96:8f:-48,40:01:7a:53:96:8a:-49
4/17/2026 1:19,A407,f8:0b:cb:f3:88:05:-29,40:01:7a:53:96:8e:-48,40:01:7a:53:96:8d:-48,40:01:7a:53:96:8f:-48,40:01:7a:53:96:8a:-49
4/17/2026 1:19,A407,f8:0b:cb:f3:88:05:-29,40:01:7a:53:96:8e:-48,40:01:7a:53:96:8d:-48,40:01:7a:53:96:8f:-48,40:01:7a:53:96:8a:-49
4/17/2026 1:19,A407,f8:0b:cb:f3:88:05:-30,f8:0b:cb:f3:88:0a:-45,f8:0b:cb:f3:88:0b:-45,f8:0b:cb:f3:88:0c:-45,f8:0b:cb:f3:88:0d:-45
4/17/2026 1:19,A407,f8:0b:cb:f3:88:05:-30,f8:0b:cb:f3:88:0a:-45,f8:0b:cb:f3:88:0b:-45,f8:0b:cb:f3:88:0c:-45,f8:0b:cb:f3:88:0d:-45
4/17/2026 1:19,A407,f8:0b:cb:f3:88:05:-30,f8:0b:cb:f3:88:0a:-45,f8:0b:cb:f3:88:0b:-45,f8:0b:cb:f3:88:0c:-45,f8:0b:cb:f3:88:0d:-45
4/17/2026 1:19,A407,f8:0b:cb:f3:88:05:-26,f8:0b:cb:f3:88:0a:-45,f8:0b:cb:f3:88:0b:-45,f8:0b:cb:f3:88:0c:-45,f8:0b:cb:f3:88:0d:-45
4/17/2026 1:19,A407,f8:0b:cb:f3:88:05:-26,f8:0b:cb:f3:88:0a:-45,f8:0b:cb:f3:88:0b:-45,f8:0b:cb:f3:88:0c:-45,f8:0b:cb:f3:88:0d:-45
4/17/2026 1:19,A407,f8:0b:cb:f3:88:05:-26,f8:0b:cb:f3:88:0a:-45,f8:0b:cb:f3:88:0b:-45,f8:0b:cb:f3:88:0c:-45,f8:0b:cb:f3:88:0d:-45
4/17/2026 1:19,A407,f8:0b:cb:f3:88:05:-36,f8:0b:cb:f3:88:0a:-48,f8:0b:cb:f3:88:0b:-48,f8:0b:cb:f3:88:0c:-48,f8:0b:cb:f3:88:0d:-48
4/17/2026 1:19,A407,f8:0b:cb:f3:88:05:-36,f8:0b:cb:f3:88:0a:-48,f8:0b:cb:f3:88:0b:-48,f8:0b:cb:f3:88:0c:-48,f8:0b:cb:f3:88:0d:-48
4/17/2026 1:19,A407,f8:0b:cb:f3:88:05:-36,f8:0b:cb:f3:88:0a:-48,f8:0b:cb:f3:88:0b:-48,f8:0b:cb:f3:88:0c:-48,f8:0b:cb:f3:88:0d:-48
4/17/2026 1:19,A407,f8:0b:cb:f3:88:05:-33,f8:0b:cb:f3:88:0d:-47,f8:0b:cb:f3:88:0a:-48,f8:0b:cb:f3:88:0b:-48,f8:0b:cb:f3:88:0c:-48
4/17/2026 1:19,A407,f8:0b:cb:f3:88:05:-33,f8:0b:cb:f3:88:0d:-47,f8:0b:cb:f3:88:0a:-48,f8:0b:cb:f3:88:0b:-48,f8:0b:cb:f3:88:0c:-48
4/17/2026 1:19,A407,f8:0b:cb:f3:88:05:-33,f8:0b:cb:f3:88:0d:-47,f8:0b:cb:f3:88:0a:-48,f8:0b:cb:f3:88:0b:-48,f8:0b:cb:f3:88:0c:-48
4/17/2026 1:19,A407,f8:0b:cb:f3:88:05:-33,f8:0b:cb:f3:88:0d:-47,f8:0b:cb:f3:88:0a:-48,f8:0b:cb:f3:88:0b:-48,f8:0b:cb:f3:88:0c:-48
4/17/2026 1:19,A407,f8:0b:cb:f3:88:05:-34,b0:22:7a:a0:93:da:-54,40:01:7a:53:96:81:-55,40:01:7a:53:96:80:-55,40:01:7a:53:96:84:-55
4/17/2026 1:19,A407,f8:0b:cb:f3:88:05:-34,b0:22:7a:a0:93:da:-54,40:01:7a:53:96:81:-55,40:01:7a:53:96:80:-55,40:01:7a:53:96:84:-55
4/17/2026 1:19,A407,f8:0b:cb:f3:88:05:-35,b0:22:7a:a0:93:da:-51,f8:0b:cb:f3:88:0a:-53,f8:0b:cb:f3:88:0b:-53,f8:0b:cb:f3:88:0c:-53
4/17/2026 1:19,A407,f8:0b:cb:f3:88:05:-35,b0:22:7a:a0:93:da:-51,f8:0b:cb:f3:88:0a:-53,f8:0b:cb:f3:88:0b:-53,f8:0b:cb:f3:88:0c:-53
4/17/2026 1:19,A407,f8:0b:cb:f3:88:05:-35,b0:22:7a:a0:93:da:-51,f8:0b:cb:f3:88:0a:-53,f8:0b:cb:f3:88:0b:-53,f8:0b:cb:f3:88:0c:-53
4/17/2026 1:20,A407,f8:0b:cb:f3:88:05:-34,f8:0b:cb:f3:88:0a:-53,f8:0b:cb:f3:88:0b:-53,f8:0b:cb:f3:88:0c:-53,f8:0b:cb:f3:88:0d:-53
4/17/2026 1:20,A407,f8:0b:cb:f3:88:05:-34,f8:0b:cb:f3:88:0a:-53,f8:0b:cb:f3:88:0b:-53,f8:0b:cb:f3:88:0c:-53,f8:0b:cb:f3:88:0d:-53
4/17/2026 1:20,A407,f8:0b:cb:f3:88:05:-34,f8:0b:cb:f3:88:0a:-53,f8:0b:cb:f3:88:0b:-53,f8:0b:cb:f3:88:0c:-53,f8:0b:cb:f3:88:0d:-53
4/17/2026 1:20,A407,f8:0b:cb:f3:88:05:-34,f8:0b:cb:f3:88:0a:-53,f8:0b:cb:f3:88:0b:-53,f8:0b:cb:f3:88:0c:-53,f8:0b:cb:f3:88:0d:-53
4/17/2026 1:20,A407,f8:0b:cb:f3:88:05:-28,f8:0b:cb:f3:88:0a:-46,40:01:7a:53:96:80:-55,40:01:7a:53:96:85:-55,40:01:7a:53:96:84:-55
4/17/2026 1:20,A407,f8:0b:cb:f3:88:05:-28,f8:0b:cb:f3:88:0a:-46,40:01:7a:53:96:80:-55,40:01:7a:53:96:85:-55,40:01:7a:53:96:84:-55
4/17/2026 1:20,A407,f8:0b:cb:f3:88:05:-29,f8:0b:cb:f3:88:0a:-49,f8:0b:cb:f3:88:0b:-49,f8:0b:cb:f3:88:0c:-49,f8:0b:cb:f3:88:0d:-49
4/17/2026 1:20,A407,f8:0b:cb:f3:88:05:-29,f8:0b:cb:f3:88:0a:-49,f8:0b:cb:f3:88:0b:-49,f8:0b:cb:f3:88:0c:-49,f8:0b:cb:f3:88:0d:-49
4/17/2026 1:20,A407,f8:0b:cb:f3:88:05:-29,f8:0b:cb:f3:88:0a:-49,f8:0b:cb:f3:88:0b:-49,f8:0b:cb:f3:88:0c:-49,f8:0b:cb:f3:88:0d:-49
4/17/2026 1:20,A407,f8:0b:cb:f3:88:05:-28,f8:0b:cb:f3:88:0f:-47,f8:0b:cb:f3:88:0a:-48,f8:0b:cb:f3:88:0b:-48,f8:0b:cb:f3:88:0c:-48
4/17/2026 1:20,A407,f8:0b:cb:f3:88:05:-28,f8:0b:cb:f3:88:0f:-47,f8:0b:cb:f3:88:0a:-48,f8:0b:cb:f3:88:0b:-48,f8:0b:cb:f3:88:0c:-48
4/17/2026 1:20,A407,f8:0b:cb:f3:88:05:-24,f8:0b:cb:f3:88:0b:-43,f8:0b:cb:f3:88:0a:-44,f8:0b:cb:f3:88:0c:-44,f8:0b:cb:f3:88:0d:-44
4/17/2026 1:20,A407,f8:0b:cb:f3:88:05:-24,f8:0b:cb:f3:88:0b:-43,f8:0b:cb:f3:88:0a:-44,f8:0b:cb:f3:88:0c:-44,f8:0b:cb:f3:88:0d:-44
4/17/2026 1:20,A407,f8:0b:cb:f3:88:05:-24,f8:0b:cb:f3:88:0b:-43,f8:0b:cb:f3:88:0a:-44,f8:0b:cb:f3:88:0c:-44,f8:0b:cb:f3:88:0d:-44
4/17/2026 1:20,A407,f8:0b:cb:f3:88:05:-24,f8:0b:cb:f3:88:0b:-43,f8:0b:cb:f3:88:0a:-44,f8:0b:cb:f3:88:0c:-44,f8:0b:cb:f3:88:0d:-44
4/17/2026 1:20,A407,f8:0b:cb:f3:88:05:-28,40:01:7a:53:96:8e:-43,40:01:7a:53:96:8f:-43,40:01:7a:53:96:8d:-44,40:01:7a:53:96:8c:-44
4/17/2026 1:20,A407,f8:0b:cb:f3:88:05:-28,40:01:7a:53:96:8e:-43,40:01:7a:53:96:8f:-43,40:01:7a:53:96:8d:-44,40:01:7a:53:96:8c:-44
4/17/2026 1:20,A407,f8:0b:cb:f3:88:05:-28,40:01:7a:53:96:8e:-43,40:01:7a:53:96:8f:-43,40:01:7a:53:96:8d:-44,40:01:7a:53:96:8c:-44
4/17/2026 1:20,A407,f8:0b:cb:f3:88:05:-24,40:01:7a:53:96:8e:-44,40:01:7a:53:96:8d:-44,40:01:7a:53:96:8c:-44,40:01:7a:53:96:8b:-44
4/17/2026 1:20,A407,f8:0b:cb:f3:88:05:-24,40:01:7a:53:96:8e:-44,40:01:7a:53:96:8d:-44,40:01:7a:53:96:8c:-44,40:01:7a:53:96:8b:-44
4/17/2026 1:20,A407,f8:0b:cb:f3:88:05:-24,40:01:7a:53:96:8e:-44,40:01:7a:53:96:8d:-44,40:01:7a:53:96:8c:-44,40:01:7a:53:96:8b:-44
4/17/2026 1:20,A407,f8:0b:cb:f3:88:05:-27,40:01:7a:53:96:8a:-43,40:01:7a:53:96:8b:-44,40:01:7a:53:96:8e:-45,40:01:7a:53:96:8d:-45
4/17/2026 1:20,A407,f8:0b:cb:f3:88:05:-27,40:01:7a:53:96:8a:-43,40:01:7a:53:96:8b:-44,40:01:7a:53:96:8e:-45,40:01:7a:53:96:8d:-45
4/17/2026 1:20,A407,f8:0b:cb:f3:88:05:-27,40:01:7a:53:96:8a:-43,40:01:7a:53:96:8b:-44,40:01:7a:53:96:8e:-45,40:01:7a:53:96:8d:-45
4/17/2026 1:20,A407,f8:0b:cb:f3:88:05:-28,40:01:7a:53:96:8e:-45,40:01:7a:53:96:8c:-45,40:01:7a:53:96:8d:-46,40:01:7a:53:96:8b:-46
4/17/2026 1:20,A407,f8:0b:cb:f3:88:05:-28,40:01:7a:53:96:8e:-45,40:01:7a:53:96:8c:-45,40:01:7a:53:96:8d:-46,40:01:7a:53:96:8b:-46
4/17/2026 1:20,A407,f8:0b:cb:f3:88:05:-26,f8:0b:cb:f3:88:0a:-47,f8:0b:cb:f3:88:0b:-48,f8:0b:cb:f3:88:0c:-48,f8:0b:cb:f3:88:0d:-48
4/17/2026 1:20,A407,f8:0b:cb:f3:88:05:-26,f8:0b:cb:f3:88:0a:-47,f8:0b:cb:f3:88:0b:-48,f8:0b:cb:f3:88:0c:-48,f8:0b:cb:f3:88:0d:-48
4/17/2026 1:20,A407,f8:0b:cb:f3:88:05:-26,f8:0b:cb:f3:88:0a:-47,f8:0b:cb:f3:88:0b:-48,f8:0b:cb:f3:88:0c:-48,f8:0b:cb:f3:88:0d:-48
4/17/2026 1:20,A407,f8:0b:cb:f3:88:05:-26,f8:0b:cb:f3:88:0a:-47,f8:0b:cb:f3:88:0b:-48,f8:0b:cb:f3:88:0c:-48,f8:0b:cb:f3:88:0d:-48
4/17/2026 1:21,A407,f8:0b:cb:f3:88:05:-23,f8:0b:cb:f3:88:0a:-47,f8:0b:cb:f3:88:0b:-47,f8:0b:cb:f3:88:0c:-47,f8:0b:cb:f3:88:0d:-47
4/17/2026 1:21,A407,f8:0b:cb:f3:88:05:-23,f8:0b:cb:f3:88:0a:-47,f8:0b:cb:f3:88:0b:-47,f8:0b:cb:f3:88:0c:-47,f8:0b:cb:f3:88:0d:-47
4/17/2026 1:21,A407,f8:0b:cb:f3:88:05:-23,f8:0b:cb:f3:88:0a:-47,f8:0b:cb:f3:88:0b:-47,f8:0b:cb:f3:88:0c:-47,f8:0b:cb:f3:88:0d:-47
4/17/2026 1:21,A407,f8:0b:cb:f3:88:05:-28,40:01:7a:53:96:81:-49,40:01:7a:53:96:80:-49,40:01:7a:53:96:85:-49,40:01:7a:53:96:82:-49
4/17/2026 1:21,A407,f8:0b:cb:f3:88:05:-28,40:01:7a:53:96:81:-49,40:01:7a:53:96:80:-49,40:01:7a:53:96:85:-49,40:01:7a:53:96:82:-49
4/17/2026 1:21,A407,f8:0b:cb:f3:88:05:-28,40:01:7a:53:96:81:-49,40:01:7a:53:96:80:-49,40:01:7a:53:96:85:-49,40:01:7a:53:96:82:-49
4/17/2026 1:21,A407,f8:0b:cb:f3:88:05:-27,f8:0b:cb:f3:88:0a:-45,f8:0b:cb:f3:88:0b:-46,f8:0b:cb:f3:88:0c:-46,f8:0b:cb:f3:88:0d:-46
4/17/2026 1:21,A407,f8:0b:cb:f3:88:05:-27,f8:0b:cb:f3:88:0a:-45,f8:0b:cb:f3:88:0b:-46,f8:0b:cb:f3:88:0c:-46,f8:0b:cb:f3:88:0d:-46
4/17/2026 1:21,A407,f8:0b:cb:f3:88:05:-29,40:01:7a:53:96:81:-48,40:01:7a:53:96:80:-48,40:01:7a:53:96:83:-48,40:01:7a:53:96:82:-48
4/17/2026 1:21,A407,f8:0b:cb:f3:88:05:-29,40:01:7a:53:96:81:-48,40:01:7a:53:96:80:-48,40:01:7a:53:96:83:-48,40:01:7a:53:96:82:-48
4/17/2026 1:21,A407,f8:0b:cb:f3:88:05:-29,40:01:7a:53:96:81:-48,40:01:7a:53:96:80:-48,40:01:7a:53:96:83:-48,40:01:7a:53:96:82:-48
4/17/2026 1:21,A407,f8:0b:cb:f3:88:05:-33,f8:0b:cb:f3:88:0d:-47,f8:0b:cb:f3:88:0a:-48,f8:0b:cb:f3:88:0c:-48,f8:0b:cb:f3:88:0e:-48
4/17/2026 1:21,A407,f8:0b:cb:f3:88:05:-33,f8:0b:cb:f3:88:0d:-47,f8:0b:cb:f3:88:0a:-48,f8:0b:cb:f3:88:0c:-48,f8:0b:cb:f3:88:0e:-48
4/17/2026 1:21,A407,f8:0b:cb:f3:88:05:-33,f8:0b:cb:f3:88:0d:-47,f8:0b:cb:f3:88:0a:-48,f8:0b:cb:f3:88:0c:-48,f8:0b:cb:f3:88:0e:-48
4/17/2026 1:21,A407,f8:0b:cb:f3:88:05:-33,f8:0b:cb:f3:88:0b:-55,f8:0b:cb:f3:88:0d:-55,f8:0b:cb:f3:88:0e:-55,f8:0b:cb:f3:88:0f:-55
4/17/2026 1:21,A407,f8:0b:cb:f3:88:05:-33,f8:0b:cb:f3:88:0b:-55,f8:0b:cb:f3:88:0d:-55,f8:0b:cb:f3:88:0e:-55,f8:0b:cb:f3:88:0f:-55
4/17/2026 1:21,A407,f8:0b:cb:f3:88:05:-35,f8:0b:cb:f3:88:0a:-52,f8:0b:cb:f3:88:0b:-52,f8:0b:cb:f3:88:0c:-52,f8:0b:cb:f3:88:0d:-52
4/17/2026 1:21,A407,f8:0b:cb:f3:88:05:-35,f8:0b:cb:f3:88:0a:-52,f8:0b:cb:f3:88:0b:-52,f8:0b:cb:f3:88:0c:-52,f8:0b:cb:f3:88:0d:-52
4/17/2026 1:21,A407,f8:0b:cb:f3:88:05:-35,f8:0b:cb:f3:88:0a:-52,f8:0b:cb:f3:88:0b:-52,f8:0b:cb:f3:88:0c:-52,f8:0b:cb:f3:88:0d:-52
4/17/2026 1:21,A407,f8:0b:cb:f3:88:05:-38,f8:0b:cb:f3:88:0a:-47,f8:0b:cb:f3:88:0e:-47,f8:0b:cb:f3:88:0b:-48,f8:0b:cb:f3:88:0c:-48
4/17/2026 1:21,A407,f8:0b:cb:f3:88:05:-38,f8:0b:cb:f3:88:0a:-47,f8:0b:cb:f3:88:0e:-47,f8:0b:cb:f3:88:0b:-48,f8:0b:cb:f3:88:0c:-48
4/17/2026 1:21,A407,f8:0b:cb:f3:88:05:-40,f8:0b:cb:f3:88:0a:-52,f8:0b:cb:f3:88:0b:-52,f8:0b:cb:f3:88:0c:-52,f8:0b:cb:f3:88:0d:-52
4/17/2026 1:21,A407,f8:0b:cb:f3:88:05:-40,f8:0b:cb:f3:88:0a:-52,f8:0b:cb:f3:88:0b:-52,f8:0b:cb:f3:88:0c:-52,f8:0b:cb:f3:88:0d:-52
4/17/2026 1:21,A407,f8:0b:cb:f3:88:05:-40,f8:0b:cb:f3:88:0a:-52,f8:0b:cb:f3:88:0b:-52,f8:0b:cb:f3:88:0c:-52,f8:0b:cb:f3:88:0d:-52
4/17/2026 1:21,A407,f8:0b:cb:f3:88:05:-29,f8:0b:cb:f3:88:0d:-46,f8:0b:cb:f3:88:0a:-47,f8:0b:cb:f3:88:0b:-47,f8:0b:cb:f3:88:0c:-47
4/17/2026 1:21,A407,f8:0b:cb:f3:88:05:-29,f8:0b:cb:f3:88:0d:-46,f8:0b:cb:f3:88:0a:-47,f8:0b:cb:f3:88:0b:-47,f8:0b:cb:f3:88:0c:-47
4/17/2026 1:21,A407,f8:0b:cb:f3:88:05:-29,f8:0b:cb:f3:88:0d:-46,f8:0b:cb:f3:88:0a:-47,f8:0b:cb:f3:88:0b:-47,f8:0b:cb:f3:88:0c:-47
4/17/2026 1:21,A407,f8:0b:cb:f3:88:05:-34,f8:0b:cb:f3:88:0a:-51,f8:0b:cb:f3:88:0b:-51,f8:0b:cb:f3:88:0c:-51,f8:0b:cb:f3:88:0d:-51
4/17/2026 1:22,A407,f8:0b:cb:f3:88:05:-34,f8:0b:cb:f3:88:0a:-51,f8:0b:cb:f3:88:0b:-51,f8:0b:cb:f3:88:0c:-51,f8:0b:cb:f3:88:0d:-51
4/17/2026 1:22,A407,f8:0b:cb:f3:88:05:-34,f8:0b:cb:f3:88:0a:-51,f8:0b:cb:f3:88:0b:-51,f8:0b:cb:f3:88:0c:-51,f8:0b:cb:f3:88:0d:-51
4/17/2026 1:22,A407,f8:0b:cb:f3:88:05:-29,f8:0b:cb:f3:88:0a:-46,f8:0b:cb:f3:88:0b:-46,f8:0b:cb:f3:88:0c:-46,f8:0b:cb:f3:88:0d:-46
4/17/2026 1:22,A407,f8:0b:cb:f3:88:05:-29,f8:0b:cb:f3:88:0a:-46,f8:0b:cb:f3:88:0b:-46,f8:0b:cb:f3:88:0c:-46,f8:0b:cb:f3:88:0d:-46
4/17/2026 1:22,A407,f8:0b:cb:f3:88:05:-29,f8:0b:cb:f3:88:0a:-46,f8:0b:cb:f3:88:0b:-46,f8:0b:cb:f3:88:0c:-46,f8:0b:cb:f3:88:0d:-46
4/17/2026 1:22,A407,f8:0b:cb:f3:88:05:-29,f8:0b:cb:f3:88:0f:-44,f8:0b:cb:f3:88:0a:-45,f8:0b:cb:f3:88:0b:-45,f8:0b:cb:f3:88:0c:-45
4/17/2026 1:22,A407,f8:0b:cb:f3:88:05:-29,f8:0b:cb:f3:88:0f:-44,f8:0b:cb:f3:88:0a:-45,f8:0b:cb:f3:88:0b:-45,f8:0b:cb:f3:88:0c:-45
4/17/2026 1:22,A407,f8:0b:cb:f3:88:05:-32,f8:0b:cb:f3:88:0a:-48,f8:0b:cb:f3:88:0b:-48,f8:0b:cb:f3:88:0e:-48,f8:0b:cb:f3:88:0c:-49
4/17/2026 1:22,A407,f8:0b:cb:f3:88:05:-32,f8:0b:cb:f3:88:0a:-48,f8:0b:cb:f3:88:0b:-48,f8:0b:cb:f3:88:0e:-48,f8:0b:cb:f3:88:0c:-49
4/17/2026 1:22,A407,f8:0b:cb:f3:88:05:-30,40:01:7a:53:96:8e:-51,40:01:7a:53:96:8d:-51,40:01:7a:53:96:8c:-51,40:01:7a:53:96:8b:-51
4/17/2026 1:22,A407,f8:0b:cb:f3:88:05:-30,40:01:7a:53:96:8e:-51,40:01:7a:53:96:8d:-51,40:01:7a:53:96:8c:-51,40:01:7a:53:96:8b:-51
4/17/2026 1:22,A407,f8:0b:cb:f3:88:05:-29,f8:0b:cb:f3:88:0b:-47,f8:0b:cb:f3:88:0f:-47,f8:0b:cb:f3:88:0a:-48,f8:0b:cb:f3:88:0c:-48
4/17/2026 1:22,A407,f8:0b:cb:f3:88:05:-29,f8:0b:cb:f3:88:0b:-47,f8:0b:cb:f3:88:0f:-47,f8:0b:cb:f3:88:0a:-48,f8:0b:cb:f3:88:0c:-48
4/17/2026 1:22,A407,f8:0b:cb:f3:88:05:-29,f8:0b:cb:f3:88:0b:-47,f8:0b:cb:f3:88:0f:-47,f8:0b:cb:f3:88:0a:-48,f8:0b:cb:f3:88:0c:-48
4/17/2026 1:22,A407,f8:0b:cb:f3:88:05:-31,40:01:7a:53:96:81:-49,40:01:7a:53:96:80:-49,40:01:7a:53:96:84:-49,40:01:7a:53:96:83:-49
4/17/2026 1:22,A407,f8:0b:cb:f3:88:05:-31,40:01:7a:53:96:81:-49,40:01:7a:53:96:80:-49,40:01:7a:53:96:84:-49,40:01:7a:53:96:83:-49
4/17/2026 1:22,A407,f8:0b:cb:f3:88:05:-29,f8:0b:cb:f3:88:0a:-49,f8:0b:cb:f3:88:0b:-49,f8:0b:cb:f3:88:0d:-49,f8:0b:cb:f3:88:0e:-49
4/17/2026 1:22,A407,f8:0b:cb:f3:88:05:-29,f8:0b:cb:f3:88:0a:-49,f8:0b:cb:f3:88:0b:-49,f8:0b:cb:f3:88:0d:-49,f8:0b:cb:f3:88:0e:-49
4/17/2026 1:22,A407,f8:0b:cb:f3:88:05:-29,f8:0b:cb:f3:88:0a:-49,f8:0b:cb:f3:88:0b:-49,f8:0b:cb:f3:88:0d:-49,f8:0b:cb:f3:88:0e:-49
4/17/2026 1:22,A407,f8:0b:cb:f3:88:05:-32,40:01:7a:53:96:85:-51,40:01:7a:53:96:83:-51,40:01:7a:53:96:8c:-52,40:01:7a:53:96:8b:-52
4/17/2026 1:22,A407,f8:0b:cb:f3:88:05:-32,40:01:7a:53:96:85:-51,40:01:7a:53:96:83:-51,40:01:7a:53:96:8c:-52,40:01:7a:53:96:8b:-52
4/17/2026 1:22,A407,f8:0b:cb:f3:88:05:-31,f8:0b:cb:f3:88:0b:-45,f8:0b:cb:f3:88:0a:-46,f8:0b:cb:f3:88:0c:-46,f8:0b:cb:f3:88:0d:-46
4/17/2026 1:22,A407,f8:0b:cb:f3:88:05:-31,f8:0b:cb:f3:88:0b:-45,f8:0b:cb:f3:88:0a:-46,f8:0b:cb:f3:88:0c:-46,f8:0b:cb:f3:88:0d:-46
4/17/2026 1:22,A407,f8:0b:cb:f3:88:05:-31,f8:0b:cb:f3:88:0b:-45,f8:0b:cb:f3:88:0a:-46,f8:0b:cb:f3:88:0c:-46,f8:0b:cb:f3:88:0d:-46
4/17/2026 1:22,A407,f8:0b:cb:f3:88:05:-31,f8:0b:cb:f3:88:0a:-47,f8:0b:cb:f3:88:0c:-47,f8:0b:cb:f3:88:0f:-47,f8:0b:cb:f3:88:0b:-48
4/17/2026 1:22,A407,f8:0b:cb:f3:88:05:-31,f8:0b:cb:f3:88:0a:-47,f8:0b:cb:f3:88:0c:-47,f8:0b:cb:f3:88:0f:-47,f8:0b:cb:f3:88:0b:-48
4/17/2026 1:22,A407,f8:0b:cb:f3:88:05:-31,f8:0b:cb:f3:88:0a:-47,f8:0b:cb:f3:88:0c:-47,f8:0b:cb:f3:88:0f:-47,f8:0b:cb:f3:88:0b:-48
4/17/2026 1:22,A407,f8:0b:cb:f3:88:05:-31,f8:0b:cb:f3:88:0a:-47,f8:0b:cb:f3:88:0c:-47,f8:0b:cb:f3:88:0f:-47,f8:0b:cb:f3:88:0b:-48
4/17/2026 1:23,A407,f8:0b:cb:f3:88:05:-30,f8:0b:cb:f3:88:0a:-48,f8:0b:cb:f3:88:0b:-48,f8:0b:cb:f3:88:0c:-49,f8:0b:cb:f3:88:0d:-49
4/17/2026 1:23,A407,f8:0b:cb:f3:88:05:-30,f8:0b:cb:f3:88:0a:-48,f8:0b:cb:f3:88:0b:-48,f8:0b:cb:f3:88:0c:-49,f8:0b:cb:f3:88:0d:-49
4/17/2026 1:23,A407,f8:0b:cb:f3:88:05:-30,f8:0b:cb:f3:88:0a:-44,f8:0b:cb:f3:88:0f:-45,f8:0b:cb:f3:88:0b:-46,f8:0b:cb:f3:88:0c:-46
4/17/2026 1:23,A407,f8:0b:cb:f3:88:05:-30,f8:0b:cb:f3:88:0a:-44,f8:0b:cb:f3:88:0f:-45,f8:0b:cb:f3:88:0b:-46,f8:0b:cb:f3:88:0c:-46
4/17/2026 1:23,A407,f8:0b:cb:f3:88:05:-30,f8:0b:cb:f3:88:0a:-44,f8:0b:cb:f3:88:0f:-45,f8:0b:cb:f3:88:0b:-46,f8:0b:cb:f3:88:0c:-46
4/17/2026 1:23,A407,f8:0b:cb:f3:88:05:-33,40:01:7a:53:96:8b:-48,40:01:7a:53:96:8a:-49,40:01:7a:53:96:8e:-49,40:01:7a:53:96:8d:-49
4/17/2026 1:23,A407,f8:0b:cb:f3:88:05:-33,40:01:7a:53:96:8b:-48,40:01:7a:53:96:8a:-49,40:01:7a:53:96:8e:-49,40:01:7a:53:96:8d:-49
4/17/2026 1:23,A407,f8:0b:cb:f3:88:05:-33,40:01:7a:53:96:8b:-48,40:01:7a:53:96:8a:-49,40:01:7a:53:96:8e:-49,40:01:7a:53:96:8d:-49
4/17/2026 1:23,A407,f8:0b:cb:f3:88:05:-31,f8:0b:cb:f3:88:0b:-46,f8:0b:cb:f3:88:0a:-47,f8:0b:cb:f3:88:0c:-47,f8:0b:cb:f3:88:0d:-47
4/17/2026 1:24,A408,f8:0b:cb:f3:88:05:-32,40:01:7a:53:96:81:-44,40:01:7a:53:96:80:-44,40:01:7a:53:96:82:-45,40:01:7a:53:96:85:-48
4/17/2026 1:24,A408,f8:0b:cb:f3:88:05:-32,40:01:7a:53:96:81:-44,40:01:7a:53:96:80:-44,40:01:7a:53:96:82:-45,40:01:7a:53:96:85:-48
4/17/2026 1:24,A408,f8:0b:cb:f3:88:05:-30,f8:0b:cb:f3:88:0a:-36,f8:0b:cb:f3:88:0b:-36,f8:0b:cb:f3:88:0c:-36,f8:0b:cb:f3:88:0d:-36
4/17/2026 1:24,A408,f8:0b:cb:f3:88:05:-30,f8:0b:cb:f3:88:0a:-36,f8:0b:cb:f3:88:0b:-36,f8:0b:cb:f3:88:0c:-36,f8:0b:cb:f3:88:0d:-36
4/17/2026 1:24,A408,f8:0b:cb:f3:88:05:-30,f8:0b:cb:f3:88:0a:-41,f8:0b:cb:f3:88:0b:-41,f8:0b:cb:f3:88:0c:-41,f8:0b:cb:f3:88:0d:-41
4/17/2026 1:24,A408,f8:0b:cb:f3:88:05:-30,f8:0b:cb:f3:88:0a:-41,f8:0b:cb:f3:88:0b:-41,f8:0b:cb:f3:88:0c:-41,f8:0b:cb:f3:88:0d:-41
4/17/2026 1:24,A408,f8:0b:cb:f3:88:05:-27,f8:0b:cb:f3:88:0e:-46,f8:0b:cb:f3:88:0a:-48,f8:0b:cb:f3:88:0b:-48,f8:0b:cb:f3:88:0c:-48
4/17/2026 1:24,A408,f8:0b:cb:f3:88:05:-27,f8:0b:cb:f3:88:0e:-46,f8:0b:cb:f3:88:0a:-48,f8:0b:cb:f3:88:0b:-48,f8:0b:cb:f3:88:0c:-48
4/17/2026 1:24,A408,f8:0b:cb:f3:88:05:-27,f8:0b:cb:f3:88:0e:-46,f8:0b:cb:f3:88:0a:-48,f8:0b:cb:f3:88:0b:-48,f8:0b:cb:f3:88:0c:-48
4/17/2026 1:24,A408,f8:0b:cb:f3:88:05:-26,f8:0b:cb:f3:88:0f:-43,f8:0b:cb:f3:88:0a:-44,f8:0b:cb:f3:88:0b:-44,f8:0b:cb:f3:88:0c:-44
4/17/2026 1:24,A408,f8:0b:cb:f3:88:05:-26,f8:0b:cb:f3:88:0f:-43,f8:0b:cb:f3:88:0a:-44,f8:0b:cb:f3:88:0b:-44,f8:0b:cb:f3:88:0c:-44
4/17/2026 1:24,A408,f8:0b:cb:f3:88:05:-26,f8:0b:cb:f3:88:0f:-43,f8:0b:cb:f3:88:0a:-44,f8:0b:cb:f3:88:0b:-44,f8:0b:cb:f3:88:0c:-44
4/17/2026 1:24,A408,f8:0b:cb:f3:88:05:-26,f8:0b:cb:f3:88:0f:-43,f8:0b:cb:f3:88:0a:-44,f8:0b:cb:f3:88:0b:-44,f8:0b:cb:f3:88:0c:-44
4/17/2026 1:24,A408,f8:0b:cb:f3:88:05:-26,f8:0b:cb:f3:88:0d:-44,f8:0b:cb:f3:88:0b:-45,f8:0b:cb:f3:88:0f:-45,f8:0b:cb:f3:88:0a:-46
4/17/2026 1:24,A408,f8:0b:cb:f3:88:05:-26,f8:0b:cb:f3:88:0d:-44,f8:0b:cb:f3:88:0b:-45,f8:0b:cb:f3:88:0f:-45,f8:0b:cb:f3:88:0a:-46
4/17/2026 1:24,A408,f8:0b:cb:f3:88:05:-26,f8:0b:cb:f3:88:0d:-44,f8:0b:cb:f3:88:0b:-45,f8:0b:cb:f3:88:0f:-45,f8:0b:cb:f3:88:0a:-46
4/17/2026 1:24,A408,f8:0b:cb:f3:88:05:-25,f8:0b:cb:f3:88:0b:-45,f8:0b:cb:f3:88:0c:-45,f8:0b:cb:f3:88:0d:-45,f8:0b:cb:f3:88:0e:-45
4/17/2026 1:24,A408,f8:0b:cb:f3:88:05:-25,f8:0b:cb:f3:88:0b:-45,f8:0b:cb:f3:88:0c:-45,f8:0b:cb:f3:88:0d:-45,f8:0b:cb:f3:88:0e:-45
4/17/2026 1:24,A408,f8:0b:cb:f3:88:05:-28,f8:0b:cb:f3:88:0a:-42,f8:0b:cb:f3:88:0c:-42,f8:0b:cb:f3:88:0d:-42,f8:0b:cb:f3:88:0e:-42
4/17/2026 1:24,A408,f8:0b:cb:f3:88:05:-28,f8:0b:cb:f3:88:0a:-42,f8:0b:cb:f3:88:0c:-42,f8:0b:cb:f3:88:0d:-42,f8:0b:cb:f3:88:0e:-42
4/17/2026 1:24,A408,f8:0b:cb:f3:88:05:-28,f8:0b:cb:f3:88:0b:-49,f8:0b:cb:f3:88:0a:-50,f8:0b:cb:f3:88:0d:-50,40:01:7a:53:96:85:-50
4/17/2026 1:24,A408,f8:0b:cb:f3:88:05:-28,f8:0b:cb:f3:88:0b:-49,f8:0b:cb:f3:88:0a:-50,f8:0b:cb:f3:88:0d:-50,40:01:7a:53:96:85:-50
4/17/2026 1:24,A408,f8:0b:cb:f3:88:05:-29,f8:0b:cb:f3:88:0c:-50,f8:0b:cb:f3:88:0d:-50,f8:0b:cb:f3:88:0e:-50,f8:0b:cb:f3:88:0f:-50
4/17/2026 1:24,A408,f8:0b:cb:f3:88:05:-29,f8:0b:cb:f3:88:0c:-50,f8:0b:cb:f3:88:0d:-50,f8:0b:cb:f3:88:0e:-50,f8:0b:cb:f3:88:0f:-50
4/17/2026 1:25,A408,f8:0b:cb:f3:88:05:-24,f8:0b:cb:f3:88:0a:-45,f8:0b:cb:f3:88:0b:-45,f8:0b:cb:f3:88:0c:-45,f8:0b:cb:f3:88:0d:-45
4/17/2026 1:25,A408,f8:0b:cb:f3:88:05:-24,f8:0b:cb:f3:88:0a:-45,f8:0b:cb:f3:88:0b:-45,f8:0b:cb:f3:88:0c:-45,f8:0b:cb:f3:88:0d:-45
4/17/2026 1:25,A408,f8:0b:cb:f3:88:05:-29,f8:0b:cb:f3:88:0a:-36,f8:0b:cb:f3:88:0b:-36,f8:0b:cb:f3:88:0d:-36,f8:0b:cb:f3:88:0e:-36
4/17/2026 1:25,A408,f8:0b:cb:f3:88:05:-30,f8:0b:cb:f3:88:0e:-45,f8:0b:cb:f3:88:0a:-46,f8:0b:cb:f3:88:0b:-46,f8:0b:cb:f3:88:0c:-46
4/17/2026 1:25,A408,f8:0b:cb:f3:88:05:-30,f8:0b:cb:f3:88:0e:-45,f8:0b:cb:f3:88:0a:-46,f8:0b:cb:f3:88:0b:-46,f8:0b:cb:f3:88:0c:-46
4/17/2026 1:25,A408,f8:0b:cb:f3:88:05:-30,f8:0b:cb:f3:88:0d:-36,f8:0b:cb:f3:88:0e:-36,f8:0b:cb:f3:88:0f:-36,f8:0b:cb:f3:88:0b:-37
4/17/2026 1:25,A408,f8:0b:cb:f3:88:05:-30,f8:0b:cb:f3:88:0d:-36,f8:0b:cb:f3:88:0e:-36,f8:0b:cb:f3:88:0f:-36,f8:0b:cb:f3:88:0b:-37
4/17/2026 1:25,A408,f8:0b:cb:f3:88:05:-30,f8:0b:cb:f3:88:0d:-36,f8:0b:cb:f3:88:0e:-36,f8:0b:cb:f3:88:0f:-36,f8:0b:cb:f3:88:0b:-37
4/17/2026 1:25,A408,f8:0b:cb:f3:88:05:-28,f8:0b:cb:f3:88:00:-31,f8:0b:cb:f3:88:01:-31,f8:0b:cb:f3:88:03:-31,f8:0b:cb:f3:88:04:-31
4/17/2026 1:25,A408,f8:0b:cb:f3:88:05:-28,f8:0b:cb:f3:88:00:-31,f8:0b:cb:f3:88:01:-31,f8:0b:cb:f3:88:03:-31,f8:0b:cb:f3:88:04:-31
4/17/2026 1:25,A408,f8:0b:cb:f3:88:05:-28,f8:0b:cb:f3:88:00:-31,f8:0b:cb:f3:88:01:-31,f8:0b:cb:f3:88:03:-31,f8:0b:cb:f3:88:04:-31
4/17/2026 1:25,A408,f8:0b:cb:f3:88:05:-28,f8:0b:cb:f3:88:0e:-42,f8:0b:cb:f3:88:0a:-43,f8:0b:cb:f3:88:0b:-43,f8:0b:cb:f3:88:0c:-43
4/17/2026 1:25,A408,f8:0b:cb:f3:88:05:-28,f8:0b:cb:f3:88:0e:-42,f8:0b:cb:f3:88:0a:-43,f8:0b:cb:f3:88:0b:-43,f8:0b:cb:f3:88:0c:-43
4/17/2026 1:25,A408,f8:0b:cb:f3:88:05:-26,f8:0b:cb:f3:88:0e:-41,f8:0b:cb:f3:88:0a:-42,f8:0b:cb:f3:88:0b:-42,f8:0b:cb:f3:88:0c:-42
4/17/2026 1:25,A408,f8:0b:cb:f3:88:05:-26,f8:0b:cb:f3:88:0e:-41,f8:0b:cb:f3:88:0a:-42,f8:0b:cb:f3:88:0b:-42,f8:0b:cb:f3:88:0c:-42
4/17/2026 1:25,A408,f8:0b:cb:f3:88:05:-26,f8:0b:cb:f3:88:0e:-41,f8:0b:cb:f3:88:0a:-42,f8:0b:cb:f3:88:0b:-42,f8:0b:cb:f3:88:0c:-42
4/17/2026 1:25,A408,f8:0b:cb:f3:88:05:-26,f8:0b:cb:f3:88:0e:-41,f8:0b:cb:f3:88:0a:-42,f8:0b:cb:f3:88:0b:-42,f8:0b:cb:f3:88:0c:-42
4/17/2026 1:25,A408,f8:0b:cb:f3:88:05:-28,f8:0b:cb:f3:88:0d:-43,f8:0b:cb:f3:88:0f:-44,f8:0b:cb:f3:88:0a:-45,f8:0b:cb:f3:88:0b:-45
4/17/2026 1:25,A408,f8:0b:cb:f3:88:05:-28,f8:0b:cb:f3:88:0d:-43,f8:0b:cb:f3:88:0f:-44,f8:0b:cb:f3:88:0a:-45,f8:0b:cb:f3:88:0b:-45
4/17/2026 1:25,A408,f8:0b:cb:f3:88:05:-28,f8:0b:cb:f3:88:0d:-43,f8:0b:cb:f3:88:0f:-44,f8:0b:cb:f3:88:0a:-45,f8:0b:cb:f3:88:0b:-45
4/17/2026 1:25,A408,f8:0b:cb:f3:88:05:-26,f8:0b:cb:f3:88:0b:-46,f8:0b:cb:f3:88:0f:-46,f8:0b:cb:f3:88:0a:-47,f8:0b:cb:f3:88:0c:-47
4/17/2026 1:25,A408,f8:0b:cb:f3:88:05:-26,f8:0b:cb:f3:88:0b:-46,f8:0b:cb:f3:88:0f:-46,f8:0b:cb:f3:88:0a:-47,f8:0b:cb:f3:88:0c:-47
4/17/2026 1:25,A408,f8:0b:cb:f3:88:05:-26,f8:0b:cb:f3:88:0b:-46,f8:0b:cb:f3:88:0f:-46,f8:0b:cb:f3:88:0a:-47,f8:0b:cb:f3:88:0c:-47
4/17/2026 1:25,A408,f8:0b:cb:f3:88:05:-26,f8:0b:cb:f3:88:0c:-39,f8:0b:cb:f3:88:0d:-39,f8:0b:cb:f3:88:0e:-39,f8:0b:cb:f3:88:0f:-39
4/17/2026 1:25,A408,f8:0b:cb:f3:88:05:-26,f8:0b:cb:f3:88:0c:-39,f8:0b:cb:f3:88:0d:-39,f8:0b:cb:f3:88:0e:-39,f8:0b:cb:f3:88:0f:-39
4/17/2026 1:25,A408,f8:0b:cb:f3:88:05:-26,f8:0b:cb:f3:88:0d:-42,f8:0b:cb:f3:88:0a:-43,f8:0b:cb:f3:88:0b:-43,f8:0b:cb:f3:88:0c:-43
4/17/2026 1:25,A408,f8:0b:cb:f3:88:05:-26,f8:0b:cb:f3:88:0d:-42,f8:0b:cb:f3:88:0a:-43,f8:0b:cb:f3:88:0b:-43,f8:0b:cb:f3:88:0c:-43
4/17/2026 1:25,A408,f8:0b:cb:f3:88:05:-26,f8:0b:cb:f3:88:0d:-42,f8:0b:cb:f3:88:0a:-43,f8:0b:cb:f3:88:0b:-43,f8:0b:cb:f3:88:0c:-43
4/17/2026 1:25,A408,f8:0b:cb:f3:88:05:-31,f8:0b:cb:f3:88:0f:-38,f8:0b:cb:f3:88:0a:-39,f8:0b:cb:f3:88:0b:-39,f8:0b:cb:f3:88:0c:-39
4/17/2026 1:25,A408,f8:0b:cb:f3:88:05:-31,f8:0b:cb:f3:88:0f:-38,f8:0b:cb:f3:88:0a:-39,f8:0b:cb:f3:88:0b:-39,f8:0b:cb:f3:88:0c:-39
4/17/2026 1:26,A408,f8:0b:cb:f3:88:05:-31,f8:0b:cb:f3:88:0f:-38,f8:0b:cb:f3:88:0a:-39,f8:0b:cb:f3:88:0b:-39,f8:0b:cb:f3:88:0c:-39
4/17/2026 1:26,A408,f8:0b:cb:f3:88:05:-32,f8:0b:cb:f3:88:0a:-41,f8:0b:cb:f3:88:0b:-41,f8:0b:cb:f3:88:0c:-41,f8:0b:cb:f3:88:0d:-41
4/17/2026 1:26,A408,f8:0b:cb:f3:88:05:-32,f8:0b:cb:f3:88:0a:-41,f8:0b:cb:f3:88:0b:-41,f8:0b:cb:f3:88:0c:-41,f8:0b:cb:f3:88:0d:-41
4/17/2026 1:26,A408,f8:0b:cb:f3:88:05:-32,f8:0b:cb:f3:88:0a:-41,f8:0b:cb:f3:88:0b:-41,f8:0b:cb:f3:88:0c:-41,f8:0b:cb:f3:88:0d:-41
4/17/2026 1:26,A408,f8:0b:cb:f3:88:05:-26,40:01:7a:53:96:8e:-55,40:01:7a:53:96:8f:-55,40:01:7a:53:96:8a:-56,40:01:7a:53:96:8d:-56
4/17/2026 1:26,A408,f8:0b:cb:f3:88:05:-26,40:01:7a:53:96:8e:-55,40:01:7a:53:96:8f:-55,40:01:7a:53:96:8a:-56,40:01:7a:53:96:8d:-56
4/17/2026 1:26,A408,f8:0b:cb:f3:88:05:-26,40:01:7a:53:96:8e:-55,40:01:7a:53:96:8f:-55,40:01:7a:53:96:8a:-56,40:01:7a:53:96:8d:-56
4/17/2026 1:26,A408,f8:0b:cb:f3:88:05:-33,f8:0b:cb:f3:88:0e:-44,f8:0b:cb:f3:88:0a:-45,f8:0b:cb:f3:88:0b:-45,f8:0b:cb:f3:88:0c:-45
4/17/2026 1:26,A408,f8:0b:cb:f3:88:05:-33,f8:0b:cb:f3:88:0e:-44,f8:0b:cb:f3:88:0a:-45,f8:0b:cb:f3:88:0b:-45,f8:0b:cb:f3:88:0c:-45
4/17/2026 1:26,A408,f8:0b:cb:f3:88:05:-33,f8:0b:cb:f3:88:0e:-44,f8:0b:cb:f3:88:0a:-45,f8:0b:cb:f3:88:0b:-45,f8:0b:cb:f3:88:0c:-45
4/17/2026 1:26,A408,f8:0b:cb:f3:88:05:-28,40:01:7a:53:96:8b:-43,40:01:7a:53:96:8f:-45,40:01:7a:53:96:8a:-45,40:01:7a:53:96:8e:-46
4/17/2026 1:26,A408,f8:0b:cb:f3:88:05:-28,40:01:7a:53:96:8b:-43,40:01:7a:53:96:8f:-45,40:01:7a:53:96:8a:-45,40:01:7a:53:96:8e:-46
4/17/2026 1:26,A408,f8:0b:cb:f3:88:05:-28,f8:0b:cb:f3:88:0a:-47,f8:0b:cb:f3:88:0c:-47,40:01:7a:53:96:8f:-47,f8:0b:cb:f3:88:0b:-48
4/17/2026 1:26,A408,f8:0b:cb:f3:88:05:-28,f8:0b:cb:f3:88:0a:-47,f8:0b:cb:f3:88:0c:-47,40:01:7a:53:96:8f:-47,f8:0b:cb:f3:88:0b:-48
4/17/2026 1:26,A408,f8:0b:cb:f3:88:05:-28,f8:0b:cb:f3:88:0a:-47,f8:0b:cb:f3:88:0c:-47,40:01:7a:53:96:8f:-47,f8:0b:cb:f3:88:0b:-48
4/17/2026 1:26,A408,f8:0b:cb:f3:88:00:-27,f8:0b:cb:f3:88:05:-30,f8:0b:cb:f3:88:0a:-35,f8:0b:cb:f3:88:0b:-35,f8:0b:cb:f3:88:0c:-35
4/17/2026 1:26,A408,f8:0b:cb:f3:88:00:-27,f8:0b:cb:f3:88:05:-30,f8:0b:cb:f3:88:0a:-35,f8:0b:cb:f3:88:0b:-35,f8:0b:cb:f3:88:0c:-35
4/17/2026 1:26,A408,f8:0b:cb:f3:88:05:-26,f8:0b:cb:f3:88:0b:-36,f8:0b:cb:f3:88:0c:-36,f8:0b:cb:f3:88:0d:-36,f8:0b:cb:f3:88:0e:-36
4/17/2026 1:26,A408,f8:0b:cb:f3:88:05:-26,f8:0b:cb:f3:88:0b:-36,f8:0b:cb:f3:88:0c:-36,f8:0b:cb:f3:88:0d:-36,f8:0b:cb:f3:88:0e:-36
4/17/2026 1:26,A408,f8:0b:cb:f3:88:05:-32,f8:0b:cb:f3:88:0a:-42,f8:0b:cb:f3:88:0b:-43,f8:0b:cb:f3:88:0c:-43,f8:0b:cb:f3:88:0d:-43
4/17/2026 1:26,A408,f8:0b:cb:f3:88:05:-32,f8:0b:cb:f3:88:0a:-42,f8:0b:cb:f3:88:0b:-43,f8:0b:cb:f3:88:0c:-43,f8:0b:cb:f3:88:0d:-43
4/17/2026 1:26,A408,f8:0b:cb:f3:88:05:-22,f8:0b:cb:f3:88:0f:-32,f8:0b:cb:f3:88:0a:-33,f8:0b:cb:f3:88:0b:-33,f8:0b:cb:f3:88:0c:-33
4/17/2026 1:26,A408,f8:0b:cb:f3:88:05:-22,f8:0b:cb:f3:88:0f:-32,f8:0b:cb:f3:88:0a:-33,f8:0b:cb:f3:88:0b:-33,f8:0b:cb:f3:88:0c:-33
4/17/2026 1:26,A408,f8:0b:cb:f3:88:05:-28,f8:0b:cb:f3:88:0a:-36,f8:0b:cb:f3:88:0c:-36,f8:0b:cb:f3:88:0d:-36,f8:0b:cb:f3:88:0f:-36
4/17/2026 1:26,A408,f8:0b:cb:f3:88:05:-28,f8:0b:cb:f3:88:0a:-36,f8:0b:cb:f3:88:0c:-36,f8:0b:cb:f3:88:0d:-36,f8:0b:cb:f3:88:0f:-36
4/17/2026 1:26,A408,f8:0b:cb:f3:88:05:-27,f8:0b:cb:f3:88:0a:-37,f8:0b:cb:f3:88:0b:-37,f8:0b:cb:f3:88:0c:-37,f8:0b:cb:f3:88:0d:-37
4/17/2026 1:26,A408,f8:0b:cb:f3:88:05:-27,f8:0b:cb:f3:88:0a:-37,f8:0b:cb:f3:88:0b:-37,f8:0b:cb:f3:88:0c:-37,f8:0b:cb:f3:88:0d:-37
4/17/2026 1:27,A408,f8:0b:cb:f3:88:05:-27,f8:0b:cb:f3:88:0a:-37,f8:0b:cb:f3:88:0b:-37,f8:0b:cb:f3:88:0c:-37,f8:0b:cb:f3:88:0d:-37
4/17/2026 1:27,A408,f8:0b:cb:f3:88:05:-24,f8:0b:cb:f3:88:0a:-37,40:01:7a:53:96:8a:-51,40:01:7a:53:96:8e:-51,40:01:7a:53:96:8d:-51
4/17/2026 1:27,A408,f8:0b:cb:f3:88:05:-24,f8:0b:cb:f3:88:0a:-37,40:01:7a:53:96:8a:-51,40:01:7a:53:96:8e:-51,40:01:7a:53:96:8d:-51
4/17/2026 1:27,A408,f8:0b:cb:f3:88:05:-24,f8:0b:cb:f3:88:0a:-37,40:01:7a:53:96:8a:-51,40:01:7a:53:96:8e:-51,40:01:7a:53:96:8d:-51
4/17/2026 1:27,A408,f8:0b:cb:f3:88:05:-30,f8:0b:cb:f3:88:0a:-46,f8:0b:cb:f3:88:0b:-46,f8:0b:cb:f3:88:0c:-46,f8:0b:cb:f3:88:0d:-46
4/17/2026 1:27,A408,f8:0b:cb:f3:88:05:-30,f8:0b:cb:f3:88:0a:-46,f8:0b:cb:f3:88:0b:-46,f8:0b:cb:f3:88:0c:-46,f8:0b:cb:f3:88:0d:-46
4/17/2026 1:27,A408,f8:0b:cb:f3:88:05:-28,f8:0b:cb:f3:88:0a:-42,f8:0b:cb:f3:88:0b:-42,f8:0b:cb:f3:88:0c:-42,f8:0b:cb:f3:88:0d:-42
4/17/2026 1:27,A408,f8:0b:cb:f3:88:05:-28,f8:0b:cb:f3:88:0a:-42,f8:0b:cb:f3:88:0b:-42,f8:0b:cb:f3:88:0c:-42,f8:0b:cb:f3:88:0d:-42
4/17/2026 1:27,A408,f8:0b:cb:f3:88:05:-28,f8:0b:cb:f3:88:0a:-42,f8:0b:cb:f3:88:0b:-42,f8:0b:cb:f3:88:0c:-42,f8:0b:cb:f3:88:0d:-42
4/17/2026 1:27,A408,f8:0b:cb:f3:88:05:-27,f8:0b:cb:f3:88:0a:-36,f8:0b:cb:f3:88:0b:-36,f8:0b:cb:f3:88:0d:-36,f8:0b:cb:f3:88:0e:-36
4/17/2026 1:27,A408,f8:0b:cb:f3:88:05:-27,f8:0b:cb:f3:88:0a:-36,f8:0b:cb:f3:88:0b:-36,f8:0b:cb:f3:88:0d:-36,f8:0b:cb:f3:88:0e:-36
4/17/2026 1:27,A408,f8:0b:cb:f3:88:05:-29,f8:0b:cb:f3:88:0b:-36,f8:0b:cb:f3:88:0d:-36,f8:0b:cb:f3:88:0e:-36,f8:0b:cb:f3:88:0a:-37
4/17/2026 1:27,A408,f8:0b:cb:f3:88:05:-29,f8:0b:cb:f3:88:0b:-36,f8:0b:cb:f3:88:0d:-36,f8:0b:cb:f3:88:0e:-36,f8:0b:cb:f3:88:0a:-37
4/17/2026 1:27,A408,f8:0b:cb:f3:88:05:-29,f8:0b:cb:f3:88:0b:-36,f8:0b:cb:f3:88:0d:-36,f8:0b:cb:f3:88:0e:-36,f8:0b:cb:f3:88:0a:-37
4/17/2026 1:27,A408,f8:0b:cb:f3:88:05:-27,f8:0b:cb:f3:88:0a:-38,f8:0b:cb:f3:88:0b:-38,f8:0b:cb:f3:88:0c:-38,f8:0b:cb:f3:88:0d:-38
4/17/2026 1:27,A408,f8:0b:cb:f3:88:05:-27,f8:0b:cb:f3:88:0a:-38,f8:0b:cb:f3:88:0b:-38,f8:0b:cb:f3:88:0c:-38,f8:0b:cb:f3:88:0d:-38
4/17/2026 1:27,A408,f8:0b:cb:f3:88:05:-27,f8:0b:cb:f3:88:0a:-38,f8:0b:cb:f3:88:0b:-38,f8:0b:cb:f3:88:0c:-38,f8:0b:cb:f3:88:0d:-38
4/17/2026 1:27,A408,f8:0b:cb:f3:88:05:-29,f8:0b:cb:f3:88:0a:-42,f8:0b:cb:f3:88:0b:-43,f8:0b:cb:f3:88:0c:-43,f8:0b:cb:f3:88:0d:-43
4/17/2026 1:27,A409,f8:0b:cb:f3:88:05:-29,f8:0b:cb:f3:88:0a:-42,f8:0b:cb:f3:88:0b:-43,f8:0b:cb:f3:88:0c:-43,f8:0b:cb:f3:88:0d:-43
4/17/2026 1:27,A409,f8:0b:cb:f3:88:05:-29,f8:0b:cb:f3:88:0a:-42,f8:0b:cb:f3:88:0b:-43,f8:0b:cb:f3:88:0c:-43,f8:0b:cb:f3:88:0d:-43
4/17/2026 1:27,A409,f8:0b:cb:f3:88:05:-30,f8:0b:cb:f3:88:0a:-39,f8:0b:cb:f3:88:0b:-39,f8:0b:cb:f3:88:0c:-39,f8:0b:cb:f3:88:0d:-39
4/17/2026 1:27,A409,f8:0b:cb:f3:88:05:-30,f8:0b:cb:f3:88:0a:-39,f8:0b:cb:f3:88:0b:-39,f8:0b:cb:f3:88:0c:-39,f8:0b:cb:f3:88:0d:-39
4/17/2026 1:27,A409,f8:0b:cb:f3:88:05:-28,f8:0b:cb:f3:88:0e:-41,f8:0b:cb:f3:88:0a:-42,f8:0b:cb:f3:88:0b:-42,f8:0b:cb:f3:88:0c:-42
4/17/2026 1:27,A409,f8:0b:cb:f3:88:05:-28,f8:0b:cb:f3:88:0e:-41,f8:0b:cb:f3:88:0a:-42,f8:0b:cb:f3:88:0b:-42,f8:0b:cb:f3:88:0c:-42
4/17/2026 1:27,A409,f8:0b:cb:f3:88:05:-27,f8:0b:cb:f3:88:0e:-45,f8:0b:cb:f3:88:0a:-46,f8:0b:cb:f3:88:0b:-46,f8:0b:cb:f3:88:0c:-46
4/17/2026 1:28,A409,f8:0b:cb:f3:88:05:-27,f8:0b:cb:f3:88:0e:-45,f8:0b:cb:f3:88:0a:-46,f8:0b:cb:f3:88:0b:-46,f8:0b:cb:f3:88:0c:-46
4/17/2026 1:28,A409,f8:0b:cb:f3:88:05:-27,f8:0b:cb:f3:88:0e:-45,f8:0b:cb:f3:88:0a:-46,f8:0b:cb:f3:88:0b:-46,f8:0b:cb:f3:88:0c:-46
4/17/2026 1:28,A409,f8:0b:cb:f3:88:05:-29,f8:0b:cb:f3:88:0b:-39,f8:0b:cb:f3:88:0e:-39,f8:0b:cb:f3:88:0a:-40,f8:0b:cb:f3:88:0c:-40
4/17/2026 1:28,A409,f8:0b:cb:f3:88:05:-29,f8:0b:cb:f3:88:0b:-39,f8:0b:cb:f3:88:0e:-39,f8:0b:cb:f3:88:0a:-40,f8:0b:cb:f3:88:0c:-40
4/17/2026 1:28,A409,f8:0b:cb:f3:88:05:-29,f8:0b:cb:f3:88:0b:-39,f8:0b:cb:f3:88:0e:-39,f8:0b:cb:f3:88:0a:-40,f8:0b:cb:f3:88:0c:-40
4/17/2026 1:28,A409,f8:0b:cb:f3:88:05:-29,40:01:7a:53:96:85:-51,40:01:7a:53:96:84:-51,40:01:7a:53:96:83:-51,40:01:7a:53:96:82:-51
4/17/2026 1:28,A409,f8:0b:cb:f3:88:05:-29,40:01:7a:53:96:85:-51,40:01:7a:53:96:84:-51,40:01:7a:53:96:83:-51,40:01:7a:53:96:82:-51
4/17/2026 1:28,A409,f8:0b:cb:f3:88:05:-33,f8:0b:cb:f3:88:0d:-41,f8:0b:cb:f3:88:0a:-43,f8:0b:cb:f3:88:0b:-43,f8:0b:cb:f3:88:0c:-43
4/17/2026 1:28,A409,f8:0b:cb:f3:88:05:-33,f8:0b:cb:f3:88:0d:-41,f8:0b:cb:f3:88:0a:-43,f8:0b:cb:f3:88:0b:-43,f8:0b:cb:f3:88:0c:-43
4/17/2026 1:28,A409,f8:0b:cb:f3:88:05:-33,f8:0b:cb:f3:88:0d:-41,f8:0b:cb:f3:88:0a:-43,f8:0b:cb:f3:88:0b:-43,f8:0b:cb:f3:88:0c:-43
4/17/2026 1:28,A409,f8:0b:cb:f3:88:05:-33,f8:0b:cb:f3:88:0d:-41,f8:0b:cb:f3:88:0a:-43,f8:0b:cb:f3:88:0b:-43,f8:0b:cb:f3:88:0c:-43
4/17/2026 1:28,A409,f8:0b:cb:f3:88:05:-27,f8:0b:cb:f3:88:0c:-45,f8:0b:cb:f3:88:0a:-46,f8:0b:cb:f3:88:0b:-46,f8:0b:cb:f3:88:0d:-46
4/17/2026 1:28,A409,f8:0b:cb:f3:88:05:-27,f8:0b:cb:f3:88:0c:-45,f8:0b:cb:f3:88:0a:-46,f8:0b:cb:f3:88:0b:-46,f8:0b:cb:f3:88:0d:-46
4/17/2026 1:28,A409,f8:0b:cb:f3:88:05:-27,f8:0b:cb:f3:88:0c:-45,f8:0b:cb:f3:88:0a:-46,f8:0b:cb:f3:88:0b:-46,f8:0b:cb:f3:88:0d:-46
4/17/2026 1:28,A409,f8:0b:cb:f3:88:05:-27,f8:0b:cb:f3:88:0c:-45,f8:0b:cb:f3:88:0a:-46,f8:0b:cb:f3:88:0b:-46,f8:0b:cb:f3:88:0d:-46
4/17/2026 1:28,A409,f8:0b:cb:f3:88:05:-33,f8:0b:cb:f3:88:0a:-55,f8:0b:cb:f3:88:0b:-55,f8:0b:cb:f3:88:0c:-55,f8:0b:cb:f3:88:0d:-55
4/17/2026 1:28,A409,f8:0b:cb:f3:88:05:-33,f8:0b:cb:f3:88:0a:-55,f8:0b:cb:f3:88:0b:-55,f8:0b:cb:f3:88:0c:-55,f8:0b:cb:f3:88:0d:-55
4/17/2026 1:28,A409,f8:0b:cb:f3:88:05:-33,f8:0b:cb:f3:88:0a:-55,f8:0b:cb:f3:88:0b:-55,f8:0b:cb:f3:88:0c:-55,f8:0b:cb:f3:88:0d:-55
4/17/2026 1:28,A409,f8:0b:cb:f3:88:05:-33,f8:0b:cb:f3:88:0a:-55,f8:0b:cb:f3:88:0b:-55,f8:0b:cb:f3:88:0c:-55,f8:0b:cb:f3:88:0d:-55
4/17/2026 1:28,A409,f8:0b:cb:f3:88:05:-30,40:01:7a:53:97:2d:-48,40:01:7a:53:97:2c:-48,40:01:7a:53:97:2b:-48,40:01:7a:53:97:2a:-48
4/17/2026 1:28,A409,f8:0b:cb:f3:88:05:-30,40:01:7a:53:97:2d:-48,40:01:7a:53:97:2c:-48,40:01:7a:53:97:2b:-48,40:01:7a:53:97:2a:-48
4/17/2026 1:28,A409,f8:0b:cb:f3:88:05:-30,f8:0b:cb:f3:88:0a:-53,f8:0b:cb:f3:88:0c:-53,f8:0b:cb:f3:88:0e:-53,f8:0b:cb:f3:88:0f:-53
4/17/2026 1:28,A409,f8:0b:cb:f3:88:05:-30,f8:0b:cb:f3:88:0a:-53,f8:0b:cb:f3:88:0c:-53,f8:0b:cb:f3:88:0e:-53,f8:0b:cb:f3:88:0f:-53
4/17/2026 1:28,A409,f8:0b:cb:f3:88:05:-30,f8:0b:cb:f3:88:0a:-53,f8:0b:cb:f3:88:0c:-53,f8:0b:cb:f3:88:0e:-53,f8:0b:cb:f3:88:0f:-53
4/17/2026 1:28,A409,f8:0b:cb:f3:88:05:-28,f8:0b:cb:f3:88:0c:-42,f8:0b:cb:f3:88:0f:-42,f8:0b:cb:f3:88:0a:-43,f8:0b:cb:f3:88:0b:-43
4/17/2026 1:28,A409,f8:0b:cb:f3:88:05:-28,f8:0b:cb:f3:88:0c:-42,f8:0b:cb:f3:88:0f:-42,f8:0b:cb:f3:88:0a:-43,f8:0b:cb:f3:88:0b:-43
4/17/2026 1:28,A409,f8:0b:cb:f3:88:05:-28,f8:0b:cb:f3:88:0c:-42,f8:0b:cb:f3:88:0f:-42,f8:0b:cb:f3:88:0a:-43,f8:0b:cb:f3:88:0b:-43
4/17/2026 1:28,A409,f8:0b:cb:f3:88:05:-27,f8:0b:cb:f3:88:0a:-39,f8:0b:cb:f3:88:0b:-39,f8:0b:cb:f3:88:0c:-39,f8:0b:cb:f3:88:0f:-39
4/17/2026 1:28,A409,f8:0b:cb:f3:88:05:-27,f8:0b:cb:f3:88:0a:-39,f8:0b:cb:f3:88:0b:-39,f8:0b:cb:f3:88:0c:-39,f8:0b:cb:f3:88:0f:-39
4/17/2026 1:28,A409,f8:0b:cb:f3:88:05:-27,f8:0b:cb:f3:88:0a:-39,f8:0b:cb:f3:88:0b:-39,f8:0b:cb:f3:88:0c:-39,f8:0b:cb:f3:88:0f:-39
4/17/2026 1:28,A409,f8:0b:cb:f3:88:05:-27,40:01:7a:53:97:2d:-49,40:01:7a:53:97:2c:-49,40:01:7a:53:97:2b:-49,40:01:7a:53:97:2a:-50
4/17/2026 1:29,A409,f8:0b:cb:f3:88:05:-27,40:01:7a:53:97:2d:-49,40:01:7a:53:97:2c:-49,40:01:7a:53:97:2b:-49,40:01:7a:53:97:2a:-50
4/17/2026 1:29,A409,f8:0b:cb:f3:88:05:-27,40:01:7a:53:97:2d:-49,40:01:7a:53:97:2c:-49,40:01:7a:53:97:2b:-49,40:01:7a:53:97:2a:-50
4/17/2026 1:29,A409,f8:0b:cb:f3:88:05:-27,f8:0b:cb:f3:88:0a:-44,f8:0b:cb:f3:88:0b:-44,f8:0b:cb:f3:88:0c:-44,f8:0b:cb:f3:88:0d:-44
4/17/2026 1:29,A409,f8:0b:cb:f3:88:05:-27,f8:0b:cb:f3:88:0a:-44,f8:0b:cb:f3:88:0b:-44,f8:0b:cb:f3:88:0c:-44,f8:0b:cb:f3:88:0d:-44
4/17/2026 1:29,A409,f8:0b:cb:f3:88:05:-27,f8:0b:cb:f3:88:0a:-44,f8:0b:cb:f3:88:0b:-44,f8:0b:cb:f3:88:0c:-44,f8:0b:cb:f3:88:0d:-44
4/17/2026 1:29,A409,f8:0b:cb:f3:88:05:-27,f8:0b:cb:f3:88:0a:-40,f8:0b:cb:f3:88:0b:-41,f8:0b:cb:f3:88:0c:-41,f8:0b:cb:f3:88:0d:-41
4/17/2026 1:29,A409,f8:0b:cb:f3:88:05:-27,f8:0b:cb:f3:88:0a:-40,f8:0b:cb:f3:88:0b:-41,f8:0b:cb:f3:88:0c:-41,f8:0b:cb:f3:88:0d:-41
4/17/2026 1:29,A409,f8:0b:cb:f3:88:05:-27,f8:0b:cb:f3:88:0a:-40,f8:0b:cb:f3:88:0b:-41,f8:0b:cb:f3:88:0c:-41,f8:0b:cb:f3:88:0d:-41
4/17/2026 1:29,A409,f8:0b:cb:f3:88:05:-30,f8:0b:cb:f3:88:0f:-45,f8:0b:cb:f3:88:0a:-46,f8:0b:cb:f3:88:0b:-46,f8:0b:cb:f3:88:0c:-46
4/17/2026 1:29,A409,f8:0b:cb:f3:88:05:-30,f8:0b:cb:f3:88:0f:-45,f8:0b:cb:f3:88:0a:-46,f8:0b:cb:f3:88:0b:-46,f8:0b:cb:f3:88:0c:-46
4/17/2026 1:29,A409,f8:0b:cb:f3:88:05:-28,f8:0b:cb:f3:88:0a:-41,f8:0b:cb:f3:88:0e:-42,f8:0b:cb:f3:88:0b:-43,f8:0b:cb:f3:88:0c:-43
4/17/2026 1:29,A409,f8:0b:cb:f3:88:05:-28,f8:0b:cb:f3:88:0a:-41,f8:0b:cb:f3:88:0e:-42,f8:0b:cb:f3:88:0b:-43,f8:0b:cb:f3:88:0c:-43
4/17/2026 1:29,A409,f8:0b:cb:f3:88:05:-28,f8:0b:cb:f3:88:0a:-41,f8:0b:cb:f3:88:0e:-42,f8:0b:cb:f3:88:0b:-43,f8:0b:cb:f3:88:0c:-43
4/17/2026 1:29,A409,f8:0b:cb:f3:88:05:-23,f8:0b:cb:f3:88:0a:-45,f8:0b:cb:f3:88:0b:-45,f8:0b:cb:f3:88:0c:-45,f8:0b:cb:f3:88:0d:-45
4/17/2026 1:29,A409,f8:0b:cb:f3:88:05:-23,f8:0b:cb:f3:88:0a:-45,f8:0b:cb:f3:88:0b:-45,f8:0b:cb:f3:88:0c:-45,f8:0b:cb:f3:88:0d:-45
4/17/2026 9:49,B401,4a:ea:62:7d:97:07:-44,40:01:7a:53:97:cb:-50,40:01:7a:53:97:cc:-50,40:01:7a:53:97:cd:-50,40:01:7a:53:97:ce:-50
4/17/2026 9:49,B401,4a:ea:62:7d:97:07:-45,40:01:7a:53:97:cc:-48,40:01:7a:53:97:cd:-48,40:01:7a:53:97:ce:-48,40:01:7a:53:97:ca:-48
4/17/2026 9:49,B401,4a:ea:62:7d:97:07:-45,40:01:7a:53:97:cc:-48,40:01:7a:53:97:cd:-48,40:01:7a:53:97:ce:-48,40:01:7a:53:97:ca:-48
4/17/2026 9:49,B401,4a:ea:62:7d:97:07:-41,76:7f:f0:12:cf:81:-47,76:7f:f0:12:cf:84:-47,72:7f:f0:12:cf:80:-48,72:7f:f0:12:cf:83:-49
4/17/2026 9:49,B401,4a:ea:62:7d:97:07:-41,76:7f:f0:12:cf:81:-47,76:7f:f0:12:cf:84:-47,72:7f:f0:12:cf:80:-48,72:7f:f0:12:cf:83:-49
4/17/2026 9:49,B401,4a:ea:62:7d:97:07:-41,76:7f:f0:12:cf:81:-47,76:7f:f0:12:cf:84:-47,72:7f:f0:12:cf:80:-48,72:7f:f0:12:cf:83:-49
4/17/2026 9:49,B401,4a:ea:62:7d:97:07:-41,76:7f:f0:12:cf:81:-47,76:7f:f0:12:cf:84:-47,72:7f:f0:12:cf:80:-48,72:7f:f0:12:cf:83:-49
4/17/2026 9:49,B401,72:7f:f0:12:cf:83:-41,40:01:7a:53:97:cb:-44,40:01:7a:53:97:cc:-44,40:01:7a:53:97:cd:-44,40:01:7a:53:97:ce:-44
4/17/2026 9:49,B401,72:7f:f0:12:cf:83:-41,40:01:7a:53:97:cb:-44,40:01:7a:53:97:cc:-44,40:01:7a:53:97:cd:-44,40:01:7a:53:97:ce:-44
4/17/2026 9:49,B401,40:01:7a:53:97:cd:-41,40:01:7a:53:97:ce:-41,40:01:7a:53:97:ca:-41,40:01:7a:53:97:cf:-41,40:01:7a:53:97:c5:-41
4/17/2026 9:49,B401,40:01:7a:53:97:cd:-41,40:01:7a:53:97:ce:-41,40:01:7a:53:97:ca:-41,40:01:7a:53:97:cf:-41,40:01:7a:53:97:c5:-41
4/17/2026 9:50,B401,40:01:7a:53:97:cd:-41,40:01:7a:53:97:ce:-41,40:01:7a:53:97:ca:-41,40:01:7a:53:97:cf:-41,40:01:7a:53:97:c5:-41
4/17/2026 9:50,B401,40:01:7a:53:97:cb:-43,40:01:7a:53:97:cc:-43,40:01:7a:53:97:cd:-43,40:01:7a:53:97:ce:-43,40:01:7a:53:97:ca:-43
4/17/2026 9:50,B401,40:01:7a:53:97:cb:-43,40:01:7a:53:97:cc:-43,40:01:7a:53:97:cd:-43,40:01:7a:53:97:ce:-43,40:01:7a:53:97:ca:-43
4/17/2026 9:50,B401,40:01:7a:53:97:cb:-43,40:01:7a:53:97:cc:-43,40:01:7a:53:97:cd:-43,40:01:7a:53:97:ce:-43,40:01:7a:53:97:ca:-43
4/17/2026 9:50,B401,40:01:7a:53:97:c3:-40,40:01:7a:53:97:c4:-40,40:01:7a:53:97:c5:-40,40:01:7a:53:97:c0:-40,72:7f:f0:12:cf:80:-43
4/17/2026 9:50,B401,40:01:7a:53:97:c3:-40,40:01:7a:53:97:c4:-40,40:01:7a:53:97:c5:-40,40:01:7a:53:97:c0:-40,72:7f:f0:12:cf:80:-43
4/17/2026 9:50,B401,40:01:7a:53:97:c3:-40,40:01:7a:53:97:c4:-40,40:01:7a:53:97:c5:-40,40:01:7a:53:97:c0:-40,72:7f:f0:12:cf:80:-43
4/17/2026 9:50,B401,40:01:7a:53:97:c3:-40,40:01:7a:53:97:c4:-40,40:01:7a:53:97:c5:-40,40:01:7a:53:97:c0:-40,72:7f:f0:12:cf:80:-43
4/17/2026 9:50,B401,40:01:7a:53:97:cd:-41,40:01:7a:53:97:c5:-41,40:01:7a:53:97:cc:-42,40:01:7a:53:97:c2:-42,40:01:7a:53:97:c3:-42
4/17/2026 9:50,B401,40:01:7a:53:97:cd:-41,40:01:7a:53:97:c5:-41,40:01:7a:53:97:cc:-42,40:01:7a:53:97:c2:-42,40:01:7a:53:97:c3:-42
4/17/2026 9:50,B401,40:01:7a:53:97:cd:-41,40:01:7a:53:97:c5:-41,40:01:7a:53:97:cc:-42,40:01:7a:53:97:c2:-42,40:01:7a:53:97:c3:-42
4/17/2026 9:50,B401,40:01:7a:53:97:c3:-37,40:01:7a:53:97:c2:-38,40:01:7a:53:97:c4:-38,40:01:7a:53:97:c5:-38,72:7f:f0:12:cf:80:-43
4/17/2026 9:50,B401,40:01:7a:53:97:c3:-37,40:01:7a:53:97:c2:-38,40:01:7a:53:97:c4:-38,40:01:7a:53:97:c5:-38,72:7f:f0:12:cf:80:-43
4/17/2026 9:50,B401,40:01:7a:53:97:c5:-37,40:01:7a:53:97:c3:-38,40:01:7a:53:97:c4:-38,4a:ea:62:7d:97:07:-46,72:7f:f0:12:cf:83:-49
4/17/2026 9:50,B401,40:01:7a:53:97:c5:-37,40:01:7a:53:97:c3:-38,40:01:7a:53:97:c4:-38,4a:ea:62:7d:97:07:-46,72:7f:f0:12:cf:83:-49
4/17/2026 9:50,B401,40:01:7a:53:97:c5:-37,40:01:7a:53:97:c3:-38,40:01:7a:53:97:c4:-38,4a:ea:62:7d:97:07:-46,72:7f:f0:12:cf:83:-49
4/17/2026 9:50,B401,40:01:7a:53:97:c5:-41,40:01:7a:53:97:cb:-42,40:01:7a:53:97:cc:-42,40:01:7a:53:97:cd:-42,40:01:7a:53:97:ce:-42
4/17/2026 9:50,B401,40:01:7a:53:97:c5:-41,40:01:7a:53:97:cb:-42,40:01:7a:53:97:cc:-42,40:01:7a:53:97:cd:-42,40:01:7a:53:97:ce:-42
4/17/2026 9:50,B401,40:01:7a:53:97:c2:-41,40:01:7a:53:97:c5:-41,40:01:7a:53:97:cb:-43,40:01:7a:53:97:cc:-43,40:01:7a:53:97:cd:-43
4/17/2026 9:50,B401,40:01:7a:53:97:c2:-41,40:01:7a:53:97:c5:-41,40:01:7a:53:97:cb:-43,40:01:7a:53:97:cc:-43,40:01:7a:53:97:cd:-43
4/17/2026 9:50,B401,40:01:7a:53:97:cb:-42,40:01:7a:53:97:cc:-42,40:01:7a:53:97:cd:-42,40:01:7a:53:97:ce:-42,40:01:7a:53:97:ca:-42
4/17/2026 9:50,B401,40:01:7a:53:97:cb:-42,40:01:7a:53:97:cc:-42,40:01:7a:53:97:cd:-42,40:01:7a:53:97:ce:-42,40:01:7a:53:97:ca:-42
4/17/2026 9:50,B401,40:01:7a:53:97:c4:-40,40:01:7a:53:97:c5:-40,40:01:7a:53:97:c2:-42,40:01:7a:53:97:c3:-42,40:01:7a:53:97:cb:-46
4/17/2026 9:50,B401,40:01:7a:53:97:c4:-40,40:01:7a:53:97:c5:-40,40:01:7a:53:97:c2:-42,40:01:7a:53:97:c3:-42,40:01:7a:53:97:cb:-46
4/17/2026 9:50,B401,40:01:7a:53:97:c4:-40,40:01:7a:53:97:c5:-40,40:01:7a:53:97:c2:-42,40:01:7a:53:97:c3:-42,40:01:7a:53:97:cb:-46
4/17/2026 9:50,B401,40:01:7a:53:97:c3:-42,40:01:7a:53:97:c5:-42,40:01:7a:53:97:c2:-43,40:01:7a:53:97:cb:-44,40:01:7a:53:97:cc:-44
4/17/2026 9:50,B401,40:01:7a:53:97:c3:-42,40:01:7a:53:97:c5:-42,40:01:7a:53:97:c2:-43,40:01:7a:53:97:cb:-44,40:01:7a:53:97:cc:-44
4/17/2026 9:50,B401,40:01:7a:53:97:c3:-42,40:01:7a:53:97:c5:-42,40:01:7a:53:97:c2:-43,40:01:7a:53:97:cb:-44,40:01:7a:53:97:cc:-44
4/17/2026 9:50,B401,40:01:7a:53:97:c3:-42,40:01:7a:53:97:c5:-42,40:01:7a:53:97:c2:-43,40:01:7a:53:97:cb:-44,40:01:7a:53:97:cc:-44
4/17/2026 9:50,B401,72:7f:f0:12:cf:83:-43,72:7f:f0:12:cf:80:-43,72:7f:f0:12:cf:84:-44,40:01:7a:53:97:cb:-45,40:01:7a:53:97:ce:-45
4/17/2026 9:50,B401,72:7f:f0:12:cf:83:-43,72:7f:f0:12:cf:80:-43,72:7f:f0:12:cf:84:-44,40:01:7a:53:97:cb:-45,40:01:7a:53:97:ce:-45
4/17/2026 9:51,B401,72:7f:f0:12:cf:83:-43,72:7f:f0:12:cf:80:-43,72:7f:f0:12:cf:84:-44,40:01:7a:53:97:cb:-45,40:01:7a:53:97:ce:-45
4/17/2026 9:51,B401,40:01:7a:53:97:cb:-40,40:01:7a:53:97:cc:-40,40:01:7a:53:97:cd:-40,40:01:7a:53:97:ce:-40,40:01:7a:53:97:ca:-40
4/17/2026 9:51,B401,40:01:7a:53:97:cb:-40,40:01:7a:53:97:cc:-40,40:01:7a:53:97:cd:-40,40:01:7a:53:97:ce:-40,40:01:7a:53:97:ca:-40
4/17/2026 9:51,B401,40:01:7a:53:97:cb:-40,40:01:7a:53:97:cc:-40,40:01:7a:53:97:cd:-40,40:01:7a:53:97:ce:-40,40:01:7a:53:97:ca:-40
4/17/2026 9:51,B401,40:01:7a:53:97:cc:-43,40:01:7a:53:97:ca:-43,40:01:7a:53:97:c4:-43,40:01:7a:53:97:cb:-44,40:01:7a:53:97:cd:-44
4/17/2026 9:51,B401,40:01:7a:53:97:cc:-43,40:01:7a:53:97:ca:-43,40:01:7a:53:97:c4:-43,40:01:7a:53:97:cb:-44,40:01:7a:53:97:cd:-44
4/17/2026 9:51,B401,40:01:7a:53:97:cc:-43,40:01:7a:53:97:ca:-43,40:01:7a:53:97:c4:-43,40:01:7a:53:97:cb:-44,40:01:7a:53:97:cd:-44
4/17/2026 9:51,B401,72:7f:f0:12:cf:80:-44,40:01:7a:53:97:cf:-44,40:01:7a:53:97:c2:-44,40:01:7a:53:97:c3:-44,40:01:7a:53:97:c4:-44
4/17/2026 9:51,B401,72:7f:f0:12:cf:80:-44,40:01:7a:53:97:cf:-44,40:01:7a:53:97:c2:-44,40:01:7a:53:97:c3:-44,40:01:7a:53:97:c4:-44
4/17/2026 9:51,B401,72:7f:f0:12:cf:80:-44,40:01:7a:53:97:cf:-44,40:01:7a:53:97:c2:-44,40:01:7a:53:97:c3:-44,40:01:7a:53:97:c4:-44
4/17/2026 9:51,B401,40:01:7a:53:97:c4:-43,40:01:7a:53:97:c2:-44,40:01:7a:53:97:c3:-44,72:7f:f0:12:cf:84:-45,72:7f:f0:12:cf:83:-45
4/17/2026 9:51,B401,40:01:7a:53:97:c4:-43,40:01:7a:53:97:c2:-44,40:01:7a:53:97:c3:-44,72:7f:f0:12:cf:84:-45,72:7f:f0:12:cf:83:-45
4/17/2026 9:51,B401,40:01:7a:53:97:c4:-43,40:01:7a:53:97:c2:-44,40:01:7a:53:97:c3:-44,72:7f:f0:12:cf:84:-45,72:7f:f0:12:cf:83:-45
4/17/2026 9:51,B401,72:7f:f0:12:cf:80:-44,40:01:7a:53:97:c2:-44,40:01:7a:53:97:c3:-44,40:01:7a:53:97:c4:-44,40:01:7a:53:97:c5:-44
4/17/2026 9:51,B401,72:7f:f0:12:cf:80:-44,40:01:7a:53:97:c2:-44,40:01:7a:53:97:c3:-44,40:01:7a:53:97:c4:-44,40:01:7a:53:97:c5:-44
4/17/2026 9:51,B401,72:7f:f0:12:cf:83:-45,40:01:7a:53:97:cb:-46,40:01:7a:53:97:cc:-46,40:01:7a:53:97:cd:-46,40:01:7a:53:97:ce:-46
4/17/2026 9:51,B401,72:7f:f0:12:cf:83:-45,40:01:7a:53:97:cb:-46,40:01:7a:53:97:cc:-46,40:01:7a:53:97:cd:-46,40:01:7a:53:97:ce:-46
4/17/2026 9:51,B401,72:7f:f0:12:cf:83:-45,40:01:7a:53:97:cb:-46,40:01:7a:53:97:cc:-46,40:01:7a:53:97:cd:-46,40:01:7a:53:97:ce:-46
4/17/2026 9:51,B401,72:7f:f0:12:cf:83:-45,40:01:7a:53:97:cb:-46,40:01:7a:53:97:cc:-46,40:01:7a:53:97:cd:-46,40:01:7a:53:97:ce:-46
4/17/2026 9:51,B401,40:01:7a:53:97:ce:-42,40:01:7a:53:97:cb:-43,40:01:7a:53:97:cc:-43,40:01:7a:53:97:cd:-43,40:01:7a:53:97:ca:-43
4/17/2026 9:51,B401,40:01:7a:53:97:ce:-42,40:01:7a:53:97:cb:-43,40:01:7a:53:97:cc:-43,40:01:7a:53:97:cd:-43,40:01:7a:53:97:ca:-43
4/17/2026 9:51,B401,40:01:7a:53:97:cf:-40,40:01:7a:53:97:c5:-40,40:01:7a:53:97:cb:-41,40:01:7a:53:97:cc:-41,40:01:7a:53:97:cd:-41
4/17/2026 9:51,B401,40:01:7a:53:97:cf:-40,40:01:7a:53:97:c5:-40,40:01:7a:53:97:cb:-41,40:01:7a:53:97:cc:-41,40:01:7a:53:97:cd:-41
4/17/2026 9:51,B401,40:01:7a:53:97:cf:-40,40:01:7a:53:97:c5:-40,40:01:7a:53:97:cb:-41,40:01:7a:53:97:cc:-41,40:01:7a:53:97:cd:-41
4/17/2026 9:51,B401,40:01:7a:53:97:cf:-40,40:01:7a:53:97:c5:-40,40:01:7a:53:97:cb:-41,40:01:7a:53:97:cc:-41,40:01:7a:53:97:cd:-41
4/17/2026 9:51,B401,40:01:7a:53:97:c3:-41,40:01:7a:53:97:c5:-41,72:7f:f0:12:cf:83:-43,40:01:7a:53:97:c2:-43,40:01:7a:53:97:c4:-44
4/17/2026 9:51,B401,40:01:7a:53:97:c3:-41,40:01:7a:53:97:c5:-41,72:7f:f0:12:cf:83:-43,40:01:7a:53:97:c2:-43,40:01:7a:53:97:c4:-44
4/17/2026 9:51,B401,40:01:7a:53:97:c5:-40,40:01:7a:53:97:cb:-41,40:01:7a:53:97:cd:-41,40:01:7a:53:97:ce:-41,40:01:7a:53:97:ca:-41
4/17/2026 9:51,B401,40:01:7a:53:97:c5:-40,40:01:7a:53:97:cb:-41,40:01:7a:53:97:cd:-41,40:01:7a:53:97:ce:-41,40:01:7a:53:97:ca:-41
4/17/2026 9:51,B401,40:01:7a:53:97:ce:-40,40:01:7a:53:97:cf:-40,40:01:7a:53:97:cd:-41,40:01:7a:53:97:ca:-41,40:01:7a:53:97:cb:-42
4/17/2026 9:56,A412,40:01:7a:53:97:2d:-42,40:01:7a:53:97:2c:-42,40:01:7a:53:97:2b:-42,40:01:7a:53:97:2a:-42,40:01:7a:53:97:2f:-42
4/17/2026 9:56,A412,40:01:7a:53:97:2d:-51,40:01:7a:53:97:2c:-51,40:01:7a:53:97:2b:-51,40:01:7a:53:97:2e:-51,40:01:7a:53:97:2a:-52
4/17/2026 9:56,A412,40:01:7a:53:97:2d:-51,40:01:7a:53:97:2c:-51,40:01:7a:53:97:2b:-51,40:01:7a:53:97:2e:-51,40:01:7a:53:97:2a:-52
4/17/2026 9:56,A412,40:01:7a:53:97:2d:-51,40:01:7a:53:97:2c:-51,40:01:7a:53:97:2b:-51,40:01:7a:53:97:2e:-51,40:01:7a:53:97:2a:-52
4/17/2026 9:56,A412,f8:0b:cb:f3:88:03:-49,f8:0b:cb:f3:88:04:-49,f8:0b:cb:f3:88:05:-49,40:01:7a:53:97:2d:-50,40:01:7a:53:97:2c:-50
4/17/2026 9:57,A412,f8:0b:cb:f3:88:03:-49,f8:0b:cb:f3:88:04:-49,f8:0b:cb:f3:88:05:-49,40:01:7a:53:97:2d:-50,40:01:7a:53:97:2c:-50
4/17/2026 9:57,A412,40:01:7a:53:97:20:-39,40:01:7a:53:97:21:-39,40:01:7a:53:97:2d:-46,40:01:7a:53:97:2c:-46,40:01:7a:53:97:2b:-46
4/17/2026 9:57,A412,40:01:7a:53:97:20:-39,40:01:7a:53:97:21:-39,40:01:7a:53:97:2d:-46,40:01:7a:53:97:2c:-46,40:01:7a:53:97:2b:-46
4/17/2026 9:57,A412,40:01:7a:53:97:20:-39,40:01:7a:53:97:21:-39,40:01:7a:53:97:2d:-46,40:01:7a:53:97:2c:-46,40:01:7a:53:97:2b:-46
4/17/2026 9:57,A412,40:01:7a:53:97:2c:-43,40:01:7a:53:97:2b:-43,40:01:7a:53:97:2a:-43,40:01:7a:53:97:2f:-43,40:01:7a:53:97:2e:-43
4/17/2026 9:57,A412,40:01:7a:53:97:2c:-43,40:01:7a:53:97:2b:-43,40:01:7a:53:97:2a:-43,40:01:7a:53:97:2f:-43,40:01:7a:53:97:2e:-43
4/17/2026 9:57,A412,40:01:7a:53:97:2d:-44,40:01:7a:53:97:2c:-44,40:01:7a:53:97:2b:-44,40:01:7a:53:97:2a:-44,40:01:7a:53:97:2f:-44
4/17/2026 9:57,A412,40:01:7a:53:97:2d:-44,40:01:7a:53:97:2c:-44,40:01:7a:53:97:2b:-44,40:01:7a:53:97:2a:-44,40:01:7a:53:97:2f:-44
4/17/2026 9:57,A412,40:01:7a:53:97:2d:-44,40:01:7a:53:97:2c:-44,40:01:7a:53:97:2b:-44,40:01:7a:53:97:2a:-44,40:01:7a:53:97:2f:-44
4/17/2026 9:57,A412,40:01:7a:53:97:2d:-44,40:01:7a:53:97:2c:-44,40:01:7a:53:97:2b:-44,40:01:7a:53:97:2a:-44,40:01:7a:53:97:2f:-44
4/17/2026 9:57,A412,40:01:7a:53:97:2d:-44,40:01:7a:53:97:2c:-44,40:01:7a:53:97:2b:-44,40:01:7a:53:97:2a:-44,40:01:7a:53:97:2f:-44
4/17/2026 9:57,A412,40:01:7a:53:97:2d:-44,40:01:7a:53:97:2c:-44,40:01:7a:53:97:2b:-44,40:01:7a:53:97:2a:-44,40:01:7a:53:97:2f:-44
4/17/2026 9:57,A412,40:01:7a:53:97:2d:-44,40:01:7a:53:97:2c:-44,40:01:7a:53:97:2b:-44,40:01:7a:53:97:2a:-44,40:01:7a:53:97:2f:-44
4/17/2026 9:57,A412,40:01:7a:53:97:2d:-44,40:01:7a:53:97:2c:-44,40:01:7a:53:97:2b:-44,40:01:7a:53:97:2a:-44,40:01:7a:53:97:2f:-44
4/17/2026 9:57,A412,40:01:7a:53:97:2d:-44,40:01:7a:53:97:2c:-44,40:01:7a:53:97:2b:-44,40:01:7a:53:97:2a:-44,40:01:7a:53:97:2f:-44
4/17/2026 9:57,A412,40:01:7a:53:97:2d:-44,40:01:7a:53:97:2c:-44,40:01:7a:53:97:2b:-44,40:01:7a:53:97:2a:-44,40:01:7a:53:97:2f:-44
4/17/2026 9:57,A412,40:01:7a:53:97:2d:-44,40:01:7a:53:97:2c:-44,40:01:7a:53:97:2b:-44,40:01:7a:53:97:2a:-44,40:01:7a:53:97:2f:-44
4/17/2026 9:57,A412,40:01:7a:53:97:2d:-45,40:01:7a:53:97:2c:-45,40:01:7a:53:97:2b:-45,40:01:7a:53:97:2a:-45,40:01:7a:53:97:2f:-45
4/17/2026 9:57,A412,40:01:7a:53:97:2d:-45,40:01:7a:53:97:2c:-45,40:01:7a:53:97:2b:-45,40:01:7a:53:97:2a:-45,40:01:7a:53:97:2f:-45
4/17/2026 9:57,A412,40:01:7a:53:97:2d:-45,40:01:7a:53:97:2c:-45,40:01:7a:53:97:2b:-45,40:01:7a:53:97:2a:-45,40:01:7a:53:97:2f:-45
4/17/2026 9:57,A412,40:01:7a:53:97:2f:-45,40:01:7a:53:97:2a:-46,40:01:7a:53:97:2d:-47,40:01:7a:53:97:2c:-47,40:01:7a:53:97:2b:-47
4/17/2026 9:57,A412,40:01:7a:53:97:2d:-44,40:01:7a:53:97:2c:-45,40:01:7a:53:97:2b:-45,40:01:7a:53:97:2a:-45,40:01:7a:53:97:2f:-45
4/17/2026 9:57,A412,40:01:7a:53:97:2d:-44,40:01:7a:53:97:2c:-45,40:01:7a:53:97:2b:-45,40:01:7a:53:97:2a:-45,40:01:7a:53:97:2f:-45
4/17/2026 9:57,A412,40:01:7a:53:97:2d:-44,40:01:7a:53:97:2c:-45,40:01:7a:53:97:2b:-45,40:01:7a:53:97:2a:-45,40:01:7a:53:97:2f:-45
4/17/2026 9:57,A412,40:01:7a:53:97:2d:-44,40:01:7a:53:97:2c:-44,40:01:7a:53:97:2b:-44,40:01:7a:53:97:2a:-44,40:01:7a:53:97:2f:-44
4/17/2026 9:57,A412,40:01:7a:53:97:2d:-44,40:01:7a:53:97:2c:-44,40:01:7a:53:97:2b:-44,40:01:7a:53:97:2a:-44,40:01:7a:53:97:2f:-44
4/17/2026 9:57,A412,40:01:7a:53:97:2d:-44,40:01:7a:53:97:2c:-44,40:01:7a:53:97:2b:-44,40:01:7a:53:97:2a:-44,40:01:7a:53:97:2f:-44
4/17/2026 9:57,A412,40:01:7a:53:97:2d:-44,40:01:7a:53:97:2c:-44,40:01:7a:53:97:2b:-44,40:01:7a:53:97:2a:-44,40:01:7a:53:97:2f:-44
4/17/2026 9:58,A412,40:01:7a:53:97:2d:-44,40:01:7a:53:97:2c:-44,40:01:7a:53:97:2b:-44,40:01:7a:53:97:2a:-44,40:01:7a:53:97:2f:-44
4/17/2026 9:58,A412,40:01:7a:53:97:2d:-44,40:01:7a:53:97:2c:-44,40:01:7a:53:97:2b:-44,40:01:7a:53:97:2a:-44,40:01:7a:53:97:2f:-44
4/17/2026 9:58,A412,40:01:7a:53:97:2d:-45,40:01:7a:53:97:2c:-45,40:01:7a:53:97:2b:-45,40:01:7a:53:97:2a:-45,40:01:7a:53:97:2f:-45
4/17/2026 9:58,A412,40:01:7a:53:97:2d:-45,40:01:7a:53:97:2c:-45,40:01:7a:53:97:2b:-45,40:01:7a:53:97:2a:-45,40:01:7a:53:97:2f:-45
4/17/2026 9:58,A412,40:01:7a:53:97:2d:-45,40:01:7a:53:97:2c:-45,40:01:7a:53:97:2b:-45,40:01:7a:53:97:2a:-45,40:01:7a:53:97:2f:-45
4/17/2026 9:58,A412,40:01:7a:53:97:24:-40,40:01:7a:53:97:23:-40,40:01:7a:53:97:25:-40,40:01:7a:53:97:2d:-43,40:01:7a:53:97:2b:-43
4/17/2026 9:58,A412,40:01:7a:53:97:24:-40,40:01:7a:53:97:23:-40,40:01:7a:53:97:25:-40,40:01:7a:53:97:2d:-43,40:01:7a:53:97:2b:-43
4/17/2026 9:58,A412,40:01:7a:53:97:24:-40,40:01:7a:53:97:23:-40,40:01:7a:53:97:25:-40,40:01:7a:53:97:2d:-43,40:01:7a:53:97:2b:-43
4/17/2026 9:58,A412,40:01:7a:53:97:24:-40,40:01:7a:53:97:2a:-41,40:01:7a:53:97:25:-41,40:01:7a:53:97:2d:-43,40:01:7a:53:97:2b:-43
4/17/2026 9:58,A412,40:01:7a:53:97:24:-40,40:01:7a:53:97:2a:-41,40:01:7a:53:97:25:-41,40:01:7a:53:97:2d:-43,40:01:7a:53:97:2b:-43
4/17/2026 9:58,A412,40:01:7a:53:97:24:-40,40:01:7a:53:97:2a:-41,40:01:7a:53:97:25:-41,40:01:7a:53:97:2d:-43,40:01:7a:53:97:2b:-43
4/17/2026 9:58,A412,40:01:7a:53:97:23:-41,40:01:7a:53:97:22:-41,40:01:7a:53:97:2a:-42,40:01:7a:53:97:21:-42,40:01:7a:53:97:24:-44
4/17/2026 9:58,A412,40:01:7a:53:97:23:-41,40:01:7a:53:97:22:-41,40:01:7a:53:97:2a:-42,40:01:7a:53:97:21:-42,40:01:7a:53:97:24:-44
4/17/2026 9:58,A412,40:01:7a:53:97:23:-41,40:01:7a:53:97:22:-41,40:01:7a:53:97:2a:-42,40:01:7a:53:97:21:-42,40:01:7a:53:97:24:-44
4/17/2026 9:58,A412,40:01:7a:53:97:2a:-44,40:01:7a:53:97:2f:-44,40:01:7a:53:97:2e:-44,40:01:7a:53:97:2d:-45,40:01:7a:53:97:2c:-45
4/17/2026 9:58,A412,40:01:7a:53:97:2a:-44,40:01:7a:53:97:2f:-44,40:01:7a:53:97:2e:-44,40:01:7a:53:97:2d:-45,40:01:7a:53:97:2c:-45
4/17/2026 9:58,A410,40:01:7a:53:97:22:-38,40:01:7a:53:97:21:-38,40:01:7a:53:97:20:-39,40:01:7a:53:97:23:-39,40:01:7a:53:97:25:-39
4/17/2026 9:58,A410,40:01:7a:53:97:22:-33,40:01:7a:53:97:21:-33,40:01:7a:53:97:23:-34,40:01:7a:53:97:2d:-46,40:01:7a:53:97:2a:-46
4/17/2026 9:58,A410,40:01:7a:53:97:22:-33,40:01:7a:53:97:21:-33,40:01:7a:53:97:23:-34,40:01:7a:53:97:2d:-46,40:01:7a:53:97:2a:-46
4/17/2026 9:58,A410,40:01:7a:53:97:20:-35,40:01:7a:53:97:24:-35,40:01:7a:53:97:23:-35,40:01:7a:53:97:22:-35,40:01:7a:53:97:21:-35
4/17/2026 9:58,A410,40:01:7a:53:97:20:-35,40:01:7a:53:97:24:-35,40:01:7a:53:97:23:-35,40:01:7a:53:97:22:-35,40:01:7a:53:97:21:-35
4/17/2026 9:58,A410,40:01:7a:53:97:20:-35,40:01:7a:53:97:24:-35,40:01:7a:53:97:23:-35,40:01:7a:53:97:22:-35,40:01:7a:53:97:21:-35
4/17/2026 9:58,A410,40:01:7a:53:97:23:-34,40:01:7a:53:97:22:-34,40:01:7a:53:97:21:-34,40:01:7a:53:97:20:-35,40:01:7a:53:97:2a:-44
4/17/2026 9:58,A410,40:01:7a:53:97:23:-34,40:01:7a:53:97:22:-34,40:01:7a:53:97:21:-34,40:01:7a:53:97:20:-35,40:01:7a:53:97:2a:-44
4/17/2026 9:58,A410,40:01:7a:53:97:23:-34,40:01:7a:53:97:22:-34,40:01:7a:53:97:21:-34,40:01:7a:53:97:20:-35,40:01:7a:53:97:2a:-44
4/17/2026 9:59,A410,40:01:7a:53:97:23:-34,40:01:7a:53:97:22:-34,40:01:7a:53:97:21:-34,40:01:7a:53:97:20:-35,40:01:7a:53:97:2a:-44
4/17/2026 9:59,A410,40:01:7a:53:97:25:-35,40:01:7a:53:97:23:-37,40:01:7a:53:97:22:-37,40:01:7a:53:97:21:-37,40:01:7a:53:97:24:-38
4/17/2026 9:59,A410,40:01:7a:53:97:25:-35,40:01:7a:53:97:23:-37,40:01:7a:53:97:22:-37,40:01:7a:53:97:21:-37,40:01:7a:53:97:24:-38
4/17/2026 9:59,A410,40:01:7a:53:97:22:-36,40:01:7a:53:97:24:-37,40:01:7a:53:97:23:-37,40:01:7a:53:97:21:-37,40:01:7a:53:97:25:-37
4/17/2026 9:59,A410,40:01:7a:53:97:22:-36,40:01:7a:53:97:24:-37,40:01:7a:53:97:23:-37,40:01:7a:53:97:21:-37,40:01:7a:53:97:25:-37
4/17/2026 9:59,A410,40:01:7a:53:97:22:-36,40:01:7a:53:97:24:-37,40:01:7a:53:97:23:-37,40:01:7a:53:97:21:-37,40:01:7a:53:97:25:-37
4/17/2026 9:59,A410,40:01:7a:53:97:22:-36,40:01:7a:53:97:24:-37,40:01:7a:53:97:23:-37,40:01:7a:53:97:21:-37,40:01:7a:53:97:25:-37
4/17/2026 9:59,A410,40:01:7a:53:97:20:-36,40:01:7a:53:97:24:-36,40:01:7a:53:97:23:-36,40:01:7a:53:97:22:-36,40:01:7a:53:97:21:-36
4/17/2026 9:59,A410,40:01:7a:53:97:20:-36,40:01:7a:53:97:24:-36,40:01:7a:53:97:23:-36,40:01:7a:53:97:22:-36,40:01:7a:53:97:21:-36
4/17/2026 9:59,A410,40:01:7a:53:97:20:-36,40:01:7a:53:97:24:-36,40:01:7a:53:97:23:-36,40:01:7a:53:97:22:-36,40:01:7a:53:97:21:-36
4/17/2026 9:59,A410,40:01:7a:53:97:20:-35,40:01:7a:53:97:23:-35,40:01:7a:53:97:22:-35,40:01:7a:53:97:21:-35,40:01:7a:53:97:2d:-44
4/17/2026 9:59,A410,40:01:7a:53:97:20:-35,40:01:7a:53:97:23:-35,40:01:7a:53:97:22:-35,40:01:7a:53:97:21:-35,40:01:7a:53:97:2d:-44
4/17/2026 9:59,A410,40:01:7a:53:97:20:-35,40:01:7a:53:97:23:-35,40:01:7a:53:97:22:-35,40:01:7a:53:97:21:-35,40:01:7a:53:97:2d:-44
4/17/2026 9:59,A410,40:01:7a:53:97:20:-34,40:01:7a:53:97:22:-34,40:01:7a:53:97:21:-34,40:01:7a:53:97:24:-35,40:01:7a:53:97:23:-35
4/17/2026 9:59,A410,40:01:7a:53:97:20:-34,40:01:7a:53:97:22:-34,40:01:7a:53:97:21:-34,40:01:7a:53:97:24:-35,40:01:7a:53:97:23:-35
4/17/2026 9:59,A410,40:01:7a:53:97:20:-34,40:01:7a:53:97:22:-34,40:01:7a:53:97:21:-34,40:01:7a:53:97:24:-35,40:01:7a:53:97:23:-35
4/17/2026 9:59,A410,40:01:7a:53:97:20:-35,40:01:7a:53:97:24:-35,40:01:7a:53:97:22:-35,40:01:7a:53:97:21:-35,40:01:7a:53:97:25:-35
4/17/2026 9:59,A410,40:01:7a:53:97:20:-35,40:01:7a:53:97:24:-35,40:01:7a:53:97:22:-35,40:01:7a:53:97:21:-35,40:01:7a:53:97:25:-35
4/17/2026 9:59,A410,40:01:7a:53:97:2c:-43,40:01:7a:53:97:2b:-43,40:01:7a:53:97:2d:-44,40:01:7a:53:97:2a:-44,40:01:7a:53:97:2f:-44
4/17/2026 9:59,A410,40:01:7a:53:97:2c:-43,40:01:7a:53:97:2b:-43,40:01:7a:53:97:2d:-44,40:01:7a:53:97:2a:-44,40:01:7a:53:97:2f:-44
4/17/2026 9:59,A410,40:01:7a:53:97:2c:-43,40:01:7a:53:97:2b:-43,40:01:7a:53:97:2d:-44,40:01:7a:53:97:2a:-44,40:01:7a:53:97:2f:-44
4/17/2026 9:59,A410,40:01:7a:53:97:20:-36,40:01:7a:53:97:23:-36,40:01:7a:53:97:22:-36,40:01:7a:53:97:21:-36,40:01:7a:53:97:25:-36
4/17/2026 9:59,A410,40:01:7a:53:97:20:-36,40:01:7a:53:97:23:-36,40:01:7a:53:97:22:-36,40:01:7a:53:97:21:-36,40:01:7a:53:97:25:-36
4/17/2026 9:59,A410,40:01:7a:53:97:20:-36,40:01:7a:53:97:23:-36,40:01:7a:53:97:22:-36,40:01:7a:53:97:21:-36,40:01:7a:53:97:25:-36
4/17/2026 9:59,A410,40:01:7a:53:97:24:-35,40:01:7a:53:97:23:-35,40:01:7a:53:97:22:-35,40:01:7a:53:97:21:-35,40:01:7a:53:97:20:-36
4/17/2026 9:59,A410,40:01:7a:53:97:24:-35,40:01:7a:53:97:23:-35,40:01:7a:53:97:22:-35,40:01:7a:53:97:21:-35,40:01:7a:53:97:20:-36
4/17/2026 9:59,A410,40:01:7a:53:97:24:-35,40:01:7a:53:97:23:-35,40:01:7a:53:97:22:-35,40:01:7a:53:97:21:-35,40:01:7a:53:97:20:-36
4/17/2026 9:59,A410,40:01:7a:53:97:24:-35,40:01:7a:53:97:23:-35,40:01:7a:53:97:22:-35,40:01:7a:53:97:21:-35,40:01:7a:53:97:20:-36
4/17/2026 10:16,current,f8:0b:cb:f3:88:05:-50,f8:0b:cb:f3:88:03:-51,f8:0b:cb:f3:88:04:-51,40:01:7a:53:97:20:-52,40:01:7a:53:97:24:-52
